movie_id,title,overview,vote_average,poster_path,genres,director,actors,vader_sentiment
1339713,Obsession,"After breaking the mysterious ""One Wish Willow"" to win his crush's heart, a hopeless romantic finds himself getting exactly what he asked for but soon discovers that some desires come at a dark, sinister price.",8.203,/bRwnj8WEKBCvmfeUNOukJPwB43K.jpg,Horror|Thriller,Curry Barker,Michael Johnston|Inde Navarrette|Cooper Tomlinson|Megan Lawless|Andy Richter,-0.5023
1202033,Enola Holmes 3,"Adventure follows detective Enola Holmes to Malta, where her plans to tie the knot unravel when Sherlock's disappearance plunges her into a perilous case.",7.111,/7kRYHH9H9PjBFwz1FprbHB2AAjI.jpg,Adventure|Crime|Mystery|Action,Philip Barantini,Millie Bobby Brown|Henry Cavill|Helena Bonham Carter|Louis Partridge|Himesh Patel,0.3182
1314481,The Devil Wears Prada 2,"Andy Sachs returns to Runway as Miranda Priestly navigates a new media landscape and Runway's position within. The duo reconnect with former assistant Emily Charlton, now the head of a luxury brand that possesses funding which could ensure Runway's survival.",6.906,/fCAURTUx3YfsJ8k9I0UamjSILiR.jpg,Comedy|Drama,David Frankel,Meryl Streep|Anne Hathaway|Emily Blunt|Stanley Tucci|Kenneth Branagh,0.3818
1315772,Minions & Monsters,"This is the rambunctious, ridiculous and totally true story of how the Minions conquered Hollywood, became movie stars, lost everything, unleashed monsters onto the world and then banded together to try and save the planet from the mayhem they had just created.",6.653,/nz7i42yhLIJ4ve9JKgM6NthoLHO.jpg,Adventure|Animation|Comedy|Family|Fantasy,Pierre Coffin,Pierre Coffin|Trey Parker|Allison Janney|Christoph Waltz|Jeff Bridges,0.5413
1083381,Backrooms,A strange doorway appears in the basement of a furniture showroom.,6.858,/rhGx6E3qRNMgj3i5su2oukNHwIQ.jpg,Horror|Mystery|Science Fiction,Kane Parsons,Chiwetel Ejiofor|Renate Reinsve|Mark Duplass|Finn Bennett|Lukita Maxwell,-0.2023
1081003,Supergirl,"When an unexpected and ruthless adversary strikes too close to home, Kara Zor-El, aka Supergirl, reluctantly joins forces with an unlikely companion on an epic, interstellar journey of vengeance and justice.",6.261,/niSvU02l2BONH9ivubV6K1a5QiK.jpg,Action|Adventure|Science Fiction,Craig Gillespie,Milly Alcock|Eve Ridley|Matthias Schoenaerts|Jason Momoa|David Krumholtz,-0.0772
1084244,Toy Story 5,"When Bonnie receives a Lilypad tablet as a gift and becomes obsessed, Buzz, Woody, Jessie and the rest of the gang's jobs become exponentially harder when they have to go head to head with the all-new threat to playtime.",7.428,/pxG26JdyuiDvJbSoucknaFiLeZD.jpg,Animation|Family|Comedy|Adventure,Andrew Stanton,Tom Hanks|Tim Allen|Joan Cusack|Greta Lee|Conan O'Brien,-0.296
1301421,The Sheep Detectives,"George Hardy is a shepherd who reads detective novels to his beloved sheep every night, assuming they can't possibly understand. But when a mysterious incident disrupts life on the farm, the sheep realize they must become the detectives. As they follow the clues and investigate human suspects, they prove that even sheep can be brilliant crime-solvers.",7.759,/iKy5460GdsoknM8ppmGlJbKxAKa.jpg,Adventure|Mystery|Comedy|Family,Kyle Balda,Hugh Jackman|Julia Louis-Dreyfus|Emma Thompson|Nicholas Braun|Chris O'Dowd,0.7269
1413976,Citizen Vigilante,"A man takes justice into his own hands, hunting down criminals. His vigilante crusade makes him a social media star but puts him at odds with the local police chief.",6.637,/6LmJD3Wohe0g4U62wgi7RyJqfE4.jpg,Thriller|Action|Crime,Uwe Boll,Armie Hammer|Costas Mandylor|Désirée Giorgetti|Steffen Mennekes|Neb Chupin,-0.0387
1108427,Moana,"Moana answers the Ocean's call and, for the first time, voyages beyond the reef of her island of Motunui with the infamous demigod Maui on an unforgettable journey to restore prosperity to her people.",7.5,/zKVgiv5qHCvCLT4A2ymJi5QeXDH.jpg,Family|Fantasy|Comedy|Adventure,Thomas Kail,Catherine Lagaʻaia|Dwayne Johnson|Rena Owen|John Tui|Frankie Adams,0.296
969681,Spider-Man: Brand New Day,Fighting crime full-time as Spider-Man in a world that doesn't remember him—and the pressure of seeing his old friends move on without him—sparks a change in Peter Parker he may not have the power to control. But that transformation might also be the only thing that can stop a shocking new threat to the city and those he loves - a powerful villain no one can even see.,0.0,/yyB2VJEW3an2xCdcYCPQhn9QERR.jpg,Science Fiction|Action|Adventure,Destin Daniel Cretton,Tom Holland|Zendaya|Sadie Sink|Jacob Batalon|Jon Bernthal,-0.9091
1397385,Little Brother,"A tightly wound realtor's picture-perfect life gets an extreme makeover when his lovably chaotic ""little brother"" suddenly reappears.",6.3,/hIJpXb7Xaje2mebN9ylsS7blQzP.jpg,Comedy,Matt Spicer,John Cena|Eric André|Michelle Monaghan|Christopher Meloni|Sherry Cola,-0.4939
1368337,The Odyssey,"Odysseus, the legendary King of Ithaca, embarks on a long and perilous journey home following the Trojan War. Throughout his voyage, he is forced to confront the whims of gods, mythological monsters, and trials that stretch both his cunning and his humanity to the breaking point.",0.0,/5rhTDKUhPYvpdQIijFIs5VoWsON.jpg,Adventure|Action|Fantasy,Christopher Nolan,Matt Damon|Tom Holland|Anne Hathaway|Robert Pattinson|Lupita Nyong'o,-0.8225
687163,Project Hail Mary,"Science teacher Ryland Grace wakes up on a spaceship light years from home with no recollection of who he is or how he got there. As his memory returns, he begins to uncover his mission: solve the riddle of the mysterious substance causing the sun to die out. He must call on his scientific knowledge and unorthodox ideas to save everything on Earth from extinction.",8.683,/yihdXomYb5kTeSivtFndMy5iDmf.jpg,Science Fiction|Adventure,Phil Lord,Ryan Gosling|Sandra Hüller|James Ortiz|Lionel Boyce|Milana Vayntrub,0.1779
936075,Michael,"The story of Michael Jackson, one of the most influential artists the world has ever known, and his life beyond the music. His journey from the discovery of his extraordinary talent as the lead of the Jackson Five, to the visionary artist whose creative ambition fueled a relentless pursuit to become the biggest entertainer in the world, highlighting both his life off-stage and some of the most iconic performances from his early solo career.",8.703,/zm0KAbOjlt9eR5y7vDiL2dEOwMl.jpg,Music|Drama,Antoine Fuqua,Jaafar Jackson|Colman Domingo|Nia Long|Juliano Krue Valdi|Miles Teller,0.9336
1340206,Tuner,"A gifted piano tuner's meticulous skills for tuning pianos lead him to discover an unexpected aptitude for cracking safes, turning his life upside down.",7.157,/5OvA3i9wZs5jHu0DCrfmXlzAM67.jpg,Crime|Drama|Thriller,Daniel Roher,Leo Woodall|Havana Rose Liu|Dustin Hoffman|Lior Raz|Tovah Feldshuh,0.1027
1284465,The Death of Robin Hood,"Grappling with his past after a life of crime and murder, Robin Hood finds himself gravely injured after a battle he thought would be his last. In the hands of a mysterious woman, he is offered a chance at salvation.",6.7,/13MmRwmG5NmaMfU8qNrtgGXisiD.jpg,Adventure|Drama|Thriller|Action,Michael Sarnoski,Hugh Jackman|Jodie Comer|Bill Skarsgård|Murray Bartlett|Noah Jupe,-0.9325
1273221,Scary Movie,"Twenty-six years after outrunning a suspiciously familiar masked killer, the Core Four are back in the killer's crosshairs and no horror movie IP is safe.",5.4,/1KlYdWoOrbL5ux357rW9LC155qw.jpg,Comedy|Horror,Michael Tiddes,Marlon Wayans|Shawn Wayans|Anna Faris|Regina Hall|Damon Wayans Jr.,-0.875
1279493,The Get Out,"A nightclub owner is on the verge of leaving his dangerous past behind for retirement with his girlfriend. When masked gunmen rob him and he finds himself squeezed by ruthless cartels, a mysterious newcomer arrives with an interest in buying the business. With danger closing in from all sides, he must navigate a deadly web of deception, power, and survival  -  where escape may no longer be an option.",6.783,/A56e359GzpasjuYRajkDBhLncEW.jpg,Action|Thriller,Derrick Borte,Russell Crowe|Luke Evans|Aaron Paul|Teresa Palmer|Nina Dobrev,-0.8885
1212763,Evil Dead Burn,"After the loss of her husband, a woman seeks solace with her in-laws. As one by one they transform into deadites, she comes to discover that the vows she took in life - survive even in death.",8.0,/ztadKzIIR0ERYqpHteaPFtk7inP.jpg,Horror|Thriller,Sébastien Vaniček,Souheila Yacoub|Tandi Wright|Hunter Doohan|Luciane Buchanan|Erroll Shand,-0.7351
1275779,Disclosure Day,"A cybersecurity expert becomes a whistleblower after uncovering secrets about aliens, putting him on the run from a corporation. Meanwhile, a meteorologist experiencing strange phenomena joins forces with him to prove there's life beyond our understanding.",6.668,/7RYO0KTXIJ0rS0LqnCQLxeNR3P3.jpg,Science Fiction|Thriller,Steven Spielberg,Emily Blunt|Josh O'Connor|Colin Firth|Colman Domingo|Eve Hewson,-0.2023
1212763,Evil Dead Burn,"After the loss of her husband, a woman seeks solace with her in-laws. As one by one they transform into deadites, she comes to discover that the vows she took in life - survive even in death.",8.0,/ztadKzIIR0ERYqpHteaPFtk7inP.jpg,Horror|Thriller,Sébastien Vaniček,Souheila Yacoub|Tandi Wright|Hunter Doohan|Luciane Buchanan|Erroll Shand,-0.7351
1705729,Man of War,"When an aid worker vanishes in the first hours of war in Ukraine, a former Navy SEAL and CIA operative crosses into the shattered country to bring her home-facing mercenaries, shifting battle lines, and ghosts he thought he left behind.",0.0,/vt0RqHlqfUzeiBEVQvp43yY2076.jpg,Action,William Kaufman,LaMonica Garrett|Andrew Howard|Linds Edwards|Rosmary Yaneva|Jason Patric,-0.8625
1226863,The Super Mario Galaxy Movie,"Having thwarted Bowser's previous plot to marry Princess Peach, Mario and Luigi now face a fresh threat in Bowser Jr., who is determined to liberate his father from captivity and restore the family legacy. Alongside companions new and old, the brothers travel across the stars to stop the young heir's crusade.",8.245,/eJGWx219ZcEMVQJhAgMiqo8tYY.jpg,Family|Comedy|Adventure|Fantasy|Animation,Michael Jelenic,Chris Pratt|Anya Taylor-Joy|Charlie Day|Jack Black|Donald Glover,0.0516
1280738,The Furious,"After Wang Wei's daughter is kidnapped by a criminal network and he receives no help from the corrupt police, Wei sets out to find her himself. His only ally is Navin, a relentless journalist whose wife has mysteriously disappeared. Fueled by a furious vengeance, the unlikely duo ruthlessly battle the kidnappers in this explosive martial arts showdown.",7.7,/zP19YO60jwEsfKd5Qf1UvA5uJu8.jpg,Action|Crime,Kenji Tanigaki,Xie Miao|Joe Taslim|Yang Enyou|Yayan Ruhian|JeeJa Yanin,-0.872
614945,Voicemails for Isabelle,"A young woman's hilariously confessional voicemails to her late sister are unknowingly redirected to a stranger, who begins to fall in love from afar.",8.351,/canZTWSxACSnAluir3dCtMxKpA1.jpg,Romance|Comedy,Leah McKendrick,Zoey Deutch|Nick Robinson|Ciara Bravo|Nick Offerman|Leah McKendrick,0.6369
1122573,In the Grey,"A covert team of elite operatives are living in the shadows. When a ruthless despot steals a billion-dollar fortune, they're sent to take it back—an impossible heist that erupts into a deadly game of strategy, deception and survival.",6.761,/dQgIcW6Th08kMRf2HBoYWoFE6OD.jpg,Action|Thriller,Guy Ritchie,Henry Cavill|Jake Gyllenhaal|Eiza González|Carlos Bardem|Michael Vu,-0.7351
1266127,Ready or Not: Here I Come,"Moments after surviving an all-out attack from the Le Domas family, Grace discovers she’s reached the next level of the nightmarish game — and this time with her estranged sister Faith at her side. Grace has one chance to survive, keep her sister alive, and claim the High Seat of the Council that controls the world. Four rival families are hunting her for the throne, and whoever wins rules it all.",7.666,/jRf89HVEtBZiSnOXXWDhZOfuTwW.jpg,Thriller|Horror|Comedy,Matt Bettinelli-Olpin,Samara Weaving|Kathryn Newton|Sarah Michelle Gellar|Shawn Hatosy|Nestor Carbonell,0.9349
1325734,The Drama,A happily engaged couple is put to the test when an unexpected turn sends their wedding week off the rails.,6.938,/qhGCY6DIemLoCi7x1GuEt98m4JF.jpg,Romance|Comedy|Drama,Kristoffer Borgli,Zendaya|Robert Pattinson|Mamoudou Athie|Alana Haim|Jordyn Curet,0.743
950028,The Invite,"Joe and Angela's marriage is on thin ice. When they invite their enigmatic upstairs neighbors for a dinner party, the night spirals into unexpected places. Have they reignited the spark or lit the match that burns it all down?",7.857,/b7Dr8Chzse8VagexAporUu2RtLx.jpg,Drama|Comedy,Olivia Wilde,Seth Rogen|Olivia Wilde|Penélope Cruz|Edward Norton,0.6369
931285,Mortal Kombat II,"The fan favorite champions—now joined by Johnny Cage himself—are pitted against one another in the ultimate, no-holds barred, gory battle to defeat the dark rule of Shao Kahn that threatens the very existence of the Earthrealm and its defenders.",7.992,/hwRdDFIhaEmpRgoki805YvyyjZf.jpg,Action|Fantasy|Adventure,Simon McQuoid,Karl Urban|Adeline Rudolph|Ludi Lin|Jessica McNamee|Lewis Tan,-0.3818
1020047,In the Hand of Dante,"A Vatican priest discovers Dante's original Divine Comedy manuscript. When asked to authenticate it, writer Nick Tosches steals it, while a parallel story follows Dante's quest to create his masterpiece.",5.528,/nPPIufTBnzEg0d7NoR5RLL1oPra.jpg,Drama|Crime,Julian Schnabel,Oscar Isaac|Gal Gadot|Gerard Butler|John Malkovich|Louis Cancelmi,0.8834
83533,Avatar: Fire and Ash,"In the wake of the devastating war against the RDA and the loss of their eldest son, Jake Sully and Neytiri face a new threat on Pandora: the Ash People, a violent and power-hungry Na'vi tribe led by the ruthless Varang. Jake's family must fight for their survival and the future of Pandora in a conflict that pushes them to their emotional and physical limits.",7.617,/bRBeSHfGHwkEpImlhxPmOcUsaeg.jpg,Science Fiction|Adventure|Fantasy,James Cameron,Sam Worthington|Zoe Saldaña|Sigourney Weaver|Stephen Lang|Oona Chaplin,-0.9686
1327819,Hoppers,"Scientists have discovered how to 'hop' human consciousness into lifelike robotic animals, allowing people to communicate with animals as animals. Animal lover Mabel seizes an opportunity to use the technology, uncovering mysteries within the animal world beyond anything she could have imagined.",8.189,/xjtWQ2CL1mpmMNwuU5HeS4Iuwuu.jpg,Adventure|Animation|Comedy|Family|Science Fiction,Daniel Chong,Piper Curda|Bobby Moynihan|Jon Hamm|Kathy Najimy|Dave Franco,0.765
1318413,Pressure,"In the tense 72 hours before D-Day, and the fate of the free world hanging in the balance, General Dwight D. Eisenhower and Captain James Stagg face an impossible choice—launch the largest and most dangerous seaborne invasion in history or risk losing the war altogether.",7.561,/gFjEggtrejCN79r6SXRjM269OtG.jpg,Thriller|History|War,Anthony Maras,Andrew Scott|Brendan Fraser|Kerry Condon|Chris Messina|Damian Lewis,-0.8777
1228710,The Mandalorian and Grogu,"The evil Empire has fallen, and Imperial warlords remain scattered throughout the galaxy. As the fledgling New Republic works to protect everything the Rebellion fought for, they have enlisted the help of legendary Mandalorian bounty hunter Din Djarin and his young apprentice Grogu.",6.681,/5Vi8dSauVwH1HOsiZceDMbRr1Ca.jpg,Action|Adventure|Science Fiction,Jon Favreau,Pedro Pascal|Jeremy Allen White|Sigourney Weaver|Brendan Wayne|Lateef Crowder,-0.6597
880067,Strung,"A talented violinist's prestigious new role as a music tutor for an enigmatic, elite family spirals into a psychological battle for her safety and sanity.",7.689,/lWdpUOhnJ8uWWO1G1vbyUsCliov.jpg,Mystery|Thriller,Malcolm D. Lee,Chlöe Bailey|Lynn Whitfield|Lucien Laviscount|Anna Diop|Romy Woods,0.5423
1171145,Crime 101,"When an elusive thief whose high-stakes heists unfold along the iconic 101 freeway in Los Angeles eyes the score of a lifetime, with hopes of this being his final job, his path collides with a disillusioned insurance broker who is facing her own crossroads. Determined to crack the case, a relentless detective closes in on the operation, raising the stakes even higher.",7.004,/tVvpFIoteRHNnoZMhdnwIVwJpCA.jpg,Crime|Thriller,Bart Layton,Chris Hemsworth|Mark Ruffalo|Halle Berry|Barry Keoghan|Monica Barbaro,-0.4215
1430077,Hokum,"When novelist Ohm Bauman retreats to a remote inn to scatter his parents' ashes, he is consumed by tales of a witch haunting the honeymoon suite. Disturbing visions and a shocking disappearance forces him to confront dark corners of his past.",6.886,/jKPWwsbAM6HKURPYQ1eG8DmKMKn.jpg,Horror,Damian McCarthy,Adam Scott|Peter Coonan|David Wilmot|Florence Ordesh|Will O'Connell,-0.8555
1564614,Leviticus,Two teenage boys must escape a violent entity that takes the form of the person they desire most — each other.,7.04,/cu0XnXLzJGPeI0msCoJKgnEecKz.jpg,Horror|Romance,Adrian Chiarella,Joe Bird|Stacy Clausen|Mia Wasikowska|Nicholas Hope|Tyallah Bullock,-0.128
1304313,Lee Cronin's The Mummy,"The young daughter of a journalist disappears into the desert without a trace—eight years later, the broken family is shocked when she is returned to them, as what should be a joyful reunion turns into a living nightmare.",8.023,/1q308iixueCU4pFtSYugNOevtNx.jpg,Horror|Mystery,Lee Cronin,Jack Reynor|Laia Costa|May Calamawy|Natalie Grace|Shylo Molina,-0.4404
880067,Strung,"A talented violinist's prestigious new role as a music tutor for an enigmatic, elite family spirals into a psychological battle for her safety and sanity.",7.689,/lWdpUOhnJ8uWWO1G1vbyUsCliov.jpg,Mystery|Thriller,Malcolm D. Lee,Chlöe Bailey|Lynn Whitfield|Lucien Laviscount|Anna Diop|Romy Woods,0.5423
1382832,Hungry,A group of holidaymakers must fight for their lives against a rampaging hippo on the loose after becoming lost in the Louisiana swamplands.,6.927,/kHbUXJhXYV7UGiStIgCyplWsYKd.jpg,Thriller|Horror,James Nunn,Madison Davenport|Tracey Bonner|Joaquim de Almeida|Michel Curiel|Samantha Coughlan,-0.7351
1317288,Marty Supreme,"Marty Mauser, a young man with a dream no one respects, goes to hell and back in pursuit of greatness.",7.4,/lYWEXbQgRTR4ZQleSXAgRbxAjvq.jpg,Drama|Thriller,Josh Safdie,"Timothée Chalamet|Gwyneth Paltrow|Odessa A'zion|Kevin O'Leary|Tyler, The Creator",-0.5423
1242265,Fuze,An unexploded WWII bomb is discovered on a busy construction site in the centre of London. Chaos ensues as the military and police begin a mass evacuation against a ticking clock.,6.45,/oMFdQE5hMJ9JjhNORegwTo0GKmh.jpg,Action|Crime|Drama|Thriller,David Mackenzie,Aaron Taylor-Johnson|Theo James|Gugu Mbatha-Raw|Elham Ehsas|Sam Worthington,-0.7845
980431,Avatar Aang: The Last Airbender,"Avatar Aang, the world's last Airbender, learns of an ancient power that could save his culture from extinction. With the help of his friends, he embarks on a global quest to find it before it falls into the wrong hands and threatens to upend the peace they sacrificed everything to achieve.",0.0,/29Jdsak3SrwGds5k1t43kH6Khed.jpg,Animation|Action|Adventure|Fantasy,Lauren Montgomery,Eric Nam|Dave Bautista|Jessica Matten|Román Zaragoza|Steven Yeun,0.7783
1339588,Finding Emily,"When a lovesick musician is given the wrong number for his dream girl, he teams up with a driven psychology student to find her. Together, they spark a hilarious campus-wide frenzy that tests their own hearts and ambitions along the way.",6.7,/bfEQ6C702oPsN4kzIiY7n4JsrxF.jpg,Romance|Comedy,Alicia MacDonald,Spike Fearn|Angourie Rice|Cora Kirk|Prasanna Puwanarajah|Sadie Soverall,0.128
1284016,Power Ballad,"When Rick, a past-his-prime wedding singer, meets fading boy-band star Danny during a gig, the two bond over music and a late-night jam session. But when Danny turns one of Rick’s songs into the hit that reignites his career, Rick sets out to reclaim the recognition he believes he deserves - even if it means risking everything he cares about.",7.1,/sGgX2K0SJqw90Ju8TONdhDVwlzT.jpg,Comedy|Music|Drama,John Carney,Paul Rudd|Nick Jonas|Peter McDonald|Rory Keenan|Paul Reid,0.2617
1515729,Blast,A seemingly ordinary family must unleash their hidden martial arts skills when they clash with a ruthless criminal gang tied to corruption and violence.,6.9,/mZZBUaAXSeEeO3RovqJssBQyxfK.jpg,Action|Thriller,Subash K Raj,Arjun Sarja|Abhirami|Preity Mukhundhan|Vivek Prasanna|John Kokken,-0.8176
1245859,Savage House,"Against the backdrop of 18th century England, a massive pox outbreak, and Jacobite uprising – Sir Chauncey Savage and Lady Savage blindly pursue a better life. It's not without a tinge of irony that their family name is the Savages, for this is a Savage House indeed, filled with duels, decadence, and bloodshed.",6.731,/vPBy6cDPYMcj35lpl3W5kPEc2OB.jpg,Drama|Comedy,Peter Glanz,Richard E. Grant|Claire Foy|Jack Farthing|Bel Powley|Kíla Lord Cassidy,-0.8538
1198994,Send Help,"Two colleagues become stranded on a deserted island, the only survivors of a plane crash. On the island, they must overcome past grievances and work together to survive, but ultimately, it's a battle of wills and wits to make it out alive.",7.048,/zbJWVHOtj3ljBzWgL1P8pxP03Up.jpg,Horror|Thriller|Comedy,Sam Raimi,Rachel McAdams|Dylan O'Brien|Edyll Ismail|Dennis Haysbert|Xavier Samuel,-0.3818
1159559,Scream 7,"When a new Ghostface killer emerges in the quiet town where Sidney Prescott has built a new life, her darkest fears are realized as her daughter becomes the next target. Determined to protect her family, Sidney must face the horrors of her past to put an end to the bloodshed once and for all.",6.193,/jjyuk0edLiW8vOSnlfwWCCLpbh5.jpg,Horror|Mystery|Crime,Kevin Williamson,Neve Campbell|Courteney Cox|Isabel May|Jasmin Savoy Brown|Mason Gooding,-0.875
1122030,Alpha,"When Sita, a highly trained assassin raised in isolation as a super-soldier by a rogue commander, discovers the dark truth about her family and her stolen childhood, she teams up with her long lost sister to take down her creator and his illicit military program.",5.5,/bPtRt3ajQ0EkyeQ1O6iJwAIi9Py.jpg,Action|Thriller,Shiv Rawail,Alia Bhatt|Sharvari|Bobby Deol|Anil Kapoor|Dibyendu Bhattacharya,-0.7096
1227877,I Love Boosters,A group of shoplifters take aim at a cutthroat fashion maven by stealing from her stores and reselling them at a lower price — what they call 'fashion-forward philanthropy'.,5.968,/4pNKIUFy7tkZiBx0rnSmG9ysRy.jpg,Comedy|Science Fiction|Crime,Boots Riley,Keke Palmer|Naomi Ackie|Taylour Paige|Poppy Liu|Eiza González,-0.7096
1329471,Carolina Caroline,"A young woman, desperate to leave her small town, runs away with a charming con man, embarking on a crime and passion-filled journey through the Southeast to find her estranged mother.",7.0,/9waKPyT5JWv9EWTf79j25yT6Bu4.jpg,Crime|Drama|Romance,Adam Rehmeier,Samara Weaving|Kyle Gallner|Kyra Sedgwick|Jon Gries|Tommy G. Kendrick,-0.296
1127384,Deep Water,A group of international passengers on a flight from Los Angeles to Shanghai is forced to make an emergency landing in shark-infested waters. The terrified group is forced to work together and overcome their differences if they hope to escape their sinking plane and the frenzy of sharks drawn to the wreckage.,6.013,/kjcuS7xaRyqRjVaVcH4t0qHshuX.jpg,Horror|Thriller,Renny Harlin,Aaron Eckhart|Ben Kingsley|Molly Belle Wright|Angus Sampson|Elijah Tamati,-0.8834
604079,The Long Walk,"In a dystopian 1970s America, fifty teenage boys take part in a deadly annual walking contest, forced to maintain a minimum pace or be executed, until only one survivor remains.",6.896,/wobVTa99eW0ht6c1rNNzLkazPtR.jpg,Science Fiction|Thriller|Horror,Francis Lawrence,Cooper Hoffman|David Jonsson|Ben Wang|Tut Nyuot|Charlie Plummer,-0.128
1061474,Superman,"Superman, a journalist in Metropolis, embarks on a journey to reconcile his Kryptonian heritage with his human upbringing as Clark Kent.",7.337,/ldyfo0BKmz5rWtJJKCvwaNS4cJT.jpg,Science Fiction|Adventure|Action,James Gunn,David Corenswet|Rachel Brosnahan|Nicholas Hoult|Edi Gathegi|Nathan Fillion,0.0
1451344,Husbands in Action,A detective teams up with his ex-wife's new husband to chase down her kidnappers. Can this unlikely duo put aside their differences for one wild rescue?,7.561,/rdmXkKPjGw43u4wp3aod4aIPiH.jpg,Comedy|Action,Park Gyu-tae,Jin Sun-kyu|Gong Myoung|Kim Ji-seok|Yoon Kyung-ho|Kang Han-na,0.5106
1628071,Ip Man: Kung Fu Legend,"In 1950s Hong Kong, British merchants and Chinese triads have joined forces to expand their territory, forcibly demolishing factories without regard for public welfare. This move draws fierce opposition from Ip Man, standing up for the workers, he faces pressure from all sides. Framed for murder, he is sent to prison. Within the prison walls, the triads set multiple deadly traps. Can Ip Man overcome these trials, escape the danger, and clear his name?",0.0,/m3Low6jJrKXHSYFpXNkmYsG1Q6I.jpg,Action,Li Liming,Philip Condron|Dennis To Yu-Hang|Steven Dasz|Lee Yiu-King|Yan Yanlong,-0.9062
1439930,The Punisher: One Last Kill,"As Frank Castle searches for meaning beyond revenge, an unexpected force pulls him back into the fight.",8.347,/qQclTgLMDvGBuUBFGHRipxkEwWR.jpg,Action|Drama|Crime,Reinaldo Marcus Green,Jon Bernthal|Deborah Ann Woll|Jason R. Moore|Judith Light|Kelli Barrett,-0.7184
1700944,"Love, Ngo","“Love, Ngo” follows Ngongo, a hardworking young man who volunteers at a cleft lip and palate foundation while helping at his mother’s burger stand. The film explores his struggles with love, family and self-acceptance after falling for a woman whose family disapproves of his condition and social status.",9.0,/qA7FX4vp2qWfkMd2R3JrbGP6vbu.jpg,Comedy,Darryl Yap,Jerald Napoles|Gina Alajar|Louise delos Reyes|Candy Pangilinan|Malupiton,0.5106
1493123,Killhouse,"After an American journalist is abducted by Russian forces,  an elite squadron of Ukrainian soldiers aided by American intelligence agents is assembled to retrieve him.",6.4,/4FMDkmMBIxk1YM8Qo4GThmjX7MJ.jpg,War|Action|Drama,Liubomyr Levytskyi,Serhiy Strelnykov|Denis Kapustin|Alexandra Soroka|Valeriy Velichko|Oleksandr Rudko,-0.0516
1431804,40 Dates and 40 Nights,"Burned out on dating and ready to quit, Leah accepts her grandma's outrageous challenge: 40 dates in 40 nights for a full year of rent. From awkward dinners to unexpected sparks, she discovers the biggest obstacle to love might just be herself.",6.0,/lWEhjO801M52CY5Gx6OAwZZ6m7o.jpg,Comedy|Romance,Andy Delaney,Bailee Madison|Joel Courtney|Annie Potts|Jai Rodriguez|Jack Schumacher,0.4939
1239134,Bhooth Bangla,"A man inherits a palace in rural Mangalpur and plans his sister's wedding there, but strange supernatural events and panicked locals force him to investigate the property's mysterious past.",5.33,/ArIS4vwUxdhm3j7tsTHmffdfU8W.jpg,Horror|Comedy,Priyadarshan,Akshay Kumar|Wamiqa Gabbi|Paresh Rawal|Tabu|Jisshu Sengupta,-0.7351
1217584,Torrente for President,"Years have passed since his last adventure, but José Luis Torrente, the most politically incorrect former cop in Spain, still sees himself as a national hero.",6.079,/yrDKwAdZRJjoQ9RZwzRGPpMC7U1.jpg,Comedy,Santiago Segura,Santiago Segura|Fernando Esteso|Gabino Diego|Carlos Areces|Josele Román,0.7615
1290821,Shelter,"A man living in self-imposed exile on a remote island rescues a young girl from a violent storm, setting off a chain of events that forces him out of seclusion to protect her from enemies tied to his past.",7.695,/buPFnHZ3xQy6vZEHxbHgL1Pc6CR.jpg,Action|Crime|Thriller,Ric Roman Waugh,Jason Statham|Bodhi Rae Breathnach|Naomi Ackie|Daniel Mays|Harriet Walter,-0.4939
1612018,Jackass: Best and Last,The fifth and final installment to Jackass franchise where the crew go on one last insane crusade.,6.5,/tfgccePxnswMqhmtxafliLlcCVR.jpg,Action|Comedy|Documentary,Jeff Tremaine,Johnny Knoxville|Steve-O|Chris Pontius|Jason 'Wee Man' Acuña|Dave England,-0.6705
1305781,Blades of the Guardians,"Dao Ma, the ""second most wanted fugitive,"" is entrusted by his benefactor, the chief of Mo family clan, to take on a mysterious escort mission-escorting the ""most wanted fugitive"" to Chang'an.",6.968,/4QZwryGm8l7N5XdEjPchNPl0BV7.jpg,Action|Adventure,Yuen Woo-ping,Wu Jing|Nicholas Tse Ting-Fung|Chen Lijun|Yu Shi|Sun Yizhou,0.2023
1480387,undertone,The host of a popular paranormal podcast becomes haunted by terrifying recordings mysteriously sent her way.,6.1,/2PFgFMnrdCPXWiZl1PUvky7Mo9D.jpg,Horror|Mystery,Ian Tuason,Nina Kiri|Adam DiMarco|Keana Bastidas|Jeff Yung|Michèle Duquet,-0.6124
1421903,Werwulf,"A harrowing tale of devotion, damnation and the devil within.",0.0,/qXqCece01iDhDoeX1V3y6rbPkNK.jpg,Horror,Robert Eggers,Aaron Taylor-Johnson|Lily-Rose Depp|Bodhi Rae Breathnach|Willem Dafoe|Ralph Ineson,-0.7184
1390300,Over Your Dead Body,"A dysfunctional couple head to a remote cabin to ""reconnect"", but each has secret intentions to kill the other.",6.505,/kZCauMzAt9eMAhLMopCqnFw1Q5k.jpg,Action|Comedy|Thriller,Jorma Taccone,Samara Weaving|Jason Segel|Timothy Olyphant|Juliette Lewis|Keith Jardine,-0.8201
467905,How to Make a Killing,"Disowned at birth by his obscenely wealthy family, blue-collar Becket Redfellow will stop at nothing to reclaim his inheritance, no matter how many relatives stand in his way.",6.961,/kw7x5mSmHhoeeqwXLwXTBsofD1N.jpg,Comedy|Thriller,John Patton Ford,Glen Powell|Margaret Qualley|Jessica Henwick|Bill Camp|Zach Woods,-0.2023
1628071,Ip Man: Kung Fu Legend,"In 1950s Hong Kong, British merchants and Chinese triads have joined forces to expand their territory, forcibly demolishing factories without regard for public welfare. This move draws fierce opposition from Ip Man, standing up for the workers, he faces pressure from all sides. Framed for murder, he is sent to prison. Within the prison walls, the triads set multiple deadly traps. Can Ip Man overcome these trials, escape the danger, and clear his name?",0.0,/m3Low6jJrKXHSYFpXNkmYsG1Q6I.jpg,Action,Li Liming,Philip Condron|Dennis To Yu-Hang|Steven Dasz|Lee Yiu-King|Yan Yanlong,-0.9062
1169516,Welcome to the Jungle,"A group of quirky characters gets stuck in a dangerous jungle during a chaotic mission. Filled with confusion, criminals, and hilarious situations, they must work together to survive and find their way out.",5.206,/1JlfUuvvX5xLP2LIDah4JhWUtTx.jpg,Action|Comedy|Adventure|Crime,Ahmed Khan,Akshay Kumar|Suniel Shetty|Arshad Warsi|Jacqueline Fernandez|Disha Patani,-0.8885
1292695,They Will Kill You,"A woman answers a help wanted ad to be a housekeeper in a mysterious New York City high-rise, unaware that she is entering a community that has seen a number of disappearances over the years and may be under the grip of a Satanic cult.",7.003,/6oI4oQKTWMVUlr8Ivqydp28Ruu6.jpg,Action|Comedy|Horror,Kirill Sokolov,Zazie Beetz|Myha'la|Paterson Joseph|Tom Felton|Heather Graham,0.296
1308767,Young Washington,"Before he led a nation, George Washington was a young soldier thrown into a global conflict. With alliances crumbling and war closing in, he must choose who to trust and confront the leader he's becoming.",1.5,/ntW9zzhDmbt3sXDyPXb7SHVuDdB.jpg,History|Action|Adventure|War,Jon Erwin,William Franklyn-Miller|Ben Kingsley|Mary-Louise Parker|Leo Hanna|Mia Rodgers,-0.5574
1287141,Pillion,"Colin, a timid gay man, is swept off his feet when Ray, an enigmatic and impossibly handsome biker, takes him on as his submissive in a crazy and erotic BDSM-focused relationship.",6.416,/7Pd6ChSQjSXy4snJiorSdzg2cG3.jpg,Romance|Drama|Comedy,Harry Lighton,Harry Melling|Alexander Skarsgård|Lesley Sharp|Douglas Hodge|Jake Shears,-0.3612
1101383,The End of Oak Street,"After a mysterious cosmic event rips Oak Street from suburbia and transports their neighborhood to someplace unknown, the Platt family soon discovers that their very survival depends on them sticking together as they navigate their now unrecognizable surroundings.",0.0,/60bRdW7JTXTaSMFgLHjcoS1fXHh.jpg,Science Fiction|Mystery|Thriller,David Robert Mitchell,Anne Hathaway|Ewan McGregor|Christian Convery|Maisy Stella|Jordan Alexa Davis,0.0
1292415,Beast,"MMA legend Patton James, now a commercial fisherman, is pulled back into the cage when his brother is in danger. Reuniting with his old coach Sammy, he commits to one final fight in one championship against the brutal champion Xavier Grau.",6.289,/7NrvUI3vnW8H3rD7ExKcTL7KRcQ.jpg,Action|Drama,Tyler Atkins,Daniel MacPherson|Luke Hemsworth|Russell Crowe|Mojean Aria|Kelly Gale,-0.4939
840464,Greenland 2: Migration,"Having found the safety of the Greenland bunker after the comet Clarke decimated the Earth, the Garrity family must now risk everything to embark on a perilous journey across the wasteland of Europe to find a new home.",6.43,/z2tqCJLsw6uEJ8nJV8BsQXGa3dr.jpg,Adventure|Thriller|Science Fiction,Ric Roman Waugh,Gerard Butler|Morena Baccarin|Roman Griffin Davis|Tommie Earl Jenkins|Trond Fausa Aurvåg,0.1779
1084242,Zootopia 2,"After cracking the biggest case in Zootopia's history, rookie cops Judy Hopps and Nick Wilde find themselves on the twisting trail of a great mystery when Gary De'Snake arrives and turns the animal metropolis upside down. To crack the case, Judy and Nick must go undercover to unexpected new parts of town, where their growing partnership is tested like never before.",7.7,/oJ7g2CifqpStmoYQyaLQgEU32qO.jpg,Animation|Adventure|Comedy|Mystery|Family,Jared Bush,Ginnifer Goodwin|Jason Bateman|Ke Huy Quan|Fortune Feimster|Andy Samberg,0.8074
1375646,Colony,"Professor Se-jeong is thrust into a bloody nightmare when a rapidly mutating virus is released during a biotech conference causing authorities to seal the facility. Trapped inside with no escape, Se-jeong along with a small group of survivors must fight to stay alive while the infected undergo horrific transformations.",7.088,/tN799oUR0f1gUKDYdMNrDaY7I51.jpg,Action|Thriller|Horror,Yeon Sang-ho,Gianna Jun|Koo Kyo-hwan|Ji Chang-wook|Kim Shin-rock|Shin Hyun-been,-0.9371
1145899,Marsupilami,"David is tasked to deliver a mysterious package from South America, only to find out he is carrying a baby Marsupilami!",6.31,/rJNHFa07Id2ylQgw0ttzGwpeczE.jpg,Adventure|Comedy,Philippe Lacheau,Philippe Lacheau|Jamel Debbouze|Tarek Boudali|Élodie Fontan|Julien Arruti,0.0
1408208,Exit 8,"A man trapped in an endless sterile subway passageway sets out to find Exit 8. The rules of his quest are simple: do not overlook anything out of the ordinary. If you discover an anomaly, turn back immediately. If you don’t, carry on. Then leave from Exit 8. But even a single oversight will send him back to the beginning. Will he ever reach his goal and escape this infinite corridor?",6.87,/nQXYTvm6AY4WmtcPskroqC7Skh.jpg,Horror|Mystery,Genki Kawamura,Kazunari Ninomiya|Yamato Kochi|Nana Komatsu|Naru Asanuma|Kotone Hanase,-0.0258
1699155,Maternal Instinct,Police pull over a woman who claims she just gave birth. But the baby — and the blood — aren't hers. Twisted lies unravel in this true-crime documentary.,7.132,/4KdmT71AGzDMp5hJbAu9vysKQKT.jpg,Documentary|Crime,Jessica Dimmock,,0.4585
1368166,The Housemaid,"Trying to escape her past, Millie Calloway accepts a job as a live-in housemaid for the wealthy Nina and Andrew Winchester. But what begins as a dream job quickly unravels into something far more dangerous—a sexy, seductive game of secrets, scandal, and power.",7.262,/cWsBscZzwu5brg9YjNkGewRUvJX.jpg,Mystery|Thriller,Paul Feig,Sydney Sweeney|Amanda Seyfried|Brandon Sklenar|Michele Morrone|Indiana Elle,0.7519
1380291,Tom Clancy's Jack Ryan: Ghost War,"Jack Ryan is reluctantly pulled back into espionage when an international covert mission unravels a deadly conspiracy. Racing against time, he joins CIA allies Mike November & James Greer and sharp MI6 officer Emma Marlowe to battle a rogue black-ops unit in a high-stakes, deeply personal fight.",7.03,/8ehYxUh5MWE41AeE9gkHE8DKzvB.jpg,Action|Thriller,Andrew Bernstein,John Krasinski|Wendell Pierce|Sienna Miller|Michael Kelly|Max Beesley,-0.8511
1116201,Iron Lung,"In a post-apocalyptic future where an event known as ""The Quiet Rapture"" caused all known stars and habitable planets in the universe to disappear, a convict is sent to search an ocean of blood discovered on a desolate moon, using a small submarine nicknamed the ""Iron Lung"".",6.969,/sIwakdbMGS1krtgendTWpxTY9Hw.jpg,Horror|Mystery|Science Fiction,Mark Fischbach,Mark Fischbach|Caroline Kaplan|Troy Baker|Elsie Lovelock|Elle LaMont,-0.0772
1265609,War Machine,"On one last grueling mission during Army Ranger training, a combat engineer must lead his unit in a fight against a giant otherworldly killing machine.",7.414,/rFhKkXhk7ClU03jQ5rHIApJDwev.jpg,Action|Science Fiction|Thriller,Patrick Hughes,Alan Ritchson|Dennis Quaid|Stephan James|Jai Courtney|Esai Morales,-0.8555
858024,Hamnet,"The powerful story of love and loss that inspired the creation of Shakespeare's timeless masterpiece, Hamlet.",7.7,/61xMzN4h8iLk0hq6oUzr9Ts6GE9.jpg,Drama|Romance|History,Chloé Zhao,Jessie Buckley|Paul Mescal|Emily Watson|Joe Alwyn|Jacobi Jupe,0.9337
1263012,Dead Man's Wire,"In 1977, former real estate developer Tony Kiritsis puts a dead man's switch on himself and the mortgage banker who did him wrong, demanding $5 million and a personal apology.",6.537,/dgSoeebklY0IGKWbp36r9FwRXlv.jpg,Crime|Drama|Thriller,Gus Van Sant,Bill Skarsgård|Dacre Montgomery|Cary Elwes|Myha'la|Colman Domingo,-0.8442
1170608,Dune: Part Three,"As Emperor, Paul Atreides grapples with the consequences of his rise to power as political conspiracies and a galaxy-spanning holy war threaten the future he alone can foresee.",0.0,/b4wekkUaxExzOeGe7hKXzhnyXHt.jpg,Action|Adventure|Science Fiction,Denis Villeneuve,Timothée Chalamet|Zendaya|Jason Momoa|Florence Pugh|Rebecca Ferguson,-0.8176
1119449,"Good Luck, Have Fun, Don't Die",A 'Man from the Future' arrives at an LA diner where he must recruit the precise combination of disgruntled patrons to join him on a one-night quest to save the world from the terminal threat of a rogue artificial intelligence.,7.042,/rWcfOdY7TU6lTdazWj0ebDZnAfO.jpg,Science Fiction|Action|Comedy,Gore Verbinski,Sam Rockwell|Juno Temple|Haley Lu Richardson|Michael Peña|Zazie Beetz,0.6249
1248832,Digger,The most powerful man in the world embarks on a frantic mission to prove he is humanity's savior before the disaster he's unleashed destroys everything.,0.0,/1ATXKrIPJyKNwnJ6lcG088Sa6zi.jpg,Comedy|Drama,Alejandro G. Iñárritu,Tom Cruise|Sandra Hüller|John Goodman|Riz Ahmed|Jesse Plemons,-0.818
1295400,The Last Viking,"After serving fourteen years for robbery, Anker is released from prison and reunites with his mentally ill brother Manfred, who alone knows where the stolen money is hidden but has forgotten its location, sending them on a journey to recover the loot and confront who they are.",7.303,/iJIqxRnoFvPAAljIqzOJaztgFPd.jpg,Comedy|Crime|Drama,Anders Thomas Jensen,Mads Mikkelsen|Nikolaj Lie Kaas|Sofie Gråbøl|Søren Malling|Bodil Jørgensen,-0.8422
1560681,Colors of Evil: Black,"Investigating the disappearance of children in a remote Polish town, prosecutor Leopold Bilski must unravel a sinister local legend before it's too late.",6.9,/reeKdj7BSznr7wSGzAtIMrPFgKo.jpg,Thriller|Mystery|Crime,Adrian Panek,Jakub Gierszał|Marianna Zydek|Andrzej Chyra|Beata Ścibakówna|Adam Bobik,-0.5994
1675177,Chris & Martina: The Final Set,"Tennis legends Chris Evert and Martina Navratilova reflect on their parallel journeys to sports stardom while delving into their rivalry and friendship, especially as the duo continue to support each other through their shared experience of cancer treatment.",7.5,/m6XxbOjeDyHChXlJ7CVEolNCq2o.jpg,Documentary,Rebecca Gitlitz,Chris Evert|Martina Navratilova,0.3818
1003596,Avengers: Doomsday,Beloved heroes from three distinct universes are set on a deadly collision course and face an existential threat unlike anything they've ever encountered.,0.0,/8HkIe2i4ScpCkcX9SzZ9IPasqWV.jpg,Science Fiction|Action|Adventure,Joe Russo,Robert Downey Jr.|Chris Evans|Chris Hemsworth|Pedro Pascal|Paul Rudd,0.1779
803796,KPop Demon Hunters,"When K-pop superstars Rumi, Mira and Zoey aren't selling out stadiums, they're using their secret powers to protect their fans from supernatural threats.",8.02,/zT7Lhw3BhJbMkRqm9Zlx2YGMsY0.jpg,Fantasy|Music|Comedy|Animation,Chris Appelhans,Arden Cho|May Hong|Ji-young Yoo|Ahn Hyo-seop|Yunjin Kim,-0.0516
1368830,Chers parents,"A trio of siblings faces turmoil when their parents reveal they've won the lottery but refuse to share a cent, unraveling buried secrets, unspoken tensions, and deep-seated jealousy that shake the family to its core.",6.438,/rOYf8JDUsCI4EoHeS2p399Q9wyi.jpg,Comedy,Emmanuel Patron,André Dussollier|Miou-Miou|Arnaud Ducret|Thomas Solivérès|Pauline Clément,-0.7876
1284041,The Last House,A family suddenly sealed inside their home must work together to survive against dwindling resources and the ominous threat keeping them trapped.,0.0,/ivmUB2djVH6HQrQfV0qEekdJWWf.jpg,Horror|Science Fiction|Thriller,Louis Leterrier,Greta Lee|Wagner Moura|Gabriel Chung|Noah Alexander Sosnowski|Emma Ho,-0.8481
1300926,The Angry Birds Movie 3,Red faces his greatest challenge yet… surviving fatherhood.,0.0,/oxaW6X3xohnzdFSBKCrCjRDckMe.jpg,Animation|Comedy|Family,John Rice,Jason Sudeikis|Josh Gad|Rachel Bloom|Danny McBride|Emma Myers,0.7717
1007757,Swapped,"A small woodland creature and a majestic bird, two natural sworn enemies of the Valley, magically trade places and set off on an adventure of a lifetime to switch back. Their journey soon uncovers a greater threat—one that could endanger not only their species, but the entire valley they call home.",8.947,/tHhxWxge06goXU6ZQH1hj7vK8Hd.jpg,Adventure|Animation|Family|Fantasy,Nathan Greno,Michael B. Jordan|Juno Temple|Tracy Morgan|Cedric the Entertainer|Justina Machado,0.2617
1054867,One Battle After Another,"Washed-up revolutionary Bob exists in a state of stoned paranoia, surviving off-grid with his spirited, self-reliant daughter, Willa. When his evil nemesis resurfaces after 16 years and she goes missing, the former radical scrambles to find her, father and daughter both battling the consequences of his past.",7.3,/lbBWwxBht4JFP5PsuJ5onpMqugW.jpg,Thriller|Crime|Comedy,Paul Thomas Anderson,Leonardo DiCaprio|Sean Penn|Chase Infiniti|Benicio del Toro|Regina Hall,-0.7351
1281331,The Social Reckoning,"Frances Haugen, a young Facebook engineer, enlists the help of Jeff Horwitz, a Wall Street Journal reporter, to go on a dangerous journey that ends up blowing the whistle on the social network's most guarded secrets.",0.0,/blm3cRs7avmaHWtPqk6fzj3VIKF.jpg,Drama,Aaron Sorkin,Mikey Madison|Jeremy Allen White|Jeremy Strong|Wunmi Mosaku|Betty Gilpin,-0.1027
1159831,The Bride!,A lonely Frankenstein travels to 1930s Chicago to ask groundbreaking scientist Dr. Euphronious to create a companion for him. The two revive a murdered young woman and The Bride is born. But what ensues is beyond what either of them imagined.,6.154,/lV8YHwGkYZsm6EfIqnhaSz2avKt.jpg,Science Fiction|Horror|Fantasy,Maggie Gyllenhaal,Jessie Buckley|Christian Bale|Peter Sarsgaard|John Magaro|Jeannie Berlin,-0.296
1358005,Office Romance,"Jackie, President and CEO of Air Cruz, runs a tight ship in her business, including a rigid anti-fraternization policy for all her employees. When a new sexy lawyer begins working for her, that policy becomes very tested.",6.451,/1HRUTqEVDmJC4L6tp6zd85MI6uH.jpg,Romance|Comedy,Ol Parker,Jennifer Lopez|Brett Goldstein|Betty Gilpin|Edward James Olmos|Bradley Whitford,0.4404
1300968,The Hunger Games: Sunrise on the Reaping,"Return to the world of Panem 24 years before the events of The Hunger Games, starting on the morning of the reaping of the 50th Hunger Games, also known as the Second Quarter Quell.",0.0,/ffJaYMtB6v1TrvkyhCOqwqCKm0o.jpg,Science Fiction|Action|Adventure,Francis Lawrence,Joseph Zada|Mckenna Grace|Jesse Plemons|Elle Fanning|Ralph Fiennes,-0.4588
1291595,Insidious: Out of the Further,"Gemma, a young mother raising her daughter in the house she grew up in, discovers she can travel into The Further, where she possesses an ability to bring what lives there back to the real world.",0.0,/4tTrW9dXCByS5wt2pXVWb58zNjz.jpg,Horror|Thriller,Jacob Chase,Amelia Eve|Brandon Perea|Lin Shaye|Maisie Richardson-Sellers|Sam Spruell,0.3182
1263012,Dead Man's Wire,"In 1977, former real estate developer Tony Kiritsis puts a dead man's switch on himself and the mortgage banker who did him wrong, demanding $5 million and a personal apology.",6.537,/dgSoeebklY0IGKWbp36r9FwRXlv.jpg,Crime|Drama|Thriller,Gus Van Sant,Bill Skarsgård|Dacre Montgomery|Cary Elwes|Myha'la|Colman Domingo,-0.8442
1318447,Apex,A grieving woman pushing her limits on a solo adventure in the Australian wild is ensnared in a twisted game with a cunning killer who thinks she's prey.,6.823,/eTp7gSPkSF3Aw79mNx1NkBP1PZT.jpg,Action|Thriller,Baltasar Kormákur,Charlize Theron|Taron Egerton|Eric Bana|Caitlin Stasey|Bessie Holland,-0.743
1242332,Normal,"An unassuming substitute sheriff with a troubled past responds to a bank robbery in a small, sleepy town and unknowingly uncovers something far more explosive.",6.437,/g8JqVRu2eC5SGJd9idauTXurMl2.jpg,Action|Crime|Thriller,Ben Wheatley,Bob Odenkirk|Henry Winkler|Lena Headey|Billy MacLellan|Ryan Allen,-0.4588
1443374,All the Good Eyes,"The story chronicles four decades in the lives of a family deeply rooted in the soil of Northeast China. Through times of prosperity and hardship, they navigate cycles of love and hatred, fortune and misfortune. Though buffeted by the twists of fate, they never relinquish their steadfast guardianship of one another and the profound commitment to this ancestral land that sustains them.",5.0,/z8HhifyUkuFtXHnoOk1Vx00nmDs.jpg,Drama|Romance|Crime,Zhi Zheng,Yu Hewei|Gao Yuanyuan|Han Geng|Crystal Zhang|Qiao Shan,-0.1129
1154538,Nirvanna the Band the Show the Movie,"When their plan to book a show at the Rivoli goes horribly wrong, Matt and Jay accidentally travel back to the year 2008.",7.638,/sm5TGX8WbnCd9Uo26cLyTxVwA1n.jpg,Comedy|Science Fiction|Adventure,Matt Johnson,Matt Johnson|Jay McCarrol|Ben Petrie|Ethan Eng|Michael Scott,-0.836
1558796,Never Change!,"In 2008, the graduating class of North Meadows High School had their senior year cut short due to a disastrous tornado. Now in their mid-30s, they're being forced to return home and finish high school once and for all.",6.4,/yuNToCHZyZybJQ89HSiAR91JEiI.jpg,Comedy,Marty Schousboe,Sofia Black-D'Elia|Carmen Christopher|Jo Firestone|John Reynolds|Gary Richardson,-0.8402
1363974,That Time I Got Reincarnated as a Slime the Movie: Tears of the Azure Sea,"After concluding the opening ceremony of the Demon Kingdom Federation Tempest, Rimuru and his companions are invited by the Celestial Emperor Hermesia of the great elven nation – the Magi Dynasty Salion – to visit her private resort island. As the group enjoys their brief vacation, a mysterious woman named Yura appears. A new incident unfolds against the backdrop of the boundless azure sea.",6.6,/oblkRIWuKTF46CsnLhBiE7Otn3z.jpg,Animation|Fantasy|Adventure|Comedy,Yasuhito Kikuchi,Miho Okasaki|Mao Ichimichi|Tomoaki Maeno|Makoto Furukawa|Sayaka Senbongi,0.8126
1363387,Saccharine,"After succumbing to an obscure weight-loss craze involving the eating of human ashes, lovelorn medical student Hana finds herself haunted by the ghost of the person she's eating.",6.147,/wTlqMc4Jt8ZBtHh8CREblU3ajAB.jpg,Horror,Natalie Erika James,Midori Francis|Danielle Macdonald|Madeleine Madden|Joseph Baldwin|Robert Taylor,-0.7184
1501018,A Family of Bastards,"After the death of his father, Mohamed discovers the living of a step-brother and a step-sister. Together, they must manage the suspicious bar they inherited of linked to criminality, drug traffic and prostitution.",5.365,/lJRVhYwrJq9IfXOE5FvSxUxXfnf.jpg,Comedy|Crime,Mourad Winter,Hakim Jemili|Benjamin Tranié|Laura Felpin|Kad Merad|Florence Foresti,-0.7506
1297842,GOAT,"A small goat with big dreams gets a once-in-a-lifetime shot to join the pros and play roarball, a high-intensity, co-ed, full-contact sport dominated by the fastest, fiercest animals in the world.",8.108,/wfuqMlaExcoYiUEvKfVpUTt1v4u.jpg,Animation|Comedy|Family,Tyree Dillihay,Caleb McLaughlin|Gabrielle Union|Stephen Curry|Aaron Pierre|Nicola Coughlan,0.8442
1236153,Mercy,"In the near future, a detective stands on trial accused of murdering his wife. He has ninety minutes to prove his innocence to the advanced AI Judge he once championed, before it determines his fate.",7.068,/pyok1kZJCfyuFapYXzHcy7BLlQa.jpg,Science Fiction|Action|Thriller,Timur Bekmambetov,Chris Pratt|Rebecca Ferguson|Kali Reis|Kylie Rogers|Chris Sullivan,-0.1779
898704,Desert Warrior,"In 7th-century Arabia, Princess Hind becomes a warrior to defy the ruthless Emperor Kisra. Forged into a warrior and aided by legendary bandit Hanzala, Hind unites warring tribes for a last stand—the historic Battle of Dhi Qar—that will change history.",5.717,/waxnw1NpzTPY5JkqWvu0muSopRJ.jpg,History|War|Action|Drama,Rupert Wyatt,Anthony Mackie|Aiysha Hart|Sami Bouajila|Sharlto Copley|Ben Kingsley,-0.6705
1083884,Signal One,"A computer scientist is invited by a tech billionaire to join his private facility on a Caribbean island to investigate extraterrestrial matter on Earth. When they make contact beyond our world, chaos erupts as we’re left to wonder: do they come in peace?",6.724,/bi7Aeaozl51cd5K6vAn8tI1lOW0.jpg,Mystery|Science Fiction,Jonathan Sobol,Isabelle Fuhrman|Josh Hutcherson|David Thewlis|Dennis Quaid|Vanessa Smythe,0.2732
701387,Bugonia,"Two conspiracy obsessed young men kidnap the high-powered CEO of a major company, convinced that she is an alien intent on destroying planet Earth.",7.311,/oxgsAQDAAxA92mFGYCZllgWkH9J.jpg,Science Fiction|Thriller|Comedy,Yorgos Lanthimos,Emma Stone|Jesse Plemons|Aidan Delbis|Stavros Halkias|Alicia Silverstone,-0.7184
1311031,Demon Slayer: Kimetsu no Yaiba Infinity Castle,"The Demon Slayer Corps are drawn into the Infinity Castle, where Tanjiro, Nezuko, and the Hashira face terrifying Upper Rank demons in a desperate fight as the final battle against Muzan Kibutsuji begins.",7.7,/fWVSwgjpT2D78VUh6X8UBd2rorW.jpg,Animation|Action|Fantasy,Haruo Sotozaki,Natsuki Hanae|Takahiro Sakurai|Akira Ishida|Hiro Shimono|Yoshimasa Hosoya,-0.8807
1560681,Colors of Evil: Black,"Investigating the disappearance of children in a remote Polish town, prosecutor Leopold Bilski must unravel a sinister local legend before it's too late.",6.9,/reeKdj7BSznr7wSGzAtIMrPFgKo.jpg,Thriller|Mystery|Crime,Adrian Panek,Jakub Gierszał|Marianna Zydek|Andrzej Chyra|Beata Ścibakówna|Adam Bobik,-0.5994
1241982,Moana 2,"After receiving an unexpected call from her wayfinding ancestors, Moana journeys alongside Maui and a new crew to the far seas of Oceania and into dangerous, long-lost waters for an adventure unlike anything she's ever faced.",7.005,/aLVkiINlIeCkcZIzb7XHzPYgO6L.jpg,Adventure|Animation|Comedy|Family|Fantasy,David G. Derrick Jr.,Auliʻi Cravalho|Dwayne Johnson|Hualālai Chung|Rose Matafeo|David Fane,-0.2023
1306368,The Rip,"Trust frays when a team of Miami cops discovers millions in cash inside a run-down stash house, calling everyone — and everything — into question.",7.086,/4wsYWH73Hb1B6noGIFaRQSAkuXj.jpg,Action|Thriller|Crime,Joe Carnahan,Matt Damon|Ben Affleck|Teyana Taylor|Steven Yeun|Catalina Sandino Moreno,0.5106
1233413,Sinners,"Trying to leave their troubled lives behind, twin brothers return to their hometown to start again, only to discover that an even greater evil is waiting to welcome them back.",7.497,/fWPgbnt2LSqkQ6cdQc0SZN9CpLm.jpg,Horror|Action|Thriller,Ryan Coogler,Michael B. Jordan|Hailee Steinfeld|Miles Caton|Jack O'Connell|Wunmi Mosaku,-0.4767
1318621,Descendants: Wicked Wonderland,"Now that the Queen of Hearts is nice and Cinderella is safe, things seem perfect for Red and Chloe… But little do they know that changing the past created a new villain - Maddox Hatter. When Maddox captures the Queen of Hearts, Red and Chloe must work with Red’s new sister Pink, Luisa Madrigal’s son Luis and Maddox’s son Max to save her and Wonderland.",0.0,/tPbMu1LH4YzyvG2a9X5qYERHmIv.jpg,Fantasy|Family|TV Movie,Kimmy Gatewood,Kylie Cantrall|Malia Baker|Liamani Segura|Rita Ora|Brandy Norwood,0.7269
1711175,Summerween,"On Summerween, a former circus clown escapes a mental institution to return to his abandoned mansion and hunt the teens partying there.",1.0,/oCsyamu5ixofd3yyK9gD7pGfCiF.jpg,Horror,Ryan Ebert,Clint Morrison|Sophia Sabol|Cole Chapleski|Chase Nelson Breithoff|Jihad Milhem,0.0258
533533,TRON: Ares,"A highly sophisticated Program called Ares is sent from the digital world into the real world on a dangerous mission, marking humankind's first encounter with A.I. beings.",6.494,/chpWmskl3aKm1aTZqUHRCtviwPy.jpg,Science Fiction|Adventure|Action,Joachim Rønning,Jared Leto|Greta Lee|Evan Peters|Gillian Anderson|Jodie Turner-Smith,0.2006
933260,The Substance,"A fading celebrity decides to use a black market drug, a cell-replicating substance that temporarily creates a younger, better version of herself.",7.133,/lqoMzCcZYEFK729d6qzt349fB4o.jpg,Horror|Science Fiction|Thriller,Coralie Fargeat,Demi Moore|Margaret Qualley|Dennis Quaid|Edward Hamilton-Clark|Gore Abrams,0.6124
1674087,Bang My Box: The Robin Byrd Story,"Robin Byrd pioneered NYC public access with her cult sex-positive call-in show.  Now the larger-than-life 70-year-old champion of free speech, queer visibility, and safe sex reflects on her unique legacy and her hidden, decades-long marriage behind the scenes.",1.0,/ApmyB3G71Gj83rjtIhxdolZ38Yu.jpg,Documentary,Stephanie Schwam,Robin Byrd|Sandra Bernhard|Cheri Oteri,0.8779
1523145,Your Heart Will Be Broken,"High school student Polina is saved from bullying at her new school and makes a deal with the main bully Bars: he must pretend to be her boyfriend and protect her, and she must do everything he says. During this game, the couple develops real feelings, but her family and classmates have reasons to separate the lovers.",7.0,/7wIBfBl2gejt6xHxNSK0reVIm7E.jpg,Romance,Mikhail Vaynberg,Daniel Vegas|Veronika Zhuravleva|Ivan Trushin|Maksim Saprykin|Alya Mayer,0.5499
1380291,Tom Clancy's Jack Ryan: Ghost War,"Jack Ryan is reluctantly pulled back into espionage when an international covert mission unravels a deadly conspiracy. Racing against time, he joins CIA allies Mike November & James Greer and sharp MI6 officer Emma Marlowe to battle a rogue black-ops unit in a high-stakes, deeply personal fight.",7.03,/8ehYxUh5MWE41AeE9gkHE8DKzvB.jpg,Action|Thriller,Andrew Bernstein,John Krasinski|Wendell Pierce|Sienna Miller|Michael Kelly|Max Beesley,-0.8511
1248251,Mollywood Times,"Vineeth Madhavan tries hard to become Malayalam cinema's greatest horror filmmaker, but will the toxic industry affect his dream?",6.0,/zUBCBtMsQ8dxnhJhhng4C8U80IU.jpg,Comedy|Drama,Abhinav Sunder Nayak,Naslen K. Gafoor|Roshan Shanavas|Althaf Salim|Sangeeth Prathap|Sharafudheen,0.3716
1667198,The Amazing Digital Circus: The Last Act,"With Caine gone and the circus dark, the cast are left with only the mistakes and traumas of their pasts to keep them company. As the prospect of eternity closes in around them, they discover the truth about the Digital Circus and its history. Will they come to terms with what they uncover, or will they make... the other choice? Also, presumably at some point someone says something funny, because this ending can’t be THAT depressing, can it? A theatrical screening of episode 8 and the all new, hour-long episode 9.",8.844,/uoZeXWuUS2z2F7VaC1iS5RS5cnk.jpg,Animation|Science Fiction|Drama|Thriller,Gooseworx,Lizzie Freeman|Alex Rochon|Michael Kovach|Amanda Hufford|Marissa Lenti,-0.3094
1316092,"""Wuthering Heights""","Tragedy strikes when Heathcliff falls in love with Catherine Earnshaw, a woman from a wealthy family in 18th-century England.",6.655,/3YBce6dTh1D5oCMITXk2S5QhPt.jpg,Romance|Drama,Emerald Fennell,Margot Robbie|Jacob Elordi|Hong Chau|Alison Oliver|Shazad Latif,-0.0516
1165369,De Gaulle: Liberté,"Part two of a two-part biopic following French army officer Charles De Gaulle's life and political commitment between 1940 and 1945, and trace his development towards a political career.",8.213,/tcypmwT43pt5jWiUyy2BomyPD1Y.jpg,History|Drama,Antonin Baudry,Simon Abkarian|Niels Schneider|Thierry Lhermitte|Karim Leklou|Anamaria Vartolomei,0.3818
1316092,"""Wuthering Heights""","Tragedy strikes when Heathcliff falls in love with Catherine Earnshaw, a woman from a wealthy family in 18th-century England.",6.655,/3YBce6dTh1D5oCMITXk2S5QhPt.jpg,Romance|Drama,Emerald Fennell,Margot Robbie|Jacob Elordi|Hong Chau|Alison Oliver|Shazad Latif,-0.0516
1669841,Bleach: Thousand-Year Blood War - The Calamity,"The Soul Reapers and Quincies clash in a final battle as Yhwach breaches the Royal Palace. When the Soul King falls, reality begins collapsing. Former enemies unite to storm the transformed palace and face a threat to all existence. A theatrical screening of the first three episodes of the anime featuring an exclusive behind‑the‑scenes conversation with creator Tite Kubo, chief series director Tomohisa Taguchi, and series director Hikaru Murata about the production.",7.5,/tEaeXZZO7SEcDr6yRP31UrrxcX0.jpg,Action|Adventure|Animation|Science Fiction,Hikaru Murata,Masakazu Morita|Noriaki Sugiyama|Yuki Matsuoka|Hiroki Yasumoto|Wataru Takagi,-0.872
1165369,De Gaulle: Liberté,"Part two of a two-part biopic following French army officer Charles De Gaulle's life and political commitment between 1940 and 1945, and trace his development towards a political career.",8.213,/tcypmwT43pt5jWiUyy2BomyPD1Y.jpg,History|Drama,Antonin Baudry,Simon Abkarian|Niels Schneider|Thierry Lhermitte|Karim Leklou|Anamaria Vartolomei,0.3818
1368314,Passenger,"After a young couple witnesses a gruesome highway accident, they soon realize they did not leave the crash scene alone, as a demonic presence called the Passenger that won't stop until it claims them both turns their van life adventure into a nightmare.",6.227,/2sOEJzhPzjTkZSlPbGxOJ7xgIyS.jpg,Horror|Thriller,André Øvredal,Lou Llobell|Jacob Scipio|Melissa Leo|Joseph Lopez|Tony Doupe,0.1265
1673179,AEW x NJPW x CMLL x Stardom Present Forbidden Door 2026,"The 2026 Forbidden Door was a professional wrestling pay-per-view (PPV) event and supershow co-produced by the American promotion All Elite Wrestling (AEW), Mexican promotion Consejo Mundial de Lucha Libre (CMLL) and the Japanese promotions New Japan Pro-Wrestling (NJPW) and World Wonder Ring Stardom (Stardom). It was the fifth annual Forbidden Door event and took place on June 28, 2026 at SAP Center at San Jose in San Jose, California, USA.",8.7,/wpLMH4rzHzeal7aWxyn9DM2k6mj.jpg,,Unknown,William Ospreay|Stephon Strickland|Samuel Ratsch|Konosuke Takeshita|Kyle Greenwood,-0.6808
1247165,Raja Shivaji,"Chronicles the rise of young Shivaji Bhonsale, who challenged the might of established empires to found the Maratha kingdom and lay the groundwork for 'Swarajya' (self-rule) during a turbulent period of Indian history.",6.1,/9e2Wc6sbeU1YdBWLJIDyMcEWrN2.jpg,Action|History|Drama,Riteish Deshmukh,Riteish Deshmukh|Sanjay Dutt|Abhishek Bachchan|Mahesh Manjrekar|Sachin Khedekar,-0.1027
1193501,Whistle,"A misfit group of unwitting high school students stumble upon a cursed object, an ancient Aztec Death Whistle. They discover that blowing the whistle and the terrifying sound it emits will summon their future deaths to hunt them down.",6.332,/vgonf5kGsiijUBjzxKTvechhT28.jpg,Horror|Mystery,Corin Hardy,Dafne Keen|Sophie Nélisse|Sky Yang|Jhaleil Swaby|Alissa Skovbye,-0.8225
1100988,28 Years Later,"Twenty-eight years after the Rage virus outbreak, a heavily-defended island survives connected to the mainland by a single causeway. When one of the group leaves the island into the dark heart of the mainland, he discovers secrets, wonders, and horrors that have mutated not only the infected but other survivors as well.",6.618,/n5FygjEppOvac6yEaowi26nTyw3.jpg,Horror|Thriller|Science Fiction,Danny Boyle,Aaron Taylor-Johnson|Alfie Williams|Ralph Fiennes|Jodie Comer|Jack O'Connell,-0.048
1288059,I Want Your Sex,"When fresh-faced Elliot lands an exciting job for renowned artist, icon and provocateur Erika Tracy, his fantasies come true as Erika taps him to become her sexual muse. But Elliot soon finds himself out of his depth as Erika takes him on a journey more profound than he ever could have imagined, into a world of sex, obsession, power, betrayal and murder.",0.0,/pR7SIX3AwqdoD96OI44oLG98e7g.jpg,Drama|Comedy,Gregg Araki,Olivia Wilde|Cooper Hoffman|Mason Gooding|Chase Sui Wonders|Daveed Diggs,-0.9306
1455079,"You, Me & Tuscany","When a woman crashes at an empty Italian villa, posing as the owner's fiancée, she discovers an unexpected romance that could transform her life.",7.5,/mJS0IF7Af3WpPRhSTDT6rGpiLzw.jpg,Romance|Comedy,Kat Coiro,Halle Bailey|Regé-Jean Page|Marco Calvani|Lorenzo de Moor|Aziza Scott,0.4215
986056,Thunderbolts*,"After finding themselves ensnared in a death trap, seven disillusioned castoffs must embark on a dangerous mission that will force them to confront the darkest corners of their pasts.",7.292,/hqcexYHbiTBfDIdDWxrxPtVndBX.jpg,Action|Science Fiction|Adventure,Jake Schreier,Florence Pugh|Sebastian Stan|Julia Louis-Dreyfus|Lewis Pullman|David Harbour,-0.9442
1310677,Hana Korea,"A young North Korean refugee fights to rebuild her life in fast-paced, hyper-modern South Korea, forcing her to confront the price of freedom and the past she left behind.",0.0,/149V59QChyAq442427WDbnR8oRs.jpg,Drama,Frederik Sølberg,Kim Min-ha|Kim Joo-ryoung|An Seo-hyun|Lee Jong-eun|Lee Joo-mi,0.2023
1688652,Gary,"Two friends go on a work trip and encounter unexpected challenges and local personalities as they navigate their assignment. Their efforts to adapt to unfamiliar surroundings highlights moments of humor, small-town culture and the unpredictable nature of work travel. As they troubleshoot problems, their experience leaves a lasting impression and offers new perspectives on their friendship.",6.488,/jtMuKwlOl4IzpB5fWn9RT9uyy6E.jpg,Drama|Comedy,Christopher Storer,Ebon Moss-Bachrach|Jon Bernthal|Marin Ireland|Gillian Jacobs|Nation Sage Henrikson,0.8126
680493,Return to Silent Hill,"When James receives a mysterious letter from his lost love Mary, he is drawn to Silent Hill—a once-familiar town now consumed by darkness. As he searches for her, James faces monstrous creatures and unravels a terrifying truth that will push him to the edge of his sanity.",5.374,/mdw7bSnE11WpwWf3ViXtnavuqiT.jpg,Mystery|Drama|Horror,Christophe Gans,Jeremy Irvine|Hannah Emily Anderson|Ljiljana Velimirov|Giulia Pelagatti|Evie Templeton,-0.128
1184941,Blue Heron,"In the late 1990s, a family of six settles into their new home on Vancouver Island, as internal dynamics are slowly revealed through the experiences of the youngest child, Sasha. Their fresh start is interrupted by the increasingly dangerous behavior of Jeremy, the family's oldest child.",7.188,/4hfMbVbYc2gsMnSE1K8Oc9LQH4j.jpg,Drama,Sophy Romvari,Eylul Guven|Iringó Réti|Ádám Tompa|Edik Beddoes|Amy Zimmer,-0.2263
1078605,Weapons,"When all but one child from the same class mysteriously vanish on the same night at exactly the same time, a community is left questioning who or what is behind their disappearance.",7.26,/cpf7vsRZ0MYRQcnLWteD5jK9ymT.jpg,Horror|Mystery,Zach Cregger,Julia Garner|Josh Brolin|Alden Ehrenreich|Austin Abrams|Benedict Wong,-0.1531
1234821,Jurassic World Rebirth,"Five years after the events of Jurassic World Dominion, covert operations expert Zora Bennett is contracted to lead a skilled team on a top-secret mission to secure genetic material from the world's three most massive dinosaurs. When Zora's operation intersects with a civilian family whose boating expedition was capsized, they all find themselves stranded on an island where they come face-to-face with a sinister, shocking discovery that's been hidden from the world for decades.",6.275,/1RICxzeoNCAO5NpcRMIgg1XT6fm.jpg,Science Fiction|Adventure|Action,Gareth Edwards,Scarlett Johansson|Mahershala Ali|Jonathan Bailey|Rupert Friend|Manuel Garcia-Rulfo,-0.6369
1062722,Frankenstein,"Dr. Victor Frankenstein, a brilliant but egotistical scientist, brings a creature to life in a monstrous experiment that ultimately leads to the undoing of both the creator and his tragic creation.",7.634,/g4JtvGlQO7DByTI6frUobqvSL3R.jpg,Drama|Fantasy|Horror,Guillermo del Toro,Oscar Isaac|Jacob Elordi|Christoph Waltz|Mia Goth|Felix Kammerer,-0.3182
1711175,Summerween,"On Summerween, a former circus clown escapes a mental institution to return to his abandoned mansion and hunt the teens partying there.",1.0,/oCsyamu5ixofd3yyK9gD7pGfCiF.jpg,Horror,Ryan Ebert,Clint Morrison|Sophia Sabol|Cole Chapleski|Chase Nelson Breithoff|Jihad Milhem,0.0258
1469342,Her Private Hell,"When a mysterious mist engulfs a futuristic metropolis, unleashing a deadly and elusive entity, a troubled young woman searches for her father. Her quest collides with an American GI on a harrowing odyssey to rescue his daughter from Hell.",0.0,/kiFacg75KVjy0AM3S4QmbPas8zL.jpg,Horror|Science Fiction|Thriller,Nicolas Winding Refn,Sophie Thatcher|Charles Melton|Havana Rose Liu|Kristine Froseth|Shioli Kutsuna,-0.7506
533535,Deadpool & Wolverine,"A listless Wade Wilson toils away in civilian life with his days as the morally flexible mercenary, Deadpool, behind him. But when his homeworld faces an existential threat, Wade must reluctantly suit-up again with an even more reluctant Wolverine.",7.575,/8cdWjvZQUExUUTzyp4t6EDMubfO.jpg,Action|Comedy|Science Fiction,Shawn Levy,Ryan Reynolds|Hugh Jackman|Emma Corrin|Matthew Macfadyen|Dafne Keen,-0.8266
1538497,Hexed,"An impulsive and unconventional teenage girl named Billie discovers secret magical abilities which, once unleashed, hurtle her into a spectacle-filled journey out of suburbia and into a vast witch realm called Hexe. Forced to team up with her cautious mother, Alice, they uncover family mysteries that could change the world of witches forever.",0.0,/7QI8EAmNB0F2ijzP4eyyEiQhfKi.jpg,Adventure|Animation|Family|Fantasy,Jason Hand,Hailee Steinfeld|Rashida Jones|Tracey Ullman|Stephen Fry,-0.6369
911430,F1,Racing legend Sonny Hayes is coaxed out of retirement to lead a struggling Formula 1 team—and mentor a young hotshot driver—while chasing one more chance at glory.,7.809,/9PXZIUsSDh4alB80jheWX4fhZmy.jpg,Action|Drama,Joseph Kosinski,Brad Pitt|Damson Idris|Javier Bardem|Kerry Condon|Tobias Menzies,0.5034
1359005,Per Aspera Ad Astra,"Set in the near future, the story revolves around the emergence of the virtual dream reality technology ""Good Dreams"",  which allows people to do whatever they desire within their self-created dreams. However, a crisis triggered by these dreams quietly unfolds.",7.9,/cuNGOSr0oSuBm0uAa28516Iw3Bw.jpg,Drama|Science Fiction|Adventure,Han Yan,Dylan Wang|Victoria Song|Zu Feng|Luo Haiqiong|Wang Duo,0.7845
1220564,The Secret Agent,"Brazil, 1977. Marcelo, a technology expert in his early 40s, is on the run. Hoping to reunite with his son, he travels to Recife during Carnival but soon realizes that the city is not the safe haven he was expecting.",7.238,/iLE2YOmeboeTDC7GlOp1dzh1VFo.jpg,Thriller|Drama|Crime,Kleber Mendonça Filho,Wagner Moura|Alice Carvalho|Gabriel Leone|Isabél Zuaa|Maria Fernanda Cândido,-0.298
1291335,Solo Mio,"After Matt's dreams of a picturesque Italian wedding are shattered when his fiancée leaves him at the altar, he embarks on his planned honeymoon across Italy alone, immersing himself in the country's vibrant culture, food, and beauty, meeting Gia along the way.",7.275,/efSsZJaddeq0LOABZqpCXdMxv9P.jpg,Romance|Comedy,Charles Kinnane,Kevin James|Nicole Grimaudo|Kim Coates|Jonathan Roumie|Alyson Hannigan,0.8126
1315303,Primate,"College student Lucy and her friends spend their vacation at her family's home in Hawaii, which includes her pet chimpanzee, Ben. However, when Ben contracts rabies after being bitten by a rabid animal, the group must fight for their lives in order to avoid the now-violent chimp.",6.531,/rKleYiEj4pFqxedTRWfujLooi84.jpg,Horror,Johannes Roberts,Johnny Sequoyah|Jessica Alexander|Troy Kotsur|Victoria Wyant|Gia Hunter,-0.1779
1409853,Neglected,Detective Shaw is about to retire when he finds out on his last day of work that a serial killer has buried his son alive. He then races against the clock to solve three murders and find his son’s location before he runs out of air.,7.5,/A0gqKFmJ7OArcFob49PErNvzN66.jpg,Action|Thriller,David Lipper,Josh Duhamel|Dylan Sprouse|Til Schweiger|Jeremy London|Jason London,-0.7096
425274,Now You See Me: Now You Don't,"The original Four Horsemen reunite with a new generation of illusionists to take on powerful diamond heiress Veronika Vanderberg, who leads a criminal empire built on money laundering and trafficking. The new and old magicians must overcome their differences to work together on their most ambitious heist yet.",6.491,/oD3Eey4e4Z259XLm3eD3WGcoJAh.jpg,Crime|Thriller,Ruben Fleischer,Jesse Eisenberg|Dominic Sessa|Ariana Greenblatt|Justice Smith|Rosamund Pike,0.7574
1297446,Slanted,"An insecure Chinese-American teenager undergoes experimental surgery to appear white, hoping to secure the prom queen title and peer acceptance.",5.892,/cr2SfN854IlEoZQBtIfpyC0zXR5.jpg,Horror|Comedy|Science Fiction,Amy Wang,Shirley Chen|Mckenna Grace|Amelie Zilber|Vivian Wu|Maitreyi Ramakrishnan,0.6597
402431,Wicked,"In the land of Oz, ostracized and misunderstood green-skinned Elphaba is forced to share a room with the popular aristocrat Glinda at Shiz University, and the two's unlikely friendship is tested as they begin to fulfill their respective destinies as Glinda the Good and the Wicked Witch of the West.",6.905,/xDGbZ0JJ3mYaGKy4Nzd9Kph6M9L.jpg,Drama|Romance|Fantasy,Jon M. Chu,Cynthia Erivo|Ariana Grande|Michelle Yeoh|Jonathan Bailey|Ethan Slater,0.6369
1368881,Ladies First,"An arrogant but charismatic ladies' man finds his life of money, power and casual flings upended when he wakes up in a parallel world dominated by women.",6.017,/kjR56Yv17pbjTVBTMjqepvcus4f.jpg,Comedy|Fantasy,Thea Sharrock,Sacha Baron Cohen|Rosamund Pike|Tom Davis|Emily Mortimer|Weruche Opia,0.0258
1107166,Psycho Killer,"Following the brutal murder of her husband, a Kansas highway patrol officer sets out on a journey to track down the perpetrator. As the hunt progresses, she comes to realize the man responsible is a sadistic serial killer, and the depth of his mental depravity and his sinister agenda is more twisted than anyone could have imagined.",6.429,/5xgxxmLivJXL8aF0HdZfpx8aAIo.jpg,Crime|Horror|Mystery,Gavin Polone,Georgina Campbell|James Preston Rogers|Malcolm McDowell|Logan Miller|Grace Dove,-0.9633
1246049,Dracula,"In late 15th-century Eastern Europe, Prince Vlad II’s bride is brutally murdered. As a result, he renounces God and damns Heaven itself. Cursed with eternal life, Vlad is reborn as Dracula, an immortal warlord who defies fate in a blood-soaked crusade to wrench his lost love back from death.",7.18,/dYRqA50yd0nB3qBR7AtWEJJQ8q.jpg,Horror|Fantasy|Romance,Luc Besson,Caleb Landry Jones|Zoë Bleu Sidel|Christoph Waltz|Matilda De Angelis|Ewens Abid,-0.802
539745,Animal Farm,"A group of farm animals rise up against their neglectful owner, dreaming of equality and freedom. But as the pigs take control, the revolution turns into tyranny, with truth rewritten and dissent crushed.",6.372,/6pzI1DIlxwAFffw9OZcG6cr031U.jpg,Animation|Comedy|Drama|Family|Science Fiction,Andy Serkis,Seth Rogen|Gaten Matarazzo|Steve Buscemi|Glenn Close|Laverne Cox,-0.0387
967941,Wicked: For Good,"As an angry mob rises against the Wicked Witch, Glinda and Elphaba will need to come together one final time. With their singular friendship now the fulcrum of their futures, they will need to truly see each other, with honesty and empathy, if they are to change themselves, and all of Oz, for good.",6.626,/si9tolnefLSUKaqQEGz1bWArOaL.jpg,Fantasy|Adventure|Romance,Jon M. Chu,Cynthia Erivo|Ariana Grande|Jeff Goldblum|Michelle Yeoh|Jonathan Bailey,0.4019
1720282,WWE Night of Champions 2026,"The 2026 Night of Champions, also promoted as Night of Champions: Riyadh, was a professional wrestling premium live event produced by World Wrestling Entertainment (WWE) that took place on June 27, 2026, at Kingdom Arena in Riyadh, Saudi Arabia. The event featured the finals of the 2026 King and Queen of the Ring tournaments, along with championship matches for the WWE United States Championship and WWE Women's United States Championship. It was headlined by an Undisputed WWE Championship Triple Threat match between champion Cody Rhodes, Sami Zayn, and Gunther.",5.0,/jPWp1JcSLLcnhjOTFU3iUeURxph.jpg,Action|Drama,Unknown,Cody Rhodes|Walter Hahn|Rami Sebei|Isaac Odugbesan|Joshua Fatu,0.9819
1397485,Girls Like Girls,"Coley, 17, from rural Oregon, navigates intimacy after her mother's passing. Meeting Sonya sparks new feelings, but self-doubt hinders their connection. Sonya, unfamiliar with dating girls, is uncertain. They learn to embrace emotions.",7.167,/lFjtAAK5jCPXdcKIgpVJ54Hm0G0.jpg,Romance|Drama,Hayley Kiyoko,Maya da Costa|Myra Molloy|Levon Hawke|Zach Braff|Remy Marthaller,0.0387
1309083,Dolly,"Young Macy is abducted by a deranged, monstrous figure who wants to raise her as its child.",5.973,/sTPUg3XtdcKRAS5Vwsi1GYPFhNZ.jpg,Horror,Rod Blackhurst,Max Lindsey|Fabianne Therese|Seann William Scott|Ethan Suplee|Russ Tiller,-0.5106
1214931,Nuremberg,"In postwar Germany, an American psychiatrist must determine whether Nazi prisoners are fit to go on trial for war crimes, and finds himself in a complex battle of intellect and ethics with Hermann Göring, Hitler's right-hand man.",7.579,/xthXNYltOOm80vW5Kxjzxx5gvQ6.jpg,History|Drama,James Vanderbilt,Rami Malek|Russell Crowe|Michael Shannon|Leo Woodall|John Slattery,-0.6486
1255833,Whalefall,"Following the death of his father, Jay Gardiner goes diving off the central Coast of California in search of his remains, but is swallowed by a massive sperm whale. While trapped inside its belly with only one hour of oxygen left, Jay comes to realize that the hard-earned lessons his father imparted may be the key to his escape.",0.0,/wse4S4EuVHSNk9yzsjhdRLmipXk.jpg,Thriller,Brian Duffield,Austin Abrams|Josh Brolin|Elisabeth Shue|John Ortiz|Jane Levy,-0.705
1720282,WWE Night of Champions 2026,"The 2026 Night of Champions, also promoted as Night of Champions: Riyadh, was a professional wrestling premium live event produced by World Wrestling Entertainment (WWE) that took place on June 27, 2026, at Kingdom Arena in Riyadh, Saudi Arabia. The event featured the finals of the 2026 King and Queen of the Ring tournaments, along with championship matches for the WWE United States Championship and WWE Women's United States Championship. It was headlined by an Undisputed WWE Championship Triple Threat match between champion Cody Rhodes, Sami Zayn, and Gunther.",5.0,/jPWp1JcSLLcnhjOTFU3iUeURxph.jpg,Action|Drama,Unknown,Cody Rhodes|Walter Hahn|Rami Sebei|Isaac Odugbesan|Joshua Fatu,0.9819
1397485,Girls Like Girls,"Coley, 17, from rural Oregon, navigates intimacy after her mother's passing. Meeting Sonya sparks new feelings, but self-doubt hinders their connection. Sonya, unfamiliar with dating girls, is uncertain. They learn to embrace emotions.",7.167,/lFjtAAK5jCPXdcKIgpVJ54Hm0G0.jpg,Romance|Drama,Hayley Kiyoko,Maya da Costa|Myra Molloy|Levon Hawke|Zach Braff|Remy Marthaller,0.0387
1309083,Dolly,"Young Macy is abducted by a deranged, monstrous figure who wants to raise her as its child.",5.973,/sTPUg3XtdcKRAS5Vwsi1GYPFhNZ.jpg,Horror,Rod Blackhurst,Max Lindsey|Fabianne Therese|Seann William Scott|Ethan Suplee|Russ Tiller,-0.5106
1214931,Nuremberg,"In postwar Germany, an American psychiatrist must determine whether Nazi prisoners are fit to go on trial for war crimes, and finds himself in a complex battle of intellect and ethics with Hermann Göring, Hitler's right-hand man.",7.579,/xthXNYltOOm80vW5Kxjzxx5gvQ6.jpg,History|Drama,James Vanderbilt,Rami Malek|Russell Crowe|Michael Shannon|Leo Woodall|John Slattery,-0.6486
1226834,This Tempting Madness,"A young woman awakens from a coma grievously injured, memory fractured, her husband arrested. But as she puts together the pieces of her past, she starts to question her own actions — and her perception of reality.",7.667,/eycVPsYXsLMRXgAPGqJTzKvnlzX.jpg,Thriller|Drama,Jennifer E. Montgomery,Simone Ashley|Austin Stowell|Suraj Sharma|Mojean Aria|Amol Shah,-0.5789
87513,Motor City,"In 1970s Detroit, John Miller falls for a local gangster's girl and lands in prison for a crime he didn't commit. With his life ruined, Miller plots revenge against the man who took his girl away.",0.0,/lGovcOtxugJPhfJjFKud9EbWtOA.jpg,Action|Crime,Potsy Ponciroli,Alan Ritchson|Shailene Woodley|Ben Foster|Amar Chadha-Patel|Ben McKenzie,-0.9347
933260,The Substance,"A fading celebrity decides to use a black market drug, a cell-replicating substance that temporarily creates a younger, better version of herself.",7.133,/lqoMzCcZYEFK729d6qzt349fB4o.jpg,Horror|Science Fiction|Thriller,Coralie Fargeat,Demi Moore|Margaret Qualley|Dennis Quaid|Edward Hamilton-Clark|Gore Abrams,0.6124
1491621,Bare Skin,"Victims of extreme trauma are invited to a group therapy session to share their experiences in a safe setting, but as their stories are told, an unsettling truth reveals that they may all be connected in their misfortune.",3.5,/bsRtKyM8aXpiMpx8msOo0IUOEFO.jpg,Horror,Mico Montes,Rachel Alig|Torrey B. Lawrence|Avery Norris|Ariana Livingston|Ryan Wayne,0.4497
1706919,The Ghost in the Shell,"In the year 2029, Niihama City has become a technologically advanced metropolis. Due to great improvements in cybernetics, its citizens are able to replace their limbs with robotic parts. The world is now more interconnected than ever before, and the city's Public Security Section 9 is responsible for combating corruption, terrorism, and other dangerous threats following this shift toward globalisation. Theatrical screening of the first two episodes of the 2026 anime.",7.0,/mKmJJNd8Ge5KY6DtpTE2cXD0xnE.jpg,Animation|Science Fiction,Mokochan,,0.1531
558449,Gladiator II,"Years after witnessing the death of the revered hero Maximus at the hands of his uncle, Lucius is forced to enter the Colosseum after his home is conquered by the tyrannical Emperors who now lead Rome with an iron fist. With rage in his heart and the future of the Empire at stake, Lucius must look to his past to find strength and honor to return the glory of Rome to its people.",6.61,/2cxhvwyEwRlysAmRH4iodkvo0z5.jpg,Action|Adventure|Drama,Ridley Scott,Paul Mescal|Denzel Washington|Pedro Pascal|Connie Nielsen|Joseph Quinn,0.743
1391074,Busboys,"A pair of idiot friends believe that if they become waiters, all of their problems will be solved. They aren't entirely wrong, but they aren't entirely right.",4.192,/z7aBU98usPaaFymldN6IcYRsHZr.jpg,Comedy,Jonah Feingold,David Spade|Theo Von|Bobby Lee|Tim Dillon|Kam Patterson,0.1244
1317149,I Swear,"Diagnosed with Tourette Syndrome at 15, John Davidson navigates his way against the odds through troubled teenage years and into adulthood, finding inspiration in the kindness of others to discover his true purpose in life.",8.241,/vUwyhNWBKkSwK8ELvEeBRwV724h.jpg,Drama|History,Kirk Jones,Robert Aramayo|Maxine Peake|Peter Mullan|Shirley Henderson|Scott Ellis Watson,0.7351
1515899,Billie Eilish - Hit Me Hard and Soft: The Tour (Live in 3D),"Captured during Billie Eilish's sold-out world tour, a concert experience from one of the most celebrated and successful artists of her generation, presented in immersive 3D.",7.5,/zfFvltKHntGBupFuubx3r61v48e.jpg,Music|Documentary,James Cameron,Billie Eilish|FINNEAS|Andrew Marshall|Solomon Smith|Abraham Nouri,0.8425
1465063,Forgotten Island,"While celebrating their last night together, high school graduates and best friends Jo and Raissa stumble upon a mysterious portal that transports them to the fantastical island of Nakali. When they discover that the memories of their entire friendship are the price for returning home, Jo and Raissa will race to find a way to leave the island before they forget each other forever.",0.0,/kW1fH2jZZM5tVHwNaDdUOUXJvWU.jpg,Adventure|Animation|Comedy|Family|Fantasy,Januel Mercado,H.E.R.|Liza Soberano|Dave Franco|Lea Salonga|Manny Jacinto,0.9413
1481343,The Devil's Mouth,"A group of college friends' Thailand adventure turns deadly when they become trapped in submerged caves with a dangerous predator. As oxygen runs low, past conflicts emerge in their desperate fight for survival.",0.0,/lH8k9uCWYn2b2gsYleqYBDPbWa8.jpg,Horror|Thriller,Jeff Wadlow,Kathryn Newton|Lana Condor|Gavin Casalegno|Nico Hiraga|Tommi Rose,-0.8658
1198984,We Bury the Dead,"After a catastrophic military disaster reanimates the dead, Ava searches for her missing husband amidst an increasingly hostile world.",6.0,/xZqo0yPARmyF8TACVNyaOACkYWG.jpg,Horror|Thriller,Zak Hilditch,Daisy Ridley|Brenton Thwaites|Mark Coles Smith|Matt Whelan|Chloe Hurst,-0.9468
1242898,Predator: Badlands,"Cast out from his clan, a young Predator finds an unlikely ally in a damaged android and embarks on a treacherous journey in search of the ultimate adversary.",7.817,/pHpq9yNUIo6aDoCXEBzjSolywgz.jpg,Action|Science Fiction|Adventure,Dan Trachtenberg,Elle Fanning|Dimitrius Schuster-Koloamatangi|Ravi Narayan|Michael Homick|Stefan Grube,-0.5719
1718699,Not Alone,"While preparing for a revolutionary space launch, an introverted rocket mechanic and a brilliant astro-botanist spark an unexpected romance—only for three runaway aliens to crash-land in his home, looking for a ride back to the stars.",0.0,/9HqA8Hxwd7KNs6ttYqRbXtYHLpv.jpg,Animation|Family|Science Fiction|Romance|Comedy,Eric Guillon,Timothée Chalamet|Selena Gomez|Rob Brydon|Diane Morgan|Jamie Demetriou,0.6908
1530510,Mexico 86,"When a last-minute chance to host the 1986 World Cup appears, a cunning Mexican bureaucrat, armed with nothing but guts and audacity, cons his way through FIFA to beat the United States, but in a country of power games, every victory has a price.",7.674,/dj4MbmBrZXzNQpxsLBIxKohRp9b.jpg,Comedy|History|Drama,Gabriel Ripstein,Diego Luna|Karla Souza|Daniel Giménez Cacho|Álvaro Guerrero|Memo Villegas,0.6369
1102883,Mother Mary,Long-buried wounds rise to the surface when iconic pop star Mother Mary reunites with her estranged best friend and former costume designer Sam Anselm on the eve of her comeback performance.,5.651,/qMgUI6pxkPtIuoXX4DcJ6X7bdt2.jpg,Music|Drama|Thriller,David Lowery,Anne Hathaway|Michaela Coel|Hunter Schafer|FKA twigs|Sian Clifford,0.8126
1103473,KD – The Devil,"In the early 1970s, a petty criminal Kaali unwittingly involves himself with underworld thugs, catalyzing events beyond his control.",7.5,/nEuEMJrnLBneE9tJlmzbhCFLu95.jpg,History|Crime|Action|Fantasy,Prem,Dhruva Sarja|Shilpa Shetty Kundra|Sanjay Dutt|Reeshma Nanaiah|V. Ravichandran,-0.6369
1167307,David,"From the songs of his mother’s heart to the whispers of a faithful God, David’s story begins in quiet devotion. When the giant Goliath rises to terrorize a nation, a young shepherd armed with only a sling, a few stones, and unshakable faith steps forward. Pursued by power and driven by purpose, his journey tests the limits of loyalty, love, and courage—culminating in a battle not just for a crown, but for the soul of a kingdom.",8.0,/bESlrLOrsQ9gKzaGQGHXKOyIUtX.jpg,Animation|Drama|Family|History,Phil Cunningham,Brandon Engman|Brian Stivale|Shahar Taboch|Aaron Tavaler|Hector,0.7003
1302904,Practical Magic 2,The Owens sisters must confront the dark curse that threatens to unravel their family once and for all.,0.0,/uA8ytJv17alSiREcUthbYAdiPCX.jpg,Fantasy|Drama|Comedy,Susanne Bier,Sandra Bullock|Nicole Kidman|Joey King|Maisie Williams|Xolo Maridueña,-0.7783
1285951,Chapter 51,"An elusive serial killer known as the Hollywood Killer turns a high-profile film production into a grisly crime scene, murdering three actresses and casting a dark shadow over the troubled project. As fear, speculation, and chaos spread behind the cameras, the production becomes forever linked to a case that shocks Hollywood and remains unresolved. Years later, former FBI agent Thomas Scott reopens the cold case, revisiting the events surrounding the murders and uncovering secrets that refuse to stay buried.",3.0,/4EDvc5HG5f3PvRQp5DEnNAmsD5S.jpg,Comedy|Crime|Mystery,Tyler Shields,Abigail Breslin|Colman Domingo|Allie Marie Evans|Emily Alyn Lind|Monib Abhat,-0.9883
541671,Ballerina,"Taking place during the events of John Wick: Chapter 3 – Parabellum, Eve Macarro begins her training in the assassin traditions of the Ruska Roma.",7.258,/2VUmvqsHb6cEtdfscEA6fqqVzLg.jpg,Action|Thriller|Crime,Len Wiseman,Ana de Armas|Keanu Reeves|Ian McShane|Anjelica Huston|Gabriel Byrne,0.0
889737,Joker: Folie à Deux,"While struggling with his dual identity, Arthur Fleck not only stumbles upon true love, but also finds the music that's always been inside him.",5.408,/aciP8Km0waTLXEYf5ybFK5CSUxl.jpg,Drama|Crime|Thriller,Todd Phillips,Joaquin Phoenix|Lady Gaga|Brendan Gleeson|Catherine Keener|Zazie Beetz,0.3818
1440050,The Breadwinner,After his wife Katie lands a once-in-a-lifetime deal on Shark Tank that takes her on a prolonged business trip - lifelong breadwinner Nate Wilcox now has to fend for his family as a first-time stay-at-home dad.,6.4,/4apG9Xk6HQvV48JKEjSUeiebju7.jpg,Comedy|Family,Eric Appel,Nate Bargatze|Mandy Moore|Stella Grace Fitzgerald|Birdie Borria|Charlotte Ann Tucker,0.4215
1426940,Above the Line,"Six struggling Hollywood hopefuls team up for the ultimate comeback: to rob the Academy Awards from the crooked producer who crushed their dreams. But in a town built on make-believe, pulling off the perfect heist might just be the role of their lives.",8.5,/gOC89NMH4vFcbtqwc7mx9EWxap1.jpg,Action|Comedy|Crime|Drama,Jeffrey Scott Collins,Cedric the Entertainer|Sophia Ali|Gregg Henry|Adhir Kalyan|Reno Wilson,0.5859
1288445,Mutiny,"After witnessing his billionaire boss' murder and being framed for the crime, Cole Reed boards a cargo ship on a one-man crusade to avenge his boss' death only to discover an international conspiracy.",0.0,/aAnTt6KpmbbHbd6xH3FQFlppZjc.jpg,Action|Thriller,Jean-François Richet,Jason Statham|Annabelle Wallis|Roland Møller|Arnas Fedaravičius|Adrian Lester,-0.9477
912649,Venom: The Last Dance,"Eddie and Venom are on the run. Hunted by both of their worlds and with the net closing in, the duo are forced into a devastating decision that will bring the curtains down on Venom and Eddie's last dance.",6.671,/vGXptEdgZIhPg3cGlc7e8sNPC2e.jpg,Science Fiction|Action|Adventure,Kelly Marcel,Tom Hardy|Chiwetel Ejiofor|Juno Temple|Rhys Ifans|Stephen Graham,-0.8074
1234731,Anaconda,"A group of friends facing mid-life crises head to the rainforest with the intention of remaking their favorite movie from their youth, only to find themselves in a fight for their lives against natural disasters, giant snakes and violent criminals.",5.883,/hBxN6dwrANN1ic3a4G9x6JZcR3C.jpg,Adventure|Comedy|Horror,Tom Gormican,Jack Black|Paul Rudd|Steve Zahn|Thandiwe Newton|Daniela Melchior,-0.7351
1380316,Is God Is,"Two sisters embark on an epic quest for revenge, confronting a charged family history that pushes them to extraordinary lengths.",6.106,/rCYQGHdoz7qwYsb6wXETJfUfDLX.jpg,Drama|Thriller,Aleshea Harris,Kara Young|Mallori Johnson|Vivica A. Fox|Sterling K. Brown|Janelle Monáe,-0.7003
933260,The Substance,"A fading celebrity decides to use a black market drug, a cell-replicating substance that temporarily creates a younger, better version of herself.",7.133,/lqoMzCcZYEFK729d6qzt349fB4o.jpg,Horror|Science Fiction|Thriller,Coralie Fargeat,Demi Moore|Margaret Qualley|Dennis Quaid|Edward Hamilton-Clark|Gore Abrams,0.6124
1168190,The Wrecking Crew,"Estranged half-brothers Jonny and James reunite after their father's mysterious death. As they search for the truth, buried secrets reveal a conspiracy threatening to tear their family apart.",7.037,/gbVwHl4YPSq6BcC92TQpe7qUTh6.jpg,Action|Comedy|Crime|Mystery,Ángel Manuel Soto,Dave Bautista|Jason Momoa|Temuera Morrison|Morena Baccarin|Roimata Fox,-0.8555
1419406,The Shadow's Edge,Macau Police brings the tracking expert police officer out of retirement to help catch a dangerous group of professional thieves.,7.852,/cHKo3m8N1fwvEy2ZEr0xGmmMODV.jpg,Action|Crime|Drama|Thriller,Larry Yang,Jackie Chan|Zhang Zifeng|Tony Leung Ka-fai|Ci Sha|Jun,-0.5719
1110034,Kraken,"A marine biologist is doing research on a fish farm when she encounters several strange occurrences. Along with the brutal deaths of two teenagers, all signs point to the deep fjord; can there be more to the depths than the eye can see?",6.41,/xdZ8k5s8DTwWyPBMIcflrYLgcAK.jpg,Horror|Action|Thriller,Pål Øie,Sara Khorami|Mikkel Bratt Silset|Ingvild Holthe Bygdnes|Øyvind Brandtzæg|Jenny Evensen,-0.7096
558449,Gladiator II,"Years after witnessing the death of the revered hero Maximus at the hands of his uncle, Lucius is forced to enter the Colosseum after his home is conquered by the tyrannical Emperors who now lead Rome with an iron fist. With rage in his heart and the future of the Empire at stake, Lucius must look to his past to find strength and honor to return the glory of Rome to its people.",6.61,/2cxhvwyEwRlysAmRH4iodkvo0z5.jpg,Action|Adventure|Drama,Ridley Scott,Paul Mescal|Denzel Washington|Pedro Pascal|Connie Nielsen|Joseph Quinn,0.743
1285959,The Passenger,"Hassan, a Somali-American airport shuttle driver in Minneapolis, is struggling to make ends meet. When Lloyd, a stranded twenty-something at the airport, offers to pay Hassan to take him overland to Chicago, it seems worth the risk. But as the realization grows that his passenger is not what he seems, Hassan finds himself trapped in a terrifying ride that he can’t escape, knowing that saving himself might put countless others in danger.",5.4,/i9XqCdF0jrgqveYUaLjOSiRepIq.jpg,Thriller,Vadim Perelman,Djimon Hounsou|Kodi Smit-McPhee|Leigh-Ann Rose|Carolina Campos|Tegan Couchman,-0.9468
696393,Cold Storage,"When a mutating, highly contagious fungus escapes a sealed facility, two employees – joined by a grizzled bioterror operative – must survive the wildest night shift ever to save humanity from extinction.",6.771,/3HA2iiq982e01EKXJvPFyfMADVM.jpg,Horror|Science Fiction|Comedy,Jonny Campbell,Georgina Campbell|Joe Keery|Sosie Bacon|Vanessa Redgrave|Lesley Manville,0.3117
1493400,Camp Rock 3,"When Connect 3 loses their opening act for a major reunion tour, they return to their beloved Camp Rock to discover the next big thing. As campers vie for the chance to open for their favorite band, tensions rise and friendships are tested - leading to unexpected alliances, revelations, and romances.",0.0,/1w2SIg1TiqqvXSmDsqj104m2UGM.jpg,Music|Comedy|Drama|TV Movie,Veronica Rodriguez,Kevin Jonas|Joe Jonas|Nick Jonas|Liamani Segura|Malachi Barton,0.802
1461254,Salmokji: Whispering Water,"An incident unfolds when a film crew goes to a reservoir to update the road view where an unidentified figure was filmed, and they encounter something in the dark, deep waters.",7.0,/bOl0rJ86WWxVYlQlGttHhHuYiPQ.jpg,Horror|Thriller,Lee Sang-min,Kim Hye-yoon|Lee Jong-won|Kim Jun-han|Kim Young-sung|Oh Dong-min,0.0
1503762,Sense and Sensibility,"A charming, witty, and deeply relatable story of love and sisterhood.",0.0,/sYzWktm1YwJydX92fbSOWHJs33m.jpg,Drama|Romance,Georgia Oakley,Daisy Edgar-Jones|Esmé Creed-Miles|Caitríona Balfe|Bodhi Rae Breathnach|Frank Dillane,0.8402
1450257,Clika,"Aspiring small-town musician Chito is determined to make it big. When a clip of him performing one of his songs goes viral, he seizes the opportunity and pushes to carve out a place for himself in the new wave of Mexican-American music... and ultimately gets caught in a game more dangerous than anticipated.",7.921,/82Vh8PSzWtBi0CLWrnJdRhGYxEr.jpg,Music|Drama,Michael Greene,Jay Dee|Cristian E. Gutierrez|Daniel 'DoKnows' Lopez|Laura Lopez|Nana Ponceleon,0.204
680493,Return to Silent Hill,"When James receives a mysterious letter from his lost love Mary, he is drawn to Silent Hill—a once-familiar town now consumed by darkness. As he searches for her, James faces monstrous creatures and unravels a terrifying truth that will push him to the edge of his sanity.",5.374,/mdw7bSnE11WpwWf3ViXtnavuqiT.jpg,Mystery|Drama|Horror,Christophe Gans,Jeremy Irvine|Hannah Emily Anderson|Ljiljana Velimirov|Giulia Pelagatti|Evie Templeton,-0.128
1184918,The Wild Robot,"After a shipwreck, an intelligent robot called Roz is stranded on an uninhabited island. To survive the harsh environment, Roz bonds with the island's animals and cares for an orphaned baby goose.",8.313,/eG9lz41mJqsI4J6ubMtVqD26q2J.jpg,Family|Animation|Science Fiction|Adventure,Chris Sanders,Lupita Nyong'o|Pedro Pascal|Kit Connor|Bill Nighy|Stephanie Hsu,0.4767
1255833,Whalefall,"Following the death of his father, Jay Gardiner goes diving off the central Coast of California in search of his remains, but is swallowed by a massive sperm whale. While trapped inside its belly with only one hour of oxygen left, Jay comes to realize that the hard-earned lessons his father imparted may be the key to his escape.",0.0,/wse4S4EuVHSNk9yzsjhdRLmipXk.jpg,Thriller,Brian Duffield,Austin Abrams|Josh Brolin|Elisabeth Shue|John Ortiz|Jane Levy,-0.705
1371023,Chand Mera Dil,"Aarav and Chandni's passionate college romance is struck by adulthood far too soon, forcing the two young lovers to balance their ambitions with responsibility and realize the evolved meaning of love.",5.4,/9LPkXJustudEBgPZEm9tgDx5KtC.jpg,Romance|Drama,Vivek Soni,Ananya Panday|Lakshya Lalwani|Aastha Singh|Paresh Pahuja|Manish Chaudhary,0.9274
1101412,Fall 2: Deadpoint,"On a perilous climb across Thailand's Mount Kwan, two climbers become trapped thousands of feet above the ground, where vertigo-inducing heights, sheer exposure, and impossible odds turn every moment into a fight for survival.",0.0,/ckKAdEz49bJ10jCLbCYIzVHJGEu.jpg,Thriller,Michael Spierig,Harriet Slater|Arsema Thomas|Tom Brittney|Einar Haraldsson|Juju Journey Brener,-0.7184
1553969,Sheep in the Box,"Set in the near future, Otone Komoto works as an architect. She is married to Kensuke Komoto, who runs a construction company. The married couple decide to welcome a humanoid robot into their home as their son.",4.8,/9rOCIYYT8Q76FHgl3Nm5ofuc6TQ.jpg,Drama|Science Fiction,Hirokazu Kore-eda,Haruka Ayase|Daigo Yamamoto|Kuwaki Rimu|Nana Seino|Kanichiro,0.4588
1422562,The Moment,"A rising pop sensation navigates fame and industry pressures while preparing for her arena tour debut, revealing the transformation of underground culture into mainstream success.",6.305,/dYgCgTqqMnWdsnP2XirdcFB28ch.jpg,Music|Comedy|Thriller,Aidan Zamiri,Charli xcx|Alexander Skarsgård|Rosanna Arquette|Hailey Benton Gates|Jamie Demetriou,0.6486
1058424,Hope,"In the remote South Korean village of Hope Harbor, police chief Bum-seok and officer Sung-ae are called to investigate a mysterious creature wreaking havoc on the community. But all is not as it seems, and perceptions can be misleading. What begins as ignorance plants the seed of disaster, escalating through human conflict into a tragedy of cosmic proportions.",0.0,/1n37BJchWHLiSYQkuFxe5KjB951.jpg,Science Fiction|Mystery|Action,Na Hong-jin,Hwang Jung-min|Zo In-sung|Hoyeon|Alicia Vikander|Michael Fassbender,-0.975
1558796,Never Change!,"In 2008, the graduating class of North Meadows High School had their senior year cut short due to a disastrous tornado. Now in their mid-30s, they're being forced to return home and finish high school once and for all.",6.4,/yuNToCHZyZybJQ89HSiAR91JEiI.jpg,Comedy,Marty Schousboe,Sofia Black-D'Elia|Carmen Christopher|Jo Firestone|John Reynolds|Gary Richardson,-0.8402
812583,Wake Up Dead Man: A Knives Out Mystery,"When young priest Jud Duplenticy is sent to assist charismatic firebrand Monsignor Jefferson Wicks, it’s clear that all is not well in the pews. After a sudden and seemingly impossible murder rocks the town, the lack of an obvious suspect prompts local police chief Geraldine Scott to join forces with renowned detective Benoit Blanc to unravel a mystery that defies all logic.",7.208,/qCOGGi8JBVEZMc3DVby8rUivyXz.jpg,Thriller|Mystery|Comedy,Rian Johnson,Daniel Craig|Josh O'Connor|Glenn Close|Josh Brolin|Mila Kunis,-0.7363
1165366,De Gaulle: Résistance,"June, 1940. France collapses and signs the armistice. In the midst of the chaos, one man refuses to give up. Alone against the odds, this unknown general flees to London to save what remains of freedom.",7.876,/tMqAZgh0oT09YQuxN94n0z0BVgt.jpg,History|Drama,Antonin Baudry,Simon Abkarian|Simon Russell Beale|Florian Lesieur|Benoît Magimel|Mathieu Kassovitz,-0.0516
1115544,Mike & Nick & Nick & Alice,"Two gangsters and the woman they love try to survive the most dangerous night of their lives. As if that wasn’t enough, there’s one wild ingredient added to the mix: a time machine.",6.689,/7F0jc75HrSkLVcvOXR2FXAIwuEv.jpg,Comedy|Science Fiction|Crime,BenDavid Grabinski,James Marsden|Vince Vaughn|Eiza González|Keith David|Jimmy Tatro,0.204
701387,Bugonia,"Two conspiracy obsessed young men kidnap the high-powered CEO of a major company, convinced that she is an alien intent on destroying planet Earth.",7.311,/oxgsAQDAAxA92mFGYCZllgWkH9J.jpg,Science Fiction|Thriller|Comedy,Yorgos Lanthimos,Emma Stone|Jesse Plemons|Aidan Delbis|Stavros Halkias|Alicia Silverstone,-0.7184
1594694,Lydia and the Mist Rider,"When her older brother Thaddeus is mysteriously kidnapped by the Spellbinder, 11-year-old Lydia sets off to find him in the Misty Sea. Picked up by the crew of a flying ship, the Dolphin, Lydia becomes the apprentice of Ambrosia, a Stargazer. Ambrosia is trying to find other children who have disappeared, including her own son. Determined to solve the mystery, Lydia must learn stargazing magic and ready herself to confront the Spellbinder.",7.0,/olvbI4J5ikw4u3bW06Iyi9BVHoJ.jpg,Animation|Family,Nancy Florence Savard,Sophie Nélisse|Hasani Freeman|Sarah Booth|Mizinga Mwinga|Alexandre Bacon,0.4767
1699970,The Welcome Table,"Tells the story of climate refugees across six continents, celebrating the voices and experiences of people living at the forefront of the climate crisis, displaced from their homes by climate disasters.",3.0,/8cOEREMN6WF4Vf6IgBLU3AqmbeN.jpg,Documentary,Josh Fox,,-0.6124
1327862,Regretting You,"Morgan Grant and her daughter Clara explore what's left behind after a devastating accident reveals a shocking betrayal and forces them to confront family secrets, redefine love, and rediscover each other.",7.0,/z4gVnxTaks3anTycwKjDmvQSuWt.jpg,Romance|Drama,Josh Boone,Mckenna Grace|Mason Thames|Allison Williams|Dave Franco|Sam Morelos,-0.836
1330021,Remarkably Bright Creatures,"Through unlikely bonds formed during night shifts at a local aquarium, Tova, an elderly widow, learns of a life-changing discovery that may bring her joy and wonder once again.",8.6,/9HcEqn3D4J6b2Z0jK54id9nA0fr.jpg,Drama,Olivia Newman,Sally Field|Lewis Pullman|Colm Meaney|Alfred Molina|Joan Chen,0.5859
1177767,Mile End Kicks,"Grace Pine, a 24-year-old music critic, moves to Montreal to write a book on Alanis Morissette's Jagged Little Pill, but her plans are complicated when she becomes romantically involved with two members of an indie band she is covering and decides to become their publicist.",5.8,/qq3Q1tsxAxMqP38YTZKl8m5zmA4.jpg,Comedy|Romance|Music|Drama,Chandler Levack,Barbie Ferreira|Devon Bostick|Stanley Simons|Juliette Gariépy|Jay Baruchel,0.6187
1274706,The Marked Woman,"When a woman is found in a shipping container with no memory of who she is, two detectives race to figure out her identity — and who wants her dead.",5.46,/dyUZ6IKbzmgtdshHevJahpH51Eq.jpg,Thriller|Crime,Gabe Ibáñez,Candela Peña|Ana Rujas|Pol López|Manolo Solo|Kira Miró,-0.7579
1384216,The Dog Stars,"After the world's population has been ravaged by a pandemic, a man lives a lonesome existence in a Colorado airplane hangar with his dog and a dour gunman he has befriended. When a mysterious transmission comes through on the radio while he’s flying his old Cessna, it sparks a hunt for the provenance of the sound.",0.0,/A7i16oDi03qrKep5pBfuTWNUTb.jpg,Adventure|Science Fiction|Thriller,Ridley Scott,Jacob Elordi|Josh Brolin|Margaret Qualley|Guy Pearce|Allison Janney,-0.3612
1556616,Summer House,"Selin travels back in time at a summer house and finds herself in her mother's youth, changing her family's fate and rebuilding her own life.",7.6,/81xUChgVphBFehihIgbXbyneZXP.jpg,Romance|Family|Drama|Mystery,Erdem Tepegöz,Mina Demirtaş|Derya Pınar Ak|Onur Seyit Yaran|Çağdaş Onur Öztürk|Kamil Güler,0.0
541671,Ballerina,"Taking place during the events of John Wick: Chapter 3 – Parabellum, Eve Macarro begins her training in the assassin traditions of the Ruska Roma.",7.258,/2VUmvqsHb6cEtdfscEA6fqqVzLg.jpg,Action|Thriller|Crime,Len Wiseman,Ana de Armas|Keanu Reeves|Ian McShane|Anjelica Huston|Gabriel Byrne,0.0
1309400,The Children of the Resistance,"During the German occupation of World War II, François, Eusèbe, and Lisa, three courageous children, embark on a secret adventure: resisting the Nazis in the heart of France. Through sabotage, hidden messages, and perilous escapes, they carry out clandestine actions right under the enemy's nose. Daring and friendship are their only weapons in the fight against injustice.",6.391,/imsxGd3NaNzdOSZuRCUxDSOU9zU.jpg,Adventure|Drama|History|Family,Christophe Barratier,Artus|Gérard Jugnot|Pierre Deladonchamps|Julien Arruti|Oscar Boissière,-0.7096
1632334,Kraken. El libro negro de las horas,,5.8,/xvT7NrTfJMpVRENgvoD87b1di8N.jpg,Crime|Mystery|Thriller,Manuel Sanabria,Alejo Sauras|Maggie Civantos|Natalia Rodríguez|Martin Urrutia|Aitziber Luma,0.0
1418901,Mother's Pride,"A comedy about a failing pub, a divided community and a grieving family whose lives are changed by brewing real ale and entering the Great British Beer Awards.",5.563,/fg3o1a8Tl532lbuF9zkY4S8VBL5.jpg,Comedy|Drama,Nick Moorcroft,Jonno Davies|James Buckley|Martin Clunes|Mark Addy|Gabriella Wilde,0.4588
1193550,California Schemin',"In the late 1990s, Gavin Bain and Billy Boyd had their musical ambitions consistently ridiculed for having the 'wrong' accents, so they went for broke and reinvented themselves as Californian rappers. The duo re-recorded their own tracks with fake accents and turned up in London claiming to be an established duo on the Cali scene as well as childhood friends with Eminem. They quickly bagged themselves a record deal, a hefty sum in advances, and an appearance on MTV... until it all came crashing down.",6.0,/2tYRbCPZVQD1AjZ6YGMRx71lbDU.jpg,Music|Comedy|Drama,James McAvoy,Séamus McLean Ross|Samuel Bottomley|James McAvoy|Lucy Halliday|Amber Anderson,-0.4939
1290417,Thrash,"When a Category 5 hurricane decimates a coastal town, the storm surge brings devastation, chaos, and something far more frightening onto shore: hungry sharks.",6.049,/adk8weka3O5648g3de4z3y4aE7G.jpg,Horror|Thriller,Tommy Wirkola,Phoebe Dynevor|Whitney Peak|Djimon Hounsou|Alyla Browne|Stacy Clausen,-0.8748
1235746,Dead of Winter,"A widowed fisherwoman, travelling alone through snowbound northern Minnesota, interrupts the kidnapping of a teenage girl. Hours from the nearest town and with no phone service, she realizes that she is the young girl's only hope.",6.366,/5DcrN62sGAiRJxt8rXSRlSRLwIE.jpg,Thriller|Action,Brian Kirk,Emma Thompson|Judy Greer|Marc Menchaca|Laurel Marsden|Gaia Wise,-0.6908
1204680,Coyote vs ACME,"After Acme products fail him one too many times in his dogged pursuit of the Roadrunner, Wile E. Coyote decides to hire a billboard lawyer to sue the Acme Corporation.",0.0,/7zNmJP6z6mDAp4LouacYkGSBUQv.jpg,Comedy|Adventure|Mystery|Family,Dave Green,Will Forte|Lana Condor|Tone Bell|John Cena|Eric Bauza,-0.5423
1706919,The Ghost in the Shell,"In the year 2029, Niihama City has become a technologically advanced metropolis. Due to great improvements in cybernetics, its citizens are able to replace their limbs with robotic parts. The world is now more interconnected than ever before, and the city's Public Security Section 9 is responsible for combating corruption, terrorism, and other dangerous threats following this shift toward globalisation. Theatrical screening of the first two episodes of the 2026 anime.",7.0,/mKmJJNd8Ge5KY6DtpTE2cXD0xnE.jpg,Animation|Science Fiction,Mokochan,,0.1531
1686834,A Castle of Our Own,"When an overworked architect takes an unexpected summer trip, a sandcastle contest and a contractor help her reconnect with her daughter, rediscover joy, and find love she never saw coming.",0.0,/mW0iFbX9JFhR8yMd8Wnu9t5cpZn.jpg,Romance|TV Movie,Kay Metchie,Brennan Elliott|Erica Cerra|Sarah Sheehan|Sophie Thom|David James Lewis,0.8934
991494,The SpongeBob Movie: Search for SquarePants,"Desperate to be a big guy, SpongeBob sets out to prove his bravery to Mr. Krabs by following The Flying Dutchman – a mysterious swashbuckling ghost pirate – on a seafaring adventure that takes him to the deepest depths of the deep sea, where no Sponge has gone before.",6.835,/xJnOMMsFASxNiFnG7v3TNIQ3ife.jpg,Adventure|Animation|Comedy|Family|Fantasy,Derek Drymon,Tom Kenny|Clancy Brown|Rodger Bumpass|Bill Fagerbakke|Carolyn Lawrence,-0.0772
1365378,The American Dream,"No one would have bet on Jérémy, stuck behind the counter of a video store, or on Bouna, who cleans airports. With no money, no connections, and painfully poor English, who could have predicted they’d one day become big-name agents in the NBA? What they lack in experience, they will make up for in audacity, while remaining true to their one credo, doing business with a human touch. Scouting raw talent while improvising their way up, they’ll fake it until they make it – chasing their American Dream and landing multi-million-dollar deals.",7.4,/hQagR2IJiVN2FBFWmuz7XOQdVOF.jpg,Comedy,Anthony Marciano,Jean-Pascal Zadi|Raphaël Quenard|Gregory Defleur|David Clark|Josh Casaubon,-0.8979
1214684,Kiss of the Spider Woman,"Valentín, a political prisoner, shares a cell with Molina, a window dresser convicted of public indecency. The two form an unlikely bond as Molina recounts the plot of a Hollywood musical starring his favorite silver screen diva, Ingrid Luna.",6.1,/c8zDeDq0Uatjly6Fh4ycmWuoLYy.jpg,Romance|Music|Drama|Thriller,Bill Condon,Diego Luna|Tonatiuh|Jennifer Lopez|Bruno Bichir|Josefina Scaglione,0.1779
1223601,Sisu: Road to Revenge,"Returning to the house where his family was brutally murdered during the war, ""the man who refuses to die"" dismantles it, loads it on a truck, and is determined to rebuild it somewhere safe in their honor. When the commander who killed his family comes back hellbent on finishing the job, a relentless, eye-popping cross-country chase ensues.",7.3,/roCMOuMQ55Z2TxVx1vZZTevlo0n.jpg,Action|War|Thriller,Jalmari Helander,Jorma Tommila|Stephen Lang|Richard Brake|Tommi Korpela|Kaspar Velberg,-0.9325
1450527,Forbidden Fruits,"Free Eden employee Apple secretly runs a witchy femme cult in the basement of the mall store after hours - with fellow fruits Cherry and Fig. But when new hire Pumpkin challenges their performative sisterhood, the women are forced to face their own poisons or succumb to a bloody fate.",6.164,/pnigbxrX1IgbJsv4OjGpsA36ITY.jpg,Horror|Comedy,Meredith Alloway,Lili Reinhart|Lola Tung|Victoria Pedretti|Alexandra Shipp|Emma Chamberlain,-0.9062
1223601,Sisu: Road to Revenge,"Returning to the house where his family was brutally murdered during the war, ""the man who refuses to die"" dismantles it, loads it on a truck, and is determined to rebuild it somewhere safe in their honor. When the commander who killed his family comes back hellbent on finishing the job, a relentless, eye-popping cross-country chase ensues.",7.3,/roCMOuMQ55Z2TxVx1vZZTevlo0n.jpg,Action|War|Thriller,Jalmari Helander,Jorma Tommila|Stephen Lang|Richard Brake|Tommi Korpela|Kaspar Velberg,-0.9325
1450527,Forbidden Fruits,"Free Eden employee Apple secretly runs a witchy femme cult in the basement of the mall store after hours - with fellow fruits Cherry and Fig. But when new hire Pumpkin challenges their performative sisterhood, the women are forced to face their own poisons or succumb to a bloody fate.",6.164,/pnigbxrX1IgbJsv4OjGpsA36ITY.jpg,Horror|Comedy,Meredith Alloway,Lili Reinhart|Lola Tung|Victoria Pedretti|Alexandra Shipp|Emma Chamberlain,-0.9062
1038392,The Conjuring: Last Rites,Paranormal investigators Ed and Lorraine Warren take on one last terrifying case involving mysterious entities they must confront.,6.9,/byWgphT74ClOVa8EOGzYDkl8DVL.jpg,Horror,Michael Chaves,Patrick Wilson|Vera Farmiga|Mia Tomlinson|Ben Hardy|Rebecca Calder,-0.6597
1087192,How to Train Your Dragon,"On the rugged isle of Berk, where Vikings and dragons have been bitter enemies for generations, Hiccup stands apart, defying centuries of tradition when he befriends Toothless, a feared Night Fury dragon. Their unlikely bond reveals the true nature of dragons, challenging the very foundations of Viking society.",7.934,/53dsJ3oEnBhTBVMigWJ9tkA5bzJ.jpg,Fantasy|Family|Action|Adventure,Dean DeBlois,Mason Thames|Nico Parker|Gerard Butler|Nick Frost|Gabriel Howell,-0.8979
1119377,Xeno,"A teenage girl develops an otherworldly bond with an alien after it crash-lands in the desert. As government agents close in, she must protect her new friend, while uncovering a secret that could change the fate of both their worlds.",6.336,/bXJD04oDre4ZiW6CapzBuJyyp4w.jpg,Adventure|Drama|Mystery|Science Fiction,Matthew Loren Oates,Lulu Wilson|Wrenn Schmidt|Trae Romano|Omari Hardwick|Paul Schneider,0.7003
1716513,Extreme Makeover: Homer Edition,"Homer and Marge's fun couples' date night goes off the rails when Marge learns Homer left the kids unsupervised with only the doorbell camera as a babysitter. Frustrated with her imperfect husband, a tipsy Marge stirs up a trilogy of fantasies of a different Homer.",7.636,/vim76mMXig00YRxN2iGYJASoGkP.jpg,Animation|Comedy|Family,Matthew Nastuk,Dan Castellaneta|Julie Kavner|Nancy Cartwright|Yeardley Smith|Harry Shearer,-0.34
1427832,No Hit Wonder,"Daniel is a singer who became famous overnight thanks to one song. But for the aspiring artist, the dream of fame was short-lived: his song turned out to be a one-hit wonder, and Daniel fell into a deep depression when his subsequent songs failed to connect with audiences. Daniel soon finds himself with few options left – he wants to end his life. However, his suicide attempt fails and he ends up in a secure psychiatric ward. He is allowed to leave on one condition: he must use his music to make a group of depressed people happy.",6.964,/91Nc6a2utk3K3wtosrkyQ5z3sxM.jpg,Comedy|Drama,Florian Dietrich,Florian David Fitz|Nora Tschirner|Jerusha Wahlen|Corinna Kirchhoff|Bernd Hölscher,-0.8945
1124566,Sentimental Value,"Sisters Nora and Agnes reunite with their estranged father, the charismatic Gustav, a once-renowned director who offers stage actress Nora a role in what he hopes will be his comeback film. When Nora turns it down, she soon discovers he has given her part to an eager young Hollywood star.",7.446,/pz9NCWxxOk3o0W3v1Zkhawrwb4i.jpg,Drama,Joachim Trier,Renate Reinsve|Stellan Skarsgård|Inga Ibsdotter Lilleaas|Elle Fanning|Anders Danielsen Lie,0.6486
1010755,The Strangers: Chapter 3,"Tethered by a frightening conclusion, Maya and the Strangers are locked on an unavoidable, unforgiving collision course — a showdown that proves they’re far from strangers now.",5.919,/dWi4D1rUX1Pg4MaafpwwssqJ9lv.jpg,Horror|Thriller,Renny Harlin,Madelaine Petsch|Richard Brake|Ema Horvath|Gabriel Basso|Pedro Leandro,-0.6908
1263337,Heart of the Beast,"After a harrowing plane crash, Special Forces officer James Belmont and his combat dog, Odin, find themselves stranded deep in the Alaskan wilderness. Together, they are forced into a brutal fight for survival against the elements.",0.0,/1ApfSA8JTqeha3GTFEY8syV4auq.jpg,Action|Adventure,David Ayer,Brad Pitt|J.K. Simmons|Anna Lambe,-0.9022
1084187,Pretty Lethal,A troupe of ballerinas find themselves fighting for survival as they attempt to escape from a remote inn after their bus breaks down on the way to a dance competition.,6.776,/znTPnXCK3lEQJgqXCvP7e5FUz6f.jpg,Action|Music|Thriller,Vicky Jewson,Maddie Ziegler|Lana Condor|Iris Apatow|Millicent Simmonds|Avantika,-0.2023
1698856,Master of the Universe,"A young man must use his untapped powers to fight back against an evil alien and their army, who will stop at nothing to take over Earth and then the universe.",4.5,/5BoP5TmqCnbjPGf7ROYm9LdxtKw.jpg,Adventure|Science Fiction,Marcel Walz,Matthew Gademske|Morgan Flanagan|Jay Krymis|Antonio Valles|Telisha Johnson,-0.8481
1057265,Peddi,"In 1980s rural Andhra Pradesh, a spirited villager unites his community through sports to defend their pride against a powerful rivals.",6.1,/kJAJNNBYlbqAcpTDxBNnaILSMTy.jpg,Action|Drama,Buchi Babu Sana,Ram Charan|Janhvi Kapoor|Shiva Rajkumar|Jagapati Babu|Divyendu Sharma,0.7579
999136,Do Not Enter,"A group of young explorers investigates an old abandoned hotel, only to encounter a strange supernatural being and a competing group looking for a legendary hidden treasure.",5.424,/stM9N7eJmHKLmFR59JG4tLdN7Wk.jpg,Horror,Marc Klasfeld,Francesca Reale|Nicholas Hamilton|Adeline Rudolph|Jake Manley|Shane Paul McGhie,-0.3818
1390382,Couture,"In the frenzy of Fashion Week, three women cross paths in Paris, grappling with the world's tragedies and the questions of their lives: Maxine, an American film director in her forties, discovers she has cancer; Ada, a young South Sudanese model, escapes a predetermined destiny to be thrust into a deceptive universe and French makeup artist Angèle, a small hand working in the shadows of the catwalks, dreams of escaping her life.",6.3,/pie2ouNdXYKEMXtF2Kvj0H4LzOr.jpg,Drama,Alice Winocour,Angelina Jolie|Anyier Anei|Ella Rumpf|Louis Garrel|Vincent Lindon,-0.4588
1007734,Nobody 2,"Former assassin Hutch Mansell takes his family on a nostalgic vacation to a small-town theme park, only to be pulled back into violence when they clash with a corrupt operator, a crooked sheriff, and a ruthless crime boss.",6.923,/svXVRoRSu6zzFtCzkRsjZS7Lqpd.jpg,Action|Thriller|Comedy,Timo Tjahjanto,Bob Odenkirk|Connie Nielsen|John Ortiz|Colin Hanks|RZA,-0.8225
1694978,Chum,"A newlywed couple joins friends on a Mediterranean yacht excursion, only to find themselves caught between a predatory shark and a psychopathic killer in their midst-transforming a sun-drenched escape into a fight for survival.",5.05,/uJOW6pWxJ0i5sji9VXRR6Y1wXyE.jpg,Horror,Jonathan Zuck,Alice Eve|Eric Michael Cole|Jim Klock|Elle Haymond|Sarah Siadat,-0.4767
1228246,Five Nights at Freddy's 2,"One year since the supernatural nightmare at Freddy Fazbear's Pizza, the stories about what transpired there have been twisted into a campy local legend, inspiring the town's first ever Fazfest. With the truth kept from her, Abby sneaks out to reconnect with Freddy, Bonnie, Chica, and Foxy, setting into motion a terrifying series of events that will reveal dark secrets about the real origin of Freddy's, and unleash a decades-hidden horror.",6.646,/udAxQEORq2I5wxI97N2TEqdhzBE.jpg,Horror|Thriller,Emma Tammi,Josh Hutcherson|Piper Rubio|Elizabeth Lail|Matthew Lillard|Freddy Carter,-0.5106
822119,Captain America: Brave New World,"After meeting with newly elected U.S. President Thaddeus Ross, Sam finds himself in the middle of an international incident. He must discover the reason behind a nefarious global plot before the true mastermind has the entire world seeing red.",5.965,/pzIddUEMWhWzfvLI3TwxUG2wGoi.jpg,Action|Thriller|Science Fiction,Julius Onah,Anthony Mackie|Harrison Ford|Danny Ramirez|Shira Haas|Tim Blake Nelson,0.4215
1232667,"Miss You, Love You","A blunt, grieving widow is forced to plan her husband’s funeral with a total stranger: her estranged gay son’s gay assistant. As they fumble through grief and their strange, darkly funny circumstances, buried secrets and long-held resentments surface, but their partnership becomes an unlikely conduit for connection, laughter, and healing for this mother and her unexpected surrogate son.",6.5,/aVt8ubqnuBU8R5MVNbuf9OTy8sa.jpg,Drama,Jim Rash,Allison Janney|Andrew Rannells|Suzy Nakamura|Bonnie Hunt|Oscar Nuñez,-0.2732
1442396,Nagabandham - The Secret Treasure,"A chosen warrior protects a mystical, serpent-bound Himalayan temple from those seeking to steal the power of the Brahma Kamalam, a divine relic.",0.0,/7r4QUxZ454CSIRLWa1vjNyBG5xk.jpg,Drama|Fantasy|Action,Abhishek Nama,Virat Karrna|Nabha Natesh|Daksha Nagarkar|Anasuya Bharadwaj|Mahesh Manjrekar,0.4019
939243,Sonic the Hedgehog 3,"Sonic, Knuckles, and Tails reunite against a powerful new adversary, Shadow, a mysterious villain with powers unlike anything they have faced before. With their abilities outmatched in every way, Team Sonic must seek out an unlikely alliance in hopes of stopping Shadow and protecting the planet.",7.613,/d8Ryb8AunYAuycVKDp5HpdWPKgC.jpg,Action|Science Fiction|Comedy|Family,Jeff Fowler,Ben Schwartz|Jim Carrey|Keanu Reeves|Idris Elba|Colleen O'Shaughnessey,0.1531
574475,Final Destination Bloodlines,"Plagued by a violent recurring nightmare, college student Stefanie heads home to track down the one person who might be able to break the cycle and save her family from the grisly demise that inevitably awaits them all.",7.037,/6WxhEvFsauuACfv8HyoVX6mZKFj.jpg,Horror|Mystery,Adam Stein,Kaitlyn Santa Juana|Teo Briones|Rya Kihlstedt|Richard Harmon|Owen Patrick Joyner,-0.1027
1033148,Die My Love,"After inheriting a remote Montana house, Jackson moves there from New York with his partner Grace, and the couple soon welcome a child. As Jackson becomes increasingly absent and rural isolation sets in, Grace struggles with loneliness, creative frustration, and unresolved emotional wounds. What begins as an attempt at renewal gradually turns into an intense psychological descent, placing strain on their relationship and exposing the fragile balance between love, identity, and motherhood.",6.117,/kajpShbFhOdpl6yCrLezMrr9tB4.jpg,Drama,Lynne Ramsay,Jennifer Lawrence|Robert Pattinson|Sissy Spacek|LaKeith Stanfield|Nick Nolte,0.6369
1536559,Double Happiness,"Tim Kao, the meticulous head chef of a five-star hotel in Taiwan, is set to marry his Hong Kong fiance Daisy Wu. But Tim’s divorced parents refuse to attend the same ceremony, and each insists on hosting their own. To complicate things further, the Feng Shui master chooses the same auspicious date for both events. Tim, Daisy, their wedding planner Regina, and the best man Tsai must orchestrate two weddings simultaneously in the same hotel, without either parent finding out. Surrounded by a strict father, a demanding mother, and a cast of sharp-tongued relatives, Tim must confront the traumas of his upbringing and ask himself: is he truly ready to start a new family of his own?",6.4,/1N5lbL2x4Bz7YBjEWtu34VRBKCe.jpg,Drama,Joseph Hsu,Liu Kuan-ting|Jennifer Yu|Yang Kuei-mei|Tenky Tin Kai-Man|Tou Tsung-hua,0.5267
1371151,Off the Grid,"After a morally-bankrupt company tries to weaponize a brilliant scientist's revolutionary technology, he goes off the grid to safeguard humanity. When the company sends a strike force to find him, they make their biggest mistake of all – they weaponize the man they are trying to catch.",6.288,/mMUVnkcx2VawTBJYnnnRN8fxJpb.jpg,Action|Thriller,Johnny Martin,Josh Duhamel|Greg Kinnear|María Elisa Camargo|Peter Stormare|Ricky Russert,0.5423
1218925,Chainsaw Man - The Movie: Reze Arc,"In a brutal war between devils, hunters, and secret enemies, a mysterious girl named Reze has stepped into Denji's world, and he faces his deadliest battle yet, fueled by love in a world where survival knows no rules.",8.5,/3uX6xo6kZrylBrMIyLtrOS5BR9p.jpg,Animation|Action|Romance|Fantasy,Tatsuya Yoshihara,Kikunosuke Toya|Tomori Kusunoki|Reina Ueda|Shogo Sakata|Karin Takahashi,-0.9382
1594914,Lucky Strike,"A wounded American soldier fights to survive behind enemy lines during WWII's Battle of the Bulge against the Germans, relying on his instinct, spy craft and a hand-radio to evade capture and find his way back to his unit.",6.5,/kzRAd7mj39ZY3FGNrDdZjqx56tn.jpg,Action|War,Rod Lurie,Scott Eastwood|Colin Hanks|Aunjanue Ellis-Taylor|Taylor John Smith|Lorne MacFadyen,-0.8316
1226578,Longlegs,"FBI Agent Lee Harker is a gifted new recruit assigned to the unsolved case of an elusive serial killer. As the case takes complex turns, unearthing evidence of the occult, Harker discovers a personal connection to the merciless killer and must race against time to stop him before he claims the lives of another innocent family.",6.521,/1EwNyiiNFd863H4e8nWEzutnZD7.jpg,Crime|Horror|Mystery,Osgood Perkins,Maika Monroe|Nicolas Cage|Blair Underwood|Alicia Witt|Michelle Choi-Lee,-0.8555
858035,Klara and the Sun,"When Klara, an Artificial Friend who wants nothing more than to find the perfect home, meets Josie, each immediately senses a kindred spirit in the other. Josie has a fraught relationship with her mother and they've suffered great loss, but Klara's innocent wonder and unwavering loyalty begin to heal the family and bring light to Josie's complicated world.",0.0,/xqovj2p6HRsgHxN81qYAYF4StgM.jpg,Science Fiction|Drama|Comedy,Taika Waititi,Jenna Ortega|Mia Tharia|Amy Adams|Natasha Lyonne|Aran Murphy,0.9091
947502,In Waves,"In Los Angeles, AJ, a shy teenager, meets Kristen. She lives for surfing; he loves skateboarding and drawing. They fall madly in love, and a happy future seems within reach. But everything changes when Kristen faces a sudden illness. Together, they face adversity, driven by the strength of their love, their friends, and their newly shared passion for surfing and the ocean.",8.0,/3z3gZ6faikQ81EM19zTX4lHfpwL.jpg,Animation|Romance|Drama,Phuong Mai Nguyen,Rio Vega|Lyna Khoudri|Paul Kircher|Birane Ba|Gauthier Battoue,0.9643
575265,Mission: Impossible - The Final Reckoning,"Ethan Hunt and team continue their search for the terrifying AI known as the Entity — which has infiltrated intelligence networks all over the globe — with the world's governments and a mysterious ghost from Hunt's past on their trail. Joined by new allies and armed with the means to shut the Entity down for good, Hunt is in a race against time to prevent the world as we know it from changing forever.",7.172,/z53D72EAOxGRqdr7KXXWp9dJiDe.jpg,Action|Thriller|Adventure,Christopher McQuarrie,Tom Cruise|Hayley Atwell|Ving Rhames|Simon Pegg|Esai Morales,0.0258
1433367,One Night Only,Two love-starved strangers crash into each other on the one night of the year when single people are allowed to have sex.,0.0,/gzy1L7wqkFRznQPv4WrdPQ9bCJ8.jpg,Comedy|Romance,Will Gluck,Monica Barbaro|Callum Turner|Maya Hawke|Julia Fox|King Princess,-0.4019
1294203,My Fault: London,"18-year-old Noah moves from America to London, with her mother who's recently fallen in love with William, a wealthy British businessman. Noah meets William’s son, bad-boy Nick, and soon discovers there is an attraction between them neither can avoid. As Noah spends the summer adjusting to her new life, her devastating past will catch up with her while falling in love for the first time.",7.372,/ttN5D6GKOwKWHmCzDGctAvaNMAi.jpg,Drama|Romance,Dani Girdwood,Asha Banks|Matthew Broome|Eve Macklin|Ray Fearon|Enva Lewis,0.812
1542261,Doraemon the Movie: New Nobita and the Castle of the Undersea Devil,"Nobita and friends finds a secret underwater castle packed with mysteries and riches. With Doraemon's high-tech gadgets, they dive into an ocean adventure mixing humor, teamwork, and imagination in a breathtaking aquatic world.",7.5,/j0n3oaUqbig4Gb0yG1GPrb2KRyl.jpg,Animation|Adventure|Fantasy|Family,Tetsuo Yajima,Wasabi Mizuta|Megumi Oohara|Yumi Kakazu|Subaru Kimura|Tomokazu Seki,0.9169
1146344,Misdirection,"A desperate couple have pulled off a string of high-end break-ins to pay off a mob debt. When they attempt to rob their latest victim, they find themselves caught in a deadly game of cat and mouse. The tables are turned and the hunters become the hunted.",6.103,/z7padnoIDHbmxPdqEHryhqlaVqc.jpg,Thriller|Action,Kevin Lewis,Olga Kurylenko|Frank Grillo|Oliver Trevena|Landa Morland|Vladislav Lapidus,-0.872
1721336,WWE Night of Champions 2026,"The 2026 Night of Champions, also promoted as Night of Champions: Riyadh, was a professional wrestling pay-per-view (PPV) and livestreaming event produced by the American company WWE. It is the 12th Night of Champions and took place on Saturday, June 27, 2026, at the Kingdom Arena in Riyadh, Saudi Arabia for the second consecutive year, held for wrestlers from the Raw and SmackDown brand divisions. Six matches were contested at the event. In the main event, Cody Rhodes looks to defend his SmackDown's Undisputed WWE Championship against Sami Zayn and Gunther in a triple threat match.",7.7,/stQKOiNlw26ms301j7yXmZelZPe.jpg,Adventure|Drama,Unknown,,0.91
617126,The Fantastic 4: First Steps,"Against the vibrant backdrop of a 1960s-inspired, retro-futuristic world, Marvel's First Family is forced to balance their roles as heroes with the strength of their family bond, while defending Earth from a ravenous space god called Galactus and his enigmatic Herald, Silver Surfer.",6.958,/nf5qaSEvyYSNeFH0YhSs5EsBLX9.jpg,Science Fiction|Adventure|Action,Matt Shakman,Pedro Pascal|Vanessa Kirby|Ebon Moss-Bachrach|Joseph Quinn|Ralph Ineson,0.8402
1367220,Karuppu,"In a world where justice falters, guardian deity Vettai Karuppu takes the guise of a lawyer to battle a corrupt legal system preying on the powerless.",6.6,/4KZXlZ5tTT6ghbW77gS4hSLkCd7.jpg,Action|Fantasy,RJ Balaji,Suriya|Trisha Krishnan|RJ Balaji|Indrans|Anagha Maya Ravi,-0.2263
1543151,King Kaew,"After a child in her care dies, a young woman is executed for a crime she didn't commit. Now, her spirit seeks justice for her wrongful death.",2.7,/pPdHuTs4RAdxs0yaXnlxl1AM3f1.jpg,Horror|Crime|Drama,Ekkachai Srivichai,Intira Jaroenpura|Apinya Sakuljaroensuk|Napat Injaieua|Pympan Chalayanacupt|Ekkachai Srivichai,-0.2472
1367220,Karuppu,"In a world where justice falters, guardian deity Vettai Karuppu takes the guise of a lawyer to battle a corrupt legal system preying on the powerless.",6.6,/4KZXlZ5tTT6ghbW77gS4hSLkCd7.jpg,Action|Fantasy,RJ Balaji,Suriya|Trisha Krishnan|RJ Balaji|Indrans|Anagha Maya Ravi,-0.2263
1543151,King Kaew,"After a child in her care dies, a young woman is executed for a crime she didn't commit. Now, her spirit seeks justice for her wrongful death.",2.7,/pPdHuTs4RAdxs0yaXnlxl1AM3f1.jpg,Horror|Crime|Drama,Ekkachai Srivichai,Intira Jaroenpura|Apinya Sakuljaroensuk|Napat Injaieua|Pympan Chalayanacupt|Ekkachai Srivichai,-0.2472
1477712,Ice Cream Man,An idyllic summer town descends into madness when an ice cream man serves kids sweet delights with horrifying results.,0.0,/c987gxFjXqYOxZEZKcTkS1ONTWH.jpg,Horror|Thriller,Eli Roth,Ari Millen|Charlie Zeltzer|Shiloh O’Reilly|Kiori Mirza Waldman|Sarah Abbott,-0.1531
1445363,EPiC: Elvis Presley in Concert,"Long-lost footage from Elvis Presley's legendary Las Vegas residency in the 1970s woven together with rare 16mm footage from Elvis on Tour, and 8mm from the Graceland archive, plus recordings of Elvis telling ""his side of the story"" rediscovered during Baz Luhrmann's research for his 2022 film, Elvis.",8.256,/2K2NH5dforjT9kLcUC0eeBpdZkC.jpg,Music|Documentary,Baz Luhrmann,Elvis Presley|James Burton|John Wilkinson|Charlie Hodge|Jerry Scheff,0.0
1446616,Tu Yaa Main,"A wannabe rapper from the outskirts of Mumbai and an affluent influencer elope to a coastal town, only to find themselves trapped in the pool of a derelict resort fighting for survival against the wrath of a ferocious crocodile.",6.5,/nUPnA0I1MTaZRVCsUQc5DS5JA8W.jpg,Thriller|Romance,Bejoy Nambiar,Adarsh Gourav|Shanaya Kapoor|Kshitee Jog|Parul Gulati|Ansh Chopra,-0.743
1306884,Gorky Resort,"The year is 1939. The world is falling into chaos. Thousands of Poles, held by the Russians in a former monastery, are subjected to brutal indoctrination. An ambitious enemy agent makes it a point of honour to break the resistance of one of them. He is a young, world-famous pianist, respected by his fellow prisoners. His capitulation may result in winning many others over to the enemy's side. An insidious game begins, full of sophisticated manipulation, threats and promises. Can the young artist, a loving father and husband, win a duel with an agent backed by the power and perfidy of the Russian system?",7.0,/hbkGSbaH5stix008VRYQBBUYwhQ.jpg,History|Thriller|War,Łukasz Palkowski,Jakub Gierszał|Aidan Gillen|Julia Pietrucha|Bogusław Linda|Wojciech Mecwaldowski,0.7964
1022787,Elio,"Elio, a space fanatic with an active imagination, finds himself on a cosmic misadventure where he must form new bonds with eccentric alien lifeforms, navigate a crisis of intergalactic proportions and somehow discover who he is truly meant to be.",6.911,/7z8jDiTZZco9moIKpTUImFtTy7o.jpg,Animation|Adventure|Science Fiction|Family,Madeline Sharafian,Yonas Kibreab|Remy Edgerly|Zoe Saldaña|Brad Garrett|Brandon Moon,0.128
639988,No Other Choice,"After being laid off and humiliated by a ruthless job market, a veteran paper mill manager descends into violence in a desperate bid to reclaim his dignity.",7.5,/vc2S0dvgpsM0XfSiXZDMVkRCSSU.jpg,Comedy|Crime|Thriller,Park Chan-wook,Lee Byung-hun|Son Ye-jin|Park Hee-soon|Lee Sung-min|Yeom Hye-ran,-0.7269
1367642,Reminders of Him,"When Diem's custodial grandparents adamantly refuse Kenna's attempts to see her daughter, Kenna discovers unexpected compassion, and then something truer and deeper, with former NFL player and local bar owner Ledger. As their secret romance develops, so do the dangers for both of them, leading Kenna toward heartbreak and, ultimately, the hope for a second chance.",7.728,/7L6rceYgzQ0NeHD7PRDNrRoQ291.jpg,Romance|Drama,Vanessa Caswill,Maika Monroe|Tyriq Withers|Rudy Pankow|Bradley Whitford|Lauren Graham,0.5627
1293167,Exit Protocol,An assassin whose specialty is killing other assassins trying to get out of the business decides to try to get out himself and must then team up with his former mark to escape the hired killers now gunning for them both.,7.1,/flMnawvBtLvMStfeAjuBE1K9ykX.jpg,Action|Thriller,Shane Dax Taylor,Scott Martin|Dolph Lundgren|Michael Jai White|Charlotte Kirk|Lina Maya,-0.8402
1398655,Blue Film,"Drawn by the promise of easy money and anonymous sex, queer camboy Aaron Eagle is shocked to discover a personal connection with the mysterious stranger who has paid for his company. Over the course of one night, the two men engage in a war of words and emotions as they wrestle with the impact of a tainted and shared past.",7.6,/7wECL45CnlFWsiadBHwArgVJ1nL.jpg,Drama,Elliot Tuttle,Reed Birney|Kieron Moore,0.4215
1197137,Black Phone 2,"Four years after defeating The Grabber, Finney Blake is struggling with life after captivity. When his younger sister Gwen begins receiving calls in her dreams from the Black Phone and seeing disturbing visions of three boys being stalked at a winter camp, the siblings become determined to solve the mystery and confront a killer who has grown more powerful in death and more significant to them than either could imagine.",6.7,/gFddBLQ8wj9M9O82iPzgX5KVNHz.jpg,Horror|Thriller,Scott Derrickson,Ethan Hawke|Mason Thames|Madeleine McGraw|Demián Bichir|Miguel Mora,-0.7831
1323625,Night Patrol,An L.A. cop discovers a local task force is hiding a secret that puts the residents of his childhood neighborhood in danger.,5.25,/rNqLzACU9ez2ehDalTFDPjZiC4G.jpg,Horror|Mystery|Action,Ryan Prows,Jermaine Fowler|Justin Long|RJ Cyler|Freddie Gibbs|Phil Brooks,-0.6808
1240889,Teenage Sex and Death at Camp Miasma,"After years of slapdash sequels and waning fandom, the Camp Miasma slasher franchise is handed over to an enthusiastic young director for resurrection. But when she visits the original's star, a now-reclusive actress shrouded in mystery, the two women fall into a blood-soaked world of desire, fear, and delirium.",0.0,/nLsFnXifieSTqSeWxjXSS8RvaUZ.jpg,Horror|Comedy,Jane Schoenbrun,Hannah Einbinder|Gillian Anderson|Amanda Fix|Arthur Conti|Eva Victor,0.09
1126336,Anniversary,"When Ellen and Paul’s son Josh introduces his new girlfriend at their 25th anniversary party, no one suspects that it is the beginning of the end for this happy family. The new girlfriend is Liz, Ellen’s former student, who left the university, some years before, after Ellen called her out in class for her radical ideology.",6.725,/sSdpXGBNt3mQzjZZVK6eV5NcPdc.jpg,Thriller|Drama,Jan Komasa,Diane Lane|Kyle Chandler|Madeline Brewer|Zoey Deutch|Phoebe Dynevor,0.5385
1433583,The Weight,"In 1933 Oregon, Samuel Murphy is torn from his daughter and sent to a brutal work camp. Warden Clancy tempts him with early release if he smuggles gold through deadly wilderness, but betrayal festers within the crew, and Murphy questions how far he’ll go to see his child again.",0.0,/lGrf2U5mu06WjXBCwCjbTGEjscp.jpg,Thriller|Adventure|Drama,Padraic McKinley,Ethan Hawke|Russell Crowe|Julia Jones|Austin Amelio|Avi Nash,-0.8779
839033,The Lord of the Rings: The War of the Rohirrim,"A sudden attack by Wulf, a clever and traitorous lord of Rohan seeking vengeance for the death of his father, forces Helm Hammerhand, the King of Rohan, and his people to make a daring last stand in the ancient stronghold of the Hornburg.",6.5,/23WCoDo6wzBfzbX7BGTNwVUqZfi.jpg,Animation|Fantasy|Adventure|Action,Kenji Kamiyama,Brian Cox|Gaia Wise|Luke Pasqualino|Laurence Ubong Williams|Lorraine Ashbourne,-0.25
1084199,Companion,"During a weekend getaway at a secluded lakeside estate, a group of friends finds themselves entangled in a web of secrets, deception, and advanced technology. As tensions rise and loyalties are tested, they uncover unsettling truths about themselves and the world around them.",7.013,/oCoTgC3UyWGfyQ9thE10ulWR7bn.jpg,Horror|Science Fiction|Thriller,Drew Hancock,Sophie Thatcher|Jack Quaid|Lukas Gage|Megan Suri|Harvey Guillén,0.6369
1185806,PAW Patrol: The Dino Movie,"The PAW Patrol crash land on an uncharted tropical island filled with dinosaurs after their ship gets caught in a mysterious storm. They meet Rex, a pup who has been stranded for years and has become an expert in all things dino-related. When the Patrol’s archrival, Mayor Humdinger, begins recklessly mining to exploit the island's natural resources, he inadvertently causes a huge, dormant volcano to erupt. The pups are thrown into a series of high-stakes, dino-sized rescues bigger than anything they’ve done before, as they must stop Humdinger before everything on the island goes extinct.",0.0,/mVx2O7ikolw0lQC3XEIM4C2uYwd.jpg,Adventure|Animation|Comedy|Family,Cal Brunker,Carter Young|Hayden Chamberlen|Mckenna Grace|Rain Janjua|Henry Bolan,0.2023
1609125,The Butcher's Blade,Local constable Xue Buyi keeps his distance from corrupt colleagues until he is framed for the theft of thousands of dollars in relief funds. Now he must choose: fight to clear his name or uphold the law he's sworn to obey.,6.6,/8S3Tt4gQudJUsK9jKu5Gy1mDfvb.jpg,Action,Liu Wenpu,Liu Fengchao|Chunyu Shanshan|Yuan Fufu|Liu Enshang|Gao Weiman,0.4767
1086260,The Astronaut,"After returning from her first space mission, astronaut Sam Walker is placed under NASA’s care at a high security house for rehabilitation and medical testing. However, when disturbing occurrences begin happening around the property, she fears that something extraterrestrial has followed her back to Earth",6.104,/souvvkJHYhztC1UqZ8lEVUiJa3J.jpg,Horror|Science Fiction|Thriller,Jess Varley,Kate Mara|Laurence Fishburne|Gabriel Luna|Ivana Miličević|Scarlett Holmes,-0.128
847742,Drishyam 3,"To protect his family and their dark secret, Georgekutty faces an organized new threat. As walls close in and cracks widen, how much more is he willing to sacrifice ?",7.136,/456FlpiU1iOBnaOxSd783QhZKWw.jpg,Crime|Drama|Thriller,Jeethu Joseph,Mohanlal|Meena|Siddique|Asha Sarath|Murali Gopy,-0.2023
1559575,Kafir: The Spirit Gate,"Eight years after Herman's tragic death due to black magic, Sri is rebuilding her life with her daughter, Dina, and Andi, who has married Rani. Sri's father informs her that her mother is seriously ill. They come to visit, and that's the beginning of their disaster. A past sin Sri has been hiding now threatens her family.",5.6,/fA7ByoOADIcwq363GdLbFZl2zgJ.jpg,Horror|Drama|Mystery|Thriller,Azhar Kinoi Lubis,Putri Ayudya|Rangga Azof|Nadya Arina|Indah Permatasari|Asha Assuncao,-0.9716
1119090,I Am Frankelda,A gifted young writer in 19th-century Mexico journeys into her subconscious and comes face to face with characters from her own spooky stories.,8.281,/hDzllxB1TQ7uUxVvjnGHirJJovt.jpg,Animation|Fantasy|Horror|Adventure|Family,Arturo Ambriz,Mireya Mendoza|Arturo Mercado Jr.|Luis Leonardo Suarez|Gaby Cárdenas|Beto Castillo,0.0
1659389,ONE PIECE HEROINES,"After buying a pair of shoes that end up hurting her feet, Nami returns to the shop feeling dissatisfied. There, she meets Lebno, the designer, who tells her, ""I'll make you a brand-new pair from scratch—but only if you’ll be my model."" The shoes are crafted by the artisan Miucha, leading to an unexpected and stylish encounter.",0.0,/mrONQ5gkWIVSf3hp5n6w7qoK2oN.jpg,TV Movie|Animation,Haruka Kamatani,Akemi Okamura|Yuriko Yamaguchi|Maaya Sakamoto|Takehito Koyasu,-0.5859
1384758,Ice Age: Boiling Point,"A madcap adventure filled with dinosaurs and lava that takes Manny, Sid, Diego, Ellie, Scrat and the herd through the uncharted regions of the dangerous Lost World.",0.0,/mPhAreyZLLcZ9pl4KRyEaqSu1Zv.jpg,Adventure|Animation|Comedy|Family,John C. Donkin,Ray Romano|Denis Leary|John Leguizamo|Simon Pegg|Queen Latifah,-0.4767
421892,Shrek 5,"Shrek and Donkey team up for another whirlwind, big-city adventure.",0.0,/zVGvsXptUWd1PgptipLNoIQYytW.jpg,Animation|Comedy|Fantasy|Adventure|Family,Walt Dohrn,Mike Myers|Eddie Murphy|Cameron Diaz|Zendaya|Marcello Hernández,0.3182
1500890,Lockbox,"A woman puts her life on the line to protect her troubled, enigmatic cousin, Winthrop, who has been targeted and hunted by a powerful supernatural force.",0.0,/otyaBZwQcVQWoECszv3qlagwom1.jpg,Horror,Daniel Stamm,Carla Gugino|Lou Taylor Pucci|Katharine Isabelle|Roman Kinsella|Donald Sales,0.34
1125899,Cleaner,"When a group of radical activists take over an energy company's annual gala, seizing 300 hostages, an ex-soldier turned window cleaner suspended 50 storeys up on the outside of the building must save those trapped inside, including her older brother.",6.514,/mwzDApMZAGeYCEVjhegKvCzDX0W.jpg,Action|Thriller,Martin Campbell,Daisy Ridley|Taz Skylar|Matthew Tuck|Flavia Watson|Ruth Gemmell,-0.128
1371185,Song Sung Blue,"Based on a true story, two down-on-their-luck musicians form a joyous Neil Diamond tribute band, proving it's never too late to find love and follow your dreams.",7.391,/xStmzLprgzqjzfvpBI7uTbcRpwQ.jpg,Music|Romance|Drama,Craig Brewer,Hugh Jackman|Kate Hudson|Michael Imperioli|Fisher Stevens|Jim Belushi,0.9451
1628448,Maa Behen,"In this dark comedy, a woman calls her estranged daughters in the middle of the night with chilling news — there's a dead body in her kitchen.",6.769,/dpQIeEunpgj0C4rngb6OFb4zSd1.jpg,Comedy|Thriller|Drama,Suresh Triveni,Madhuri Dixit|Triptii Dimri|Dharna Durga|Ravi Kishan|Jatin Sarna,-0.4404
1464883,The President's Cake,"While people across 1990s Iraq struggle to survive the war and food shortages, Saddam Hussein requires each school in the country to prepare a cake to celebrate his birthday. Despite her efforts to avoid getting picked, 9-year-old Lamia is chosen among her classmates. The young girl must now use her wits and imagination to gather ingredients for the mandatory cake or face the consequences.",7.4,/abdw51gf1oy3UWllAwqGl6WdkiS.jpg,Drama,Hasan Hadi,Baneen Ahmed Nayyef|Sajad Mohamad Qasem|Waheed Thabet Khreibat|Rahim AlHaj|Muthanna Malaghi,-0.6124
1125701,Midwinter Break,"Longtime retired couple Stella and Gerry realise that their relationship has reached a crossroads while on holiday in Amsterdam. After so much time and so many memories, long-held promises and deeply concealed wounds threaten to come to light and force them to confront their future.",6.6,/vkMOruokVnD05xSiwI2hWBzG7UD.jpg,Drama,Polly Findlay,Lesley Manville|Ciarán Hinds|Niamh Cusack|Julie Lamberton|Ed Sayer,0.2815
1245347,Twinless,"Two men who lost their respective twin brothers develop a growing friendship after meeting in a support group. However, both harbor long-hidden secrets that threaten to tear them apart.",7.256,/9vaw9Az5tPLMjNLj426KgKsp0k8.jpg,Comedy|Drama,James Sweeney,Dylan O'Brien|James Sweeney|Aisling Franciosi|Lauren Graham|Chris Perfetti,0.6369
1242419,Roofman,"A former Army Ranger and struggling father turns to robbing McDonald’s restaurants by cutting holes in their roofs, earning him the nickname ""Roofman."" After escaping prison, he secretly lives inside a Toys “R” Us for six months, surviving undetected while planning his next move. But when he falls for a divorced mom drawn to his undeniable charm, his double life begins to unravel, setting off a compelling and suspenseful game of cat and mouse as his past closes in.",7.076,/wXDFtcnYtevleGzCmAD2ReQnJ4l.jpg,Crime|Comedy|Drama,Derek Cianfrance,Channing Tatum|Kirsten Dunst|Ben Mendelsohn|LaKeith Stanfield|Juno Temple,0.5106
1219548,The Physician II,"1050 AD: Robert Cole returns to England to bring the medical light of the Orient to his countrymen. But he fails because of the intrigues of the established London doctors, who feel threatened by the new knowledge. And it is not only the human body that is full of seemingly impenetrable secrets, the soul also holds its own mysteries.",6.403,/yU6ybmt1CSdkVBTJJsRYz5xnB4q.jpg,Adventure|Mystery|Drama,Philipp Stölzl,Tom Payne|Emily Cox|Áine Rose Daly|Owen Teale|Emma Rigby,-0.7469
1456349,It Was Just an Accident,An unassuming mechanic is reminded of his time in an Iranian prison when he encounters a man he suspects to be his sadistic jailhouse captor.,7.147,/eNYGj2DG3n8OrVPTfYunpPW9uas.jpg,Drama|Thriller|Crime|Mystery,Jafar Panahi,Vahid Mobasseri|Mariam Afshari|Ebrahim Azizi|Hadis Pakbaten|Majid Panahi,-0.6908
1522333,Carry On Jatta 4,A romantic deception spirals into household chaos when a family must construct an elaborate web of lies to conceal a secret relationship.,8.0,/bKa9qAg71Kkjz0tOT1gxSAX9Nfv.jpg,Comedy,Smeep Kang,Gippy Grewal|Binnu Dhillon|Jaswinder Bhalla|Karamjit Anmol|Sargun Mehta,-0.7717
1155818,Satluj,Human rights activist Jaswant Singh Khalra takes on a broken system in a courageous fight to expose the murderous corruption during the nadir of Punjab’s period of insurgency.,0.0,/7ia3nAM4q9sBy8g3SVEVgRAcsKd.jpg,Crime|Drama|History,Honey Trehan,Diljit Dosanjh|Arjun Rampal|Suvinder Vicky|Geetika Vidya|Kanwaljit Singh,-0.7964
1064213,Anora,"A young sex worker from Brooklyn gets her chance at a Cinderella story when she meets and impulsively marries the son of an oligarch. Once the news reaches Russia, her fairytale is threatened as his parents set out to get the marriage annulled.",7.07,/cgXk2tNYhJZLXdBDO5DidAVzQ82.jpg,Drama|Comedy|Romance,Sean Baker,Mikey Madison|Mark Eydelshteyn|Yura Borisov|Karren Karagulian|Vache Tovmasyan,-0.2023
1337592,Erupcja,"A romantic vacation goes awry when a volcanic eruption strands Bethany and her boyfriend, Rob, in Warsaw, Poland. Taking the explosive event as a sign to ditch her baggage, Bethany reunites with her childhood friend, Nel, to traipse through lofts, clubs, and back alleys—all while becoming entangled in an emotional web that challenges her sense of self.",6.0,/1OMiyrpkZvu5YmWbPBtwDQHZsu1.jpg,Drama|Comedy,Pete Ohs,Charli xcx|Lena Góra|Will Madden|Jeremy O. Harris|Agata Trzebuchowska,0.4767
1396749,Wild Sing,"""Triangle,"" a three-member co-ed K-pop group that once dominated the music scene, disbanded overnight after being caught up in an unexpected scandal. Twenty years later, leader Hyunwoo receives an offer to perform on stage as ""Triangle"" for a chance to make a comeback and sets out to find the other members and seize the opportunity. ""Even if war breaks out, we're going on stage today no matter what!"" Hyunwoo, who is now a struggling TV personality, Domi, who is married into a rich family, and Sanggu, who is drowning in debt from his solo album releases, somehow reunite and head to the concert hall. But the situation spirals out of control when YGP, the CEO of their former agency with whom they share a bitter history, and Seonggon, the ""Prince of Ballad"" and former rival of ""Triangle,"" also appear…",4.0,/aTffhddb890qIsVBTuR0ffw2d4p.jpg,Comedy|Music,Son Jae-gon,Gang Dong-won|Um Tae-goo|Park Ji-hyun|Oh Jung-se|Shin Ha-kyun,-0.6239
1463681,Southern Scares,"Mystery, horror, and Southern folklore collide in the 1990s when a video store worker discovers chilling secrets found in her missing sister's documentary series, Southern Scares.",3.5,/fxb0FoBH6e5NJwdVKiwjMAQzvcy.jpg,Horror|Mystery,Paul Rowe,Dee Wallace|Mila Rose|Aston Regan|Luke Smith|River Rose,-0.8271
1140521,The Magic Faraway Tree,"A modern family relocates to the countryside where the children discover a magical tree with eccentric residents. They're transported to fantastical lands, rekindling their family bond through adventures.",6.27,/udXvLxC5gAqN8SinemyFBEcHpTf.jpg,Adventure|Family|Fantasy,Ben Gregor,Billie Gadsdon|Nicola Coughlan|Delilah Bennett-Cardy|Phoenix Laroche|Nonso Anozie,0.6597
1401586,Sonic the Hedgehog 4,"Sonic the Hedgehog, joined by a new hero named Amy, faces a new technological nemesis known as Metal Sonic.",0.0,/t8uoHBODkFlSQJRL6qc4IclUBlH.jpg,Comedy|Action|Family|Science Fiction,Jeff Fowler,Ben Schwartz|Jim Carrey|Kristen Bell|Idris Elba|Keanu Reeves,0.5574
1061798,Jim Queen,"When Heterosis - a mysterious virus that turns gay men straight sweeps through the Parisian gay scene, Jim, the six packed sovereign of the Gym Queens, goes from Pride royalty to social outcast. With only Lucien, a freshly-out twink with more heart than abs, still by his side, Jim must race to find a cure before the disease erases the community that once worshipped him.",8.043,/nvmGrOzolKlW1z90rLudSjPm9cG.jpg,Animation|Comedy,Marco Nguyen,Alex Ramirès|Jéremy Gillet|Shirley Souagnon|François Sagat|Elisabeth Wiener,0.7906
1100988,28 Years Later,"Twenty-eight years after the Rage virus outbreak, a heavily-defended island survives connected to the mainland by a single causeway. When one of the group leaves the island into the dark heart of the mainland, he discovers secrets, wonders, and horrors that have mutated not only the infected but other survivors as well.",6.618,/n5FygjEppOvac6yEaowi26nTyw3.jpg,Horror|Thriller|Science Fiction,Danny Boyle,Aaron Taylor-Johnson|Alfie Williams|Ralph Fiennes|Jodie Comer|Jack O'Connell,-0.048
1657534,The Caged Butterfly,"The mysterious Lu family villa, also known as the Butterfly Mansion, is a notorious haunted house. Physiotherapy therapist Li Han and the scheming Awei move in one after the other. Afterwards, a series of bizarre events unfold: a woman in a red dress with a blood-stained headband wanders the rooms; a distorted, eyeless boy screams in agony… Awei's greed grows wildly as he sees greater profits, while Li Han is plagued by nightmares every night and unexpectedly stumbles upon a shocking secret of the wealthy family. Meanwhile, a life-or-death game is quietly being set up within the Butterfly Mansion. Who will be the lamb to the slaughter? Who will step into an even deeper hell?",4.7,/xn3otFb9ARLNkFPUOYjD9Udtp5Y.jpg,Thriller|Horror,Hao Han,Li Meng|Liu Siwei|Jiang Zhuojun|Zhou Tie|Wang Ning,-0.9399
1669050,Tayuan 2,"A charming bus conductor drawn to both men and women who feels an unexpected spark with a shy commuter. On crowded bus rides where bodies brush, desire grows and love becomes messy.",4.9,/gkHNa8q3RNhgj2EMuoYWJUHsMa6.jpg,Drama,Topel Lee,Ashley Lopez|Marco Mora|Chester Grecia|Dara Lima|Adriana Roces,0.8442
1549709,Pee Nak 5,"A year after the deadly battle that finally subdued the vengeful ghost of Nak Tinn, the cycle of vengeance returns once again.",0.0,/5DQKLf9J8AX74nGR7fNSE3CgV9Z.jpg,Comedy|Horror,Phontharis Chotkijsadarsopon,Witthawat Rattanaboonbaramee|Bhuripat Vejvongsatechavat|Phiravich Attachitsataporn|Denkhun Ngamnet|Atiwat Saengtien,-0.5994
1575337,Cosmic Princess Kaguya!,"Iroha's life gets knocked off its orbit when Kaguya, a carefree runaway from the Moon, moves in and convinces her to perform in a virtual world together.",8.367,/9I9cM38gecZcwJ0C6r0cwfvtPJP.jpg,Animation|Fantasy|Music|Science Fiction,Shingo Yamashita,Yuko Natsuyoshi|Anna Nagase|Saori Hayami|Miyu Irino|Yuma Uchida,0.5267
1421977,Fantasy Life,"An anxious New York law school dropout stumbles into a job babysitting his psychiatrist's three granddaughters and falls for the girls' mother, an actress in a rocky marriage.",6.222,/e0qtdCm7TJGRfMv0tmdP8DsOy3U.jpg,Comedy|Romance|Drama,Matthew Shear,Amanda Peet|Matthew Shear|Alessandro Nivola|Judd Hirsch|Bob Balaban,-0.25
949536,Kill Code,"North America has been divided into four main quadrants. A power-hungry corporation has taken over the conventional prison system and made criminals the new law enforcers.  The owner of that corporation, nanoscientist Eion Prescott, created a nano-virus called Onyx. Which is distributed through deadly watches to criminals. First, infecting them. Then, forcing them into eliminating each other for freedom. Who can topple the corporation's entire system from within?",5.5,/bXvSKLCillha6wxY0yxoRCM2WQl.jpg,Action|Thriller|Science Fiction,Justin Price,Franzi Schissler|Frank Grillo|Harvey Keitel|Tyrese Gibson|Peter Stormare,-0.6705
1022787,Elio,"Elio, a space fanatic with an active imagination, finds himself on a cosmic misadventure where he must form new bonds with eccentric alien lifeforms, navigate a crisis of intergalactic proportions and somehow discover who he is truly meant to be.",6.911,/7z8jDiTZZco9moIKpTUImFtTy7o.jpg,Animation|Adventure|Science Fiction|Family,Madeline Sharafian,Yonas Kibreab|Remy Edgerly|Zoe Saldaña|Brad Garrett|Brandon Moon,0.128
1254808,Nouvelle Vague,"After writing for Cahiers du cinéma, a young Jean-Luc Godard decides making films is the best film criticism. He convinces producer Georges de Beauregard to fund a low-budget feature, and creates a treatment with fellow New Wave filmmaker François Truffaut about a gangster couple. The result? Breathless, one of the first features of the Nouvelle Vague era of French cinema.",7.212,/362sw9w5t7opM9LR7eSCzkpItPd.jpg,Comedy|Drama|History,Richard Linklater,Guillaume Marbeck|Zoey Deutch|Aubry Dullin|Adrien Rouyard|Antoine Besson,0.5719
1414413,Brothers Under Fire,"Captain Jordan Wright's squadron on leave for a wedding in Mexico encounters a murderous cartel. As Jordan tries to lead survivors to safety, war erupts between his squad and the cartel, forcing him into a battle to save his men.",5.712,/e5EKqk9V7N3w0WvYFhl6wSVrMp0.jpg,Action|Thriller|Mystery|Drama,Justin Chadwick,Kiefer Sutherland|Tommy Martinez|Ashton Sanders|Solly McLeod|Laura Osma,-0.7096
1422138,She's the He!,"Before graduation, Ethan and Alex pose as trans women in a last ditch effort to quell gay rumors. It's all a joke until Ethan realizes: she really is trans. The two must reckon with their changing friendship, coming out, and coming-of-age.",6.0,/z5zlRWl4DNrhGLB4st2Kn68HaUq.jpg,Comedy,Siobhan McCarthy,Misha Osherovich|Nico Carney|Suzanne Cryer|Malia Pyles|Mark Indelicato,0.6249
1400272,The Dashed Lines,"Bea is a 50 year old woman who is separating from her husband. The day she has to leave the house where she has lived for the last twenty years, she arrives at her house and finds everything upside down and one of the thieves sleeping in her bed. Denís is a 28-year-old trans man who, despite having studied a career, struggles with job insecurity and lack of opportunities. After spending three days together, each of them must continue on their own way. When they resume their lives, they are no longer the same.",6.0,/vE4CEUU9GSuMFx1A1sIR2pQtmOu.jpg,Drama|Romance,Anxos Fazáns,Mara Sánchez|Adam Prieto,-0.8658
1318417,A Place for Her,"At the Maison des Femmes, women victims of violence are cared for. Elsewhere, they are threatened, brutalized, raped, mutilated, their suffering ignored. Here, they are listened to, supported, helped and believed. Diane, Manon, Inès, Awa and the others will give them a helping hand until they can stand up again. As a team. Even if it means risking their own equilibrium.",8.6,/1CUXmCLU9DkZHH8w4w43ZvOdVTd.jpg,Drama,Mélisa Godet,Karin Viard|Laetitia Dosch|Oulaya Amamra|Eye Haïdara|Pierre Deladonchamps,-0.9393
1220566,Eagles of the Republic,"George Fahmy, Egypt's most adored actor, is pressured to star in a film commissioned by the highest authorities. He reluctantly accepts and finds himself thrown into the inner circle of power. Like moth drawn to flame, he begins an affair with the mysterious wife of the general overseeing the project.",6.7,/f9MzpMfbBL4PknhKqoQpIUdskTl.jpg,Thriller|Drama,Tarik Saleh,Fares Fares|Lyna Khoudri|Zineb Triki|Amr Waked|Cherien Dabis,0.6801
1627824,Rocky's Cat-astrophe,"When one of Humdinger's schemes goes awry, a Junkyard Kitten's home is destroyed and Rocky bites off more than he can chew when he invites the kitten to stay at the Lookout overnight. While the kitten causes more trouble than expected, Rocky learns that even heroes need help.",8.1,/pqfkJh0CyF00GvR4NIdvJYkJb2F.jpg,Animation|Family,Joey So,Jesse Gervasi|Jackson Reid|Lilly Bartlam|Kai Harris|Lucien Duncan-Reid,-0.0498
1210732,How to Make a Killing,"Michel and Cathy, wed for longer than they can remember, lead a quiet but monotonous life in the mountains. When a bear bursts out in front of Michel’s car, accidentally killing two drug dealers and revealing a €2 million loot in the process, their life takes an unpredictable turn, especially when they decide to cover up the incident and keep the money! But their plan leads them to stumble upon an unexplained trail of dead bodies. More used to being honest than crooked, Michel and Cathy’s clumsy cover-up efforts soon put an interfering inspector hot on their trail.",6.442,/oovadj4TsgCuAGfd5LhDP19ZCYD.jpg,Comedy|Thriller|Crime,Franck Dubosc,Franck Dubosc|Laure Calamy|Benoît Poelvoorde|Joséphine de Meaux|Kim Higelin,-0.9412
1101179,Unreachable,"Three young women live together in an old house in a corner of Tokyo. They are not related by blood, but they have been bound together by a strong bond for 12 years. They care about each other and spend their own ordinary days together. The matter of unrequited love arises for them that they can't tell anyone.",8.5,/cDhsDnxBZQ9aajmcobBPj7veMQu.jpg,Drama,Nobuhiro Doi,Suzu Hirose|Hana Sugisaki|Kaya Kiyohara|Ryusei Yokohama|Karin Ono,0.9493
762509,Mufasa: The Lion King,"Mufasa, a cub lost and alone, meets a sympathetic lion named Taka, the heir to a royal bloodline. The chance meeting sets in motion an expansive journey of a group of misfits searching for their destiny.",7.301,/jbOSUAWMGzGL1L4EaUF8K6zYFo7.jpg,Adventure|Family|Animation,Barry Jenkins,Aaron Pierre|Kelvin Harrison Jr.|Tiffany Boone|Kagiso Lediga|Preston Nyman,0.25
1480107,Off the Air,"Two estranged sisters reunite to sell their late father’s radio station, but the past won’t let them  leave quietly.",6.0,/415KFSjmAQwBitNSTrML0mPAyeE.jpg,Drama|Comedy,Adam Paul Stone,Jillian Lyle|Ashlynn Jakeway|Rusty Totty|Aaron Tyler|Kalani Hubbard,-0.0772
1373956,Die Ältern,"A writer in a midlife and marital crisis, overwhelmed by his growing children and unable to accept change, meets another woman. A bit half-hearted and unintentionally funny, he tries to do something different.",7.8,/kGnAfwyuJqAHHisR5IJHVmrvCR4.jpg,Comedy|Romance,Sönke Wortmann,Sebastian Bezzel|Kya-Celina Barucki|Anna Schudt|Philip Müller|Enzo Brumm,0.3182
1208348,Rental Family,"An American actor in Tokyo struggles to find purpose until he lands an unusual gig: working for a Japanese 'rental family' agency, playing stand-in roles for strangers. As he immerses himself in his clients' worlds, he begins to form genuine bonds that blur the lines between performance and reality.",7.7,/nRrwqApUDFL8gLGyJFIdDkmoule.jpg,Comedy|Drama,Hikari,Brendan Fraser|Takehiro Hira|Mari Yamamoto|Shannon Mahina Gorman|Akira Emoto,-0.1779
1100782,Smile 2,"About to embark on a new world tour, global pop sensation Skye Riley begins experiencing increasingly terrifying and inexplicable events. Overwhelmed by the escalating horrors and the pressures of fame, Skye is forced to face her dark past to regain control of her life before it spirals out of control.",6.591,/ht8Uv9QPv9y7K0RvUyJIaXOZTfd.jpg,Horror|Music|Mystery|Thriller,Parker Finn,Naomi Scott|Rosemarie DeWitt|Lukas Gage|Miles Gutierrez-Riley|Peter Jacobson,-0.8625
1364953,Mārama,"1859. When a young Māori woman is summoned from New Zealand to North Yorkshire, she uncovers her horrific colonial heritage and is compelled to confront and destroy the titled Englishman who devastated her family.",6.6,/tD9yi1i2t6cgXDrqaBRzjUy7bEX.jpg,Horror|Drama|Mystery,Toa Stappard,Ariāna Osborne|Toby Stephens|Umi Myers|Erroll Shand|Jordan Mooney,-0.9246
1710886,Sugar Mommy,"When a non-committal sugar mommy takes in her three sugar babies, jealousy erupts as one of them becomes determined to be her one and only.",0.0,/2FBvobFZGibenqKerk786qg9AHD.jpg,Drama,Christopher Novabos,Jamilla Obispo|Ashley Lopez|Aerol Carmelo|Rash Flores,0.0258
1443940,Truth & Treason,"When loyalty to country becomes loyalty to a lie, one teen risks everything to expose the truth. With the Gestapo closing in, he must decide what it really means to be a good German.",8.0,/ArDLn658OjT3dMThIi4GDQJRuY3.jpg,History|Drama|Thriller,Matt Whitaker,Ewan Horrocks|Rupert Evans|Ferdinand McKay|Daf Thomas|Nye Occomore,0.8591
1337140,"Bem, Un Lémur En Fuga","A little girl who is allergic to almost everything is forced to live alone isolated from the outside world. When a small lemur brought from Madagascar to an illegal market in Mexico escapes and finds a way to the little girl's room, a strange friendship is formed.",10.0,/ryEMOnfeJRhyHOkh4yXvE9OjEdw.jpg,Animation,Leopoldo Aguilar,,-0.839
1259102,Eternity,"In an afterlife where souls have one week to decide where to spend eternity, Joan is faced with the impossible choice between the man she spent her life with and her first love, who died young and has waited decades for her to arrive.",7.082,/yiwGcjfDKXD5PqQnyKUU9kspWQQ.jpg,Romance|Comedy|Drama,David Freyne,Elizabeth Olsen|Miles Teller|Callum Turner|Da'Vine Joy Randolph|John Early,0.1531
1721367,Homage,"A reformed street figure risks everything when he tries to help an old friend fresh out of prison, only to discover that some debts don't disappear; they come back to collect.",1.0,/yZ5DHdQ5d1wUgvzeZmVsQPJP3Gx.jpg,Crime|Drama,Miles Mussenden,Miles Mussenden|Mason Douglas|Jason Francisco Blue|Kameron Washington|Nadirah Shakir,0.5371
1020829,Wild Foxes,"At a sports boarding school, talented young boxer Camille narrowly survives a fatal accident, saved by his best friend Matteo. After a swift recovery, an inexplicable pain gradually takes hold of him, threatening his dreams of greatness and his relationship with the team. In the ring and in a man's world, there’s no room for weakness.",6.3,/izz29QpekxBLYSqYwM0do9PtBWd.jpg,Drama,Valery Carnoy,Samuel Kircher|Faycal Anaflous|Jef Jacobs|Anna Heckel|Jean-Baptiste Durand,-0.0772
1604133,Crossing,"A retelling of the Red Army crossing the Chishui River four times to outmaneuver 400,000 enemy troops.",4.7,/wlnltvu01zZvcC2dVAp4Xdwb1JG.jpg,History|War,Xu Zhanxiong,Liu Ye|Wang Lei|Yu Shi|Timmy Xu|Wang Tianchen,-0.5423
1241983,Train Dreams,A logger leads a life of quiet grace as he experiences love and loss during an era of monumental change in early 20th-century America.,7.314,/l3zS4YnpOi4usyEXGJMtxSqDDyb.jpg,Drama,Clint Bentley,Joel Edgerton|Felicity Jones|Nathaniel Arcand|Clifton Collins Jr.|John Diehl,0.6908
1510767,Athiradi,"Energetic student Samkutty revives a banned college festival, igniting a fierce rivalry that transforms celebration into chaos.",6.591,/vbYoC9wmfo2w7EDVXYrnX4PRBWr.jpg,Comedy|Drama,Arun Anirudhan,Basil Joseph|Tovino Thomas|Vineeth Sreenivasan|Riya Shibu|Darshana Rajendran,0.25
1303331,Dhamaal 4,"The Dhamaal boys are back for another treasure hunt, facing hilarious challenges in their quest for the Treasure of Life.",0.0,/5d7hpbefNiuebl5eqP5cRrckVxs.jpg,Comedy,Indra Kumar,Ajay Devgn|Arshad Warsi|Riteish Deshmukh|Javed Jaffrey|Sanjay Mishra,0.7506
1431068,Main Vaapas Aaunga,"An elderly man remains haunted by a childhood romance and memories of love lost during the 1947 Partition of India. As he shares his story with his grandson, the past unfolds through memories of migration, longing, and a love that endures across generations.",6.5,/8n7OeeyAqwmGS81Is2c6Ho65tgW.jpg,Romance|Drama,Imtiaz Ali,Naseeruddin Shah|Vedang Raina|Sharvari|Diljit Dosanjh|Anjana Sukhani,0.8658
993710,Back in Action,"Fifteen years after vanishing from the CIA to start a family, elite spies Matt and Emily jump back into the world of espionage when their cover is blown.",6.427,/3L3l6LsiLGHkTG4RFB2aBA6BttB.jpg,Action|Comedy,Seth Gordon,Jamie Foxx|Cameron Diaz|McKenna Roberts|Rylan Jackson|Kyle Chandler,0.0
1307373,Wasteman,"Taylor's hopes for a fresh start post-parole are jeopardised by cellmate Dee's arrival. As Dee takes Taylor under his wing, a vicious attack tests their bond, forcing Taylor to choose between protecting Dee and his own chances at freedom.",7.208,/lKK9ImwpoTCwDZKgYpjIIJCnlf0.jpg,Crime|Drama|Thriller,Cal McMau,David Jonsson|Tom Blyth|Alex Hassell|Neil Linpow|Paul Hilton,0.6705
1117898,The Cat in the Hat,"Doing what he does best, the Cat spreads joy to kids in his hilarious, signature, and singularly irreverent way, transporting them and audiences on a fantastical journey through a world they've never seen before. Our hero takes on his toughest assignment yet for the I.I.I.I. (Institute for the Institution of Imagination and Inspiration, LLC) to cheer up Gabby and Sebastian, a pair of siblings struggling to move to a new town. Known for taking things too far, this could be this agent of chaos' last chance to prove himself...or lose his magical hat!",0.0,/mWN6knIVJ2o7eGwSm7mOgSCwNUc.jpg,Animation|Comedy|Fantasy|Adventure|Family,Erica Rivinoja,Bill Hader|Xochitl Gomez|Tiago Martinez|Matt Berry|Quinta Brunson,0.9501
1130863,Belle,"A couple have a peaceful existence in a small provincial town. He is a teacher and she runs an opticians practical. Their life is turned upside when Belle, a friend’s daughter who is lodging with them, is found dead in her room.  The husband becomes the prime suspect as the only one at home at the time.",5.914,/9jOZNmxiWl6gnn40IXYY7GKeX5k.jpg,Drama|Thriller,Benoît Jacquot,Guillaume Canet|Charlotte Gainsbourg|Patrick Descamps|Jérémie Covillault|Anne-Lise Heimburger,-0.5106
1376434,Predator: Killer of Killers,"While three of the fiercest warriors in human history—a Viking raider, a ninja in feudal Japan, and a WWII pilot—are killers in their own right, they are merely prey for their new opponent: the ultimate killer of killers.",7.8,/2XDQa6EmFHSA37j1t0w88vpWqj9.jpg,Animation|Action|Science Fiction|Thriller,Dan Trachtenberg,Lindsay LaVanchy|Louis Ozawa|Rick Gonzalez|Michael Biehn|Doug Cockle,-0.9403
1722860,Tavvai,"In 1880, A Maharaj through his atrocities invited Tavvai. The village is terrified for generations until a chosen one sets things right.",0.0,/pZAbPoVTMYrxFUSGG9hwaOUsZnW.jpg,Mystery|Horror|Thriller,Unknown,Manoj Joshi|Tripti Sahu|Arpit Ranka|Neetu Pandey|Bhushan Pradhan,-0.6124
1073973,Dead Lover,"A lonely gravedigger who stinks of corpses finally meets her dream man, but their whirlwind affair is cut short when he tragically drowns at sea. Grief-stricken, she goes to morbid lengths to resurrect him through madcap scientific experiments, resulting in grave consequences and unlikely love.",4.5,/mbvP4f6BU923NGfqjpOJcJih3i6.jpg,Horror|Comedy|Romance,Grace Glowicki,Grace Glowicki|Ben Petrie|Leah Doz|Lowen Morrow,-0.8847
1233506,The Shrinking Man,"Paul, is an ordinary man who divides his life between his shipbuilding company, his wife Elise and their daughter Mia. During a sea trip, Paul finds himself confronted with a strange, unexplained meteorological phenomenon. From then on, Paul shrinks inexorably, without science being able to explain why or be of any help to him. When, by accident, he finds himself a prisoner in his own cellar, and while he is only a few centimeters tall, he will have to fight to survive in this banal environment that has become perilous. During this experience, Paul will find himself confronted with himself, with his humanity, and will try to answer the great questions of existence.",6.024,/5scjQRQq4i0zpbfyvWJX8LFEWjt.jpg,Adventure|Science Fiction,Jan Kounen,Jean Dujardin|Marie-Josée Croze|Daphné Richard|Serge Swysen|Salim Talbi,-0.7906
1305672,I Know Who You Are,"On the day of the 1949 Founding Ceremony, Xiao Dali (Lei Jiayin), who has just entered the city to be reorganized as the head of the public security police station, discovers that Feng Jingbo (Hu Ge), an elementary school teacher, is suspected of being suspicious. With the high alertness of a soldier and the sense of responsibility of a public security warrior, he is hard-partnered with Feng Jingbo as a neighbor, exhausting his life through trials and tribulations, and carrying out a nearly four-decade tracking without complaint or regret. The movie is based on Zhang Ce's novel.",5.8,/xuLUtumvstPx00t3PBsLI7GTENA.jpg,Drama,Feng Xiaogang,Lei Jiayin|Hu Ge|Chuai Ni|Zhang Yao|Lin Xiaofan,0.5299
1291608,Dhurandhar,"A mysterious traveler slips into the heart of Karachi's underbelly and rises through its ranks with lethal precision, only to tear the notorious ISI-Underworld nexus apart from within.",7.264,/snBOuXDdhmTvlzMUvP9Em3Pp1u1.jpg,Action|Crime|Thriller,Aditya Dhar,Ranveer Singh|Akshaye Khanna|R. Madhavan|Arjun Rampal|Sanjay Dutt,-0.4404
1339210,Affection,"Afflicted by a mysterious condition that resets her memory, Ellie becomes trapped in a cyclical nightmare with a man who claims to be her husband. She soon must uncover the horrifying truth of her existence—before she forgets it all again.",6.2,/3b3wC8JFjURlMsFj9gqbv0SyTJs.jpg,Horror|Science Fiction,BT Meza,Jessica Rothe|Joseph Cross|Julianna Layne,-0.8074
1314786,Agent Zeta,"Four Spanish ex-intelligence officers are assassinated simultaneously worldwide. The CNI discovers all participated in the covert ""Operation Ciénaga"" decades ago in Colombia. Zeta, the CNI's best operative, must hunt and protect the sole survivor, facing his deadliest global mission yet. Top Colombian agent Alfa will join Zeta, seemingly knowing more about ""Ciénaga""'s secrets than him.",6.62,/1cKLG9KMoCjsgFB8Nw1EuglteVi.jpg,Drama|Thriller,Dani de la Torre,Mario Casas|Mariela Garriga|Luis Zahera|Nora Navas|Christian Tappan,0.9062
1468683,Heartstopper Forever,"It's a new school year for the Truham-Higgs gang. As Nick and Charlie's relationship deepens, their thoughts turn to life after the last bell rings.",0.0,/r4lVJVO1BeBb11cBcXBdbHc9e9k.jpg,Drama|Romance,Wash Westmoreland,Joe Locke|Kit Connor|Anna Maxwell Martin|Yasmin Finney|Rhea Norwood,0.0
1250512,The Voices of Our Mother,"When a family matriarch falls seriously ill, relatives gather and discover their shared ancestral ties bind them in unexpected ways.",5.9,/fD0wfZifpJQGOTPboSVXQ3XI3DV.jpg,Horror,Mark O'Brien,Sheila McCarthy|Georgina Reilly|Mark O'Brien|Carolina Bartczak|Alex Ozerov-Meyer,-0.2732
1545621,Detective Conan: Fallen Angel of the Highway,"When a string of deadly highway incidents begin, Conan Edogawa's investigations point towards an orchestrated plot rather than mere accidents. As he uncovers a conspiracy involving hidden identities and advanced technology, the case escalates into a high-speed race against time to stop a calculating mastermind before more lives are lost.",8.0,/tqlOfb1ekyVYpDumiL9MsK6uirw.jpg,Animation|Action|Mystery|Crime,Takahiro Hasui,Minami Takayama|Wakana Yamazaki|Rikiya Koyama|Megumi Hayashibara|Miyuki Sawashiro,-0.8158
1512084,Baby Do Die Do,Follows a deaf and mute serial killer in Mumbai who can only hear her dead sister's voice as she commits murders for mysterious reasons.,0.0,/jvfqp6gMlvHODYnBXoogqRyIs0k.jpg,Mystery|Thriller|Crime,Nachiket Samant,Huma Qureshi|Rachit Singh|Sikandar Kher|Seema Pahwa|Chunky Panday,-0.926
855435,Faces of Death,"A woman, employed as a website content moderator, comes across a series of violent videos reproducing death scenes from a film.",5.511,/vPVY3S57lEooBLJCg6KGdMHkUxm.jpg,Horror,Daniel Goldhaber,Barbie Ferreira|Dacre Montgomery|Josie Totah|Aaron Holliday|Jermaine Fowler,-0.8316
1207162,Rise of the Conqueror,"In the 14th-century, as the Silk Road crumbles and rival factions tear the land apart, fearless warrior Timur emerges from exile. Stripped of everything, he fights to unite the fractured kingdoms, using strategy and sheer will to carve an empire from chaos. Undefeated in battle and widely regarded as one of history’s greatest military leaders and tacticians, not to mention one of its most brutal, Timur would found the Timurid Empire, which ruled over modern-day Afghanistan, Iran and Central Asia.",6.2,/9cRE0DsM6CNIiY9Ah3cd8oc3n1Y.jpg,History|Action|Adventure|War,Jacob Schwarz,Christian Mortensen|Mahesh Jadu|Joshua Jo|Sayed Badreya|Yulduz Rajabova,-0.7425
980477,Ne Zha 2,"After a catastrophic event leaves their bodies destroyed, Ne Zha and Ao Bing are granted a fragile second chance at life. As tensions rise between the dragon clans and celestial forces, the two must undergo a series of perilous trials that will test their bond, challenge their identities, and decide the fate of both mortals and immortals.",8.148,/cb5NyNrqiCNNoDkA8FfxHAtypdG.jpg,Animation|Action|Fantasy|Adventure,Jiao Zi,Lu Yanting|Joseph|Han Mo|Chen Hao|Lu Qi,-0.7003
1363123,The Family Plan 2,"Now that Dan's assassin days are behind him, all he wants for Christmas is quality time with his kids. But when he learns his daughter has her own plans, he books a family trip to London—putting them all in the crosshairs of an unexpected enemy.",6.534,/semFxuYx6HcrkZzslgAkBqfJvZk.jpg,Action|Comedy,Simon Cellan Jones,Mark Wahlberg|Michelle Monaghan|Kit Harington|Zoe Colletti|Van Crosby,-0.6956
1381027,Good Boy,"Tommy, a volatile 19-year-old, revels in drugs, parties and violence. After getting separated from his friends on a drunken bender, he is abducted by a shadowy figure. He wakes to find himself imprisoned in the basement of a remote Yorkshire house, inhabited by a very strange family. But what unfolds is not what he could possibly expect.",7.11,/eWb841fMkSNly5gfL9J1N0xzVYI.jpg,Thriller|Drama|Mystery,Jan Komasa,Stephen Graham|Andrea Riseborough|Anson Boon|Kit Rakusen|Monika Frajczyk,-0.5182
1541560,Stop! That! Train!,"Best friends and train stewardesses Tess and DeeDee trade their dreary shifts on the Stank Rail for the glitzy Glamazonian Express. However, when a catastrophic Stormaganza threatens to crash the high-speed train into Celebration, Florida, the duo in coach must join forces with the snobby first-class attendants, a hot but dimwitted co-conductor, and fabulous US President Judy Gagwell to save the day.",5.3,/w90dGS6D2lVO4aO5rdQ8QECrUGY.jpg,Action|Comedy,Adam Shankman,RuPaul|Jujubee|Ginger Minj|Brooke Lynn Hytes|Marcia Marcia Marcia,0.7845
1338972,Pitfall,"After a young man is separated from his friends in the woods, he falls into a ten-foot deep pit of spikes, impaling him through his leg and leaving him trapped. He quickly learns that his fall was not an accident.",5.714,/kIwc4DgHpAQwEKBB6bPEsCRHnNB.jpg,Action|Horror|Thriller,James Kondelik,Jordan Claire Robbins|Alex Essoe|Randy Couture|Marshall Williams|Brenna Llewellyn,0.308
1175942,The Bad Guys 2,"The now-reformed Bad Guys are trying (very, very hard) to be good, but instead find themselves hijacked into a high-stakes, globe-trotting heist, masterminded by a new team of criminals they never saw coming: The Bad Girls.",7.647,/26oSPnq0ct59l07QOXZKyzsiRtN.jpg,Family|Comedy|Crime|Adventure|Animation,Pierre Perifel,Sam Rockwell|Marc Maron|Awkwafina|Craig Robinson|Anthony Ramos,-0.9022
1543134,The Volunteers: Peace at Last,"Set during the final phase of the War to Resist U.S. and Aid Korea, the film depicts the tense final battles and simultaneous peace negotiations leading to the armistice, capturing the spirit of perseverance and sacrifice on both the battlefield and the diplomatic front.",8.0,/ifM7LfaIIkiQ03bXn5MVe87uLf9.jpg,Drama|War|History,Chen Kaige,Zhang Zifeng|Song Jia|Zhu Yawen|Arthur Chen|Peng Yuchang,-0.743
1401281,The Testament of Ann Lee,"The extraordinary true legend of Ann Lee, founder of the devotional sect known as the Shakers, who preached gender and social equality and was revered by her followers as the female Christ.",6.381,/hBGg3IGRM7LM6ydMmDrl8mEx33Y.jpg,History|Drama|Music,Mona Fastvold,Amanda Seyfried|Lewis Pullman|Thomasin McKenzie|Matthew Beard|Christopher Abbott,0.8225
1406543,Karakkam,"A drunken New Year's prank goes horribly wrong when two young men remove sacred crosses from graves. Five restless ghosts emerge to haunt their every move, driving them to seek redemption and release.",10.0,/xCc5K9hy7Nkmkag1yS3HC75j9e2.jpg,Horror|Comedy,Subhash Lalitha Subrahmanian,Sreenath Bhasi|Femina George|Abhiram Radhakrishnan|Praveen TJ|Manikandan Achari,-0.91
1498047,Abuela tremenda,"Toñi, an eccentric grandmother, gets by between failed businesses and a carefree attitude. Her daughter Daniela, a stressed executive and single mom, wants to keep her away.",7.3,/egA23OX1s00GyfJiYXv5hZFHgJU.jpg,Comedy|Family,Ana Vázquez,Elena Irureta|Toni Acosta|Carla Pastor|Eduardo Antuña|Santi Alverú,-0.4588
1138194,Heretic,"Two young missionaries are forced to prove their faith when they knock on the wrong door and are greeted by a diabolical Mr. Reed, becoming ensnared in his deadly game of cat-and-mouse.",6.972,/fr96XzlzsONrQrGfdLMiwtQjott.jpg,Thriller|Horror,Scott Beck,Hugh Grant|Sophie Thatcher|Chloe East|Topher Grace|Elle Young,-0.296
1084577,Balls Up,"Two marketing executives go ""balls out"" and pitch a bold full‑coverage condom sponsorship with the World Cup. After their drunken celebration in Brazil sparks a global scandal, they must outrun furious fans, criminals, and power-hungry officials to salvage their careers and make it home alive.",5.889,/xwvJ3WzdJ1OCuDoY8LAxBUlQyig.jpg,Comedy|Action|Adventure,Peter Farrelly,Mark Wahlberg|Paul Walter Hauser|Sacha Baron Cohen|Benjamin Bratt|Luciano Szafir,-0.7269
1444466,Awarapan 2,"19 years later, Shivam is back. A man haunted by grief and loss, searching for a purpose for his life.",0.0,/cSnB0iHrneOG7Ku2RKXJq3pjRYm.jpg,Action|Drama|Romance,Nitin Kakkar,Emraan Hashmi|Shabana Azmi|Disha Patani|Suvinder Vicky|Vijayant Kohli,-0.8225
1303357,Silent Rebellion,"15-year-old Emma, pregnant after a rape, defies her repressive rural Protestant community to carve a path of self-determination, transforming trauma into a catalyst for emancipation while confronting the moral hypocrisy of the village and the spectre of World War II around her.",6.9,/hPc6n20PAmF5zbdujKV2kGvnCrI.jpg,Drama|History,Marie-Elsa Sgualdo,Lila Gueneau|Grégoire Colin|Thomas Doret|Aurélia Petit|Sandrine Blancke,-0.9371
1645368,Forsaken,"Everyone knows the name of Samuel Paty, but few people really know his story. On October 16, 2020, Samuel Paty, professor of History-Geography, was murdered at the end of his college. In the light of investigations and trials, this film looks back on his last eleven days, and the gear that led to his tragic death.",7.823,/kfUKP5IgzgLQyQD1MDt99yq9Af0.jpg,Drama,Vincent Garenq,Antoine Reinartz|Emmanuelle Bercot|Nedjim Bouizzoul|Emma Boumali|Azize Kabouche,-0.9549
1396640,Once Upon a Time in a Cinema,"Earl Clancy, a cinema owner on the edge, battles a series of disasters while juggling personal turmoil and the chaos of a packed Friday night crowd. Told in real time over the course of the movie playing in the cinema.",10.0,/r7viobm2EsL9WrjxWEkBAFSNW75.jpg,Drama,David Gleeson,Colin Morgan|Calam Lynch|Clara Crichton|India Mullen|Niamh Cusack,-0.891
1260649,Jumanji: Open World,"Our heroes have escaped the ever-changing jungles of Jumanji before, but this time the game comes to us - as Jumanji breaks free of its console, unleashing its chaos into our world.",0.0,/aUJg1QoAenZ7GodF38OrfyiOtKu.jpg,Fantasy|Adventure|Comedy,Jake Kasdan,Dwayne Johnson|Kevin Hart|Jack Black|Karen Gillan|Awkwafina,0.1406
1641319,Sniper: No Nation,Brandon Beckett and Agent Zero lead a rescue mission in Costa Verde when their friends are taken hostage.,6.7,/tUmARo0TZEK1EaSuS6dU35FhDyU.jpg,Action|Thriller,Trevor Calverley,Chad Michael Collins|Ryan Robbins|Manuel Rodriguez-Saenz|Josh Brener|Tom Berenger,0.7506
799882,The Bluff,"When her tranquil life on a remote island is shattered by the return of her vengeful former captain, a skilled ex-pirate must confront her bloody past and unleash her deadly talents to save her family from a ruthless siege.",6.804,/dl1cA7wdwePc9QU2Rc24EPqlcyJ.jpg,Drama|Action|Thriller,Frank E. Flowers,Priyanka Chopra Jonas|Karl Urban|Safia Oakley-Green|Ismael Cruz Cordova|Temuera Morrison,-0.0772
1371023,Chand Mera Dil,"Aarav and Chandni's passionate college romance is struck by adulthood far too soon, forcing the two young lovers to balance their ambitions with responsibility and realize the evolved meaning of love.",5.4,/9LPkXJustudEBgPZEm9tgDx5KtC.jpg,Romance|Drama,Vivek Soni,Ananya Panday|Lakshya Lalwani|Aastha Singh|Paresh Pahuja|Manish Chaudhary,0.9274
1034716,People We Meet on Vacation,"Poppy's a free spirit. Alex loves a plan. After years of summer vacations, these polar-opposite pals wonder if they could be a perfect romantic match.",6.951,/peG6482ALJQ9Tbvv2P38BquVk0f.jpg,Comedy|Romance|Drama,Brett Haley,Emily Bader|Tom Blyth|Sarah Catherine Hook|Jameela Jamil|Miles Heizer,0.9337
804370,Arco,"Ten-year-old Arco lives in a far future. During his first flight in his rainbow suit, he loses control and falls into the past. Iris, a girl his age from 2075, comes to his rescue and tries by any means to help send him back to his own era.",7.581,/mWlvHFxTDhq9O5WSOHywa32QIez.jpg,Adventure|Animation|Family|Science Fiction,Ugo Bienvenu,Margot Ringard Oldra|Oscar Tresanini|Nathanaël Perrot|Alma Jodorowsky|Swann Arlaud,0.5719
1442211,Balandrau: Where the Fierce Wind Blew,"On December 30, 2000, a group of friends climbed Balandrau, but an unpredictable blizzard unleashed the worst Pyrenees storm in history.",6.692,/h8dHRehbyix7Qw9r631fpHcI3g1.jpg,Drama,Fernando Trullols,Álvaro Cervantes|Marc Martínez|Bruna Cusí|Anna Moliner|Pep Ambròs,-0.6808
1159206,Father Mother Sister Brother,"Estranged siblings reunite after years apart, forced to confront unresolved tensions and reevaluate their strained relationships with their emotionally distant parents.",6.4,/96O3Ol3f2veMxAxYqsML8rOumB9.jpg,Comedy|Drama,Jim Jarmusch,Tom Waits|Adam Driver|Mayim Bialik|Charlotte Rampling|Cate Blanchett,-0.8442
1598785,Milky☆Subway: The Galactic Limited Express - the Movie,"Six delinquents are tasked with cleaning a train as part of a community service program. But when the train suddenly takes off, chaos ensues.",9.3,/brQf6Odu4S6WzfVLuXLbOcbsOP2.jpg,Animation|Action|Adventure|Comedy|Science Fiction,Yohei Kameyama,Momoka Terasawa|Anna Nagase|Mikako Komatsu|Hisako Kanemoto|Makoto Koichi,-0.7227
950396,The Gorge,"Two highly trained operatives grow close from a distance after being sent to guard opposite sides of a mysterious gorge. When an evil below emerges, they must work together to survive what lies within.",7.663,/7iMBZzVZtG0oBug4TfqDb9ZxAOa.jpg,Romance|Science Fiction|Thriller,Scott Derrickson,Miles Teller|Anya Taylor-Joy|Sigourney Weaver|Ṣọpẹ́ Dìrísù|William Houston,-0.802
1673568,The Devil Wears Prada 2 Red Carpet World Premiere,"Get ready for couture, cameras, and cast moments as Disney+ and Hulu livestream the The Devil Wears Prada 2 world premiere from New York City’s Lincoln Center. Streaming live to subscribers worldwide, the event offers a rare, front‑row view as it unfolds in America’s fashion capital. From red carpet arrivals to behind‑the‑scenes interviews, it’s an inside look at one of the most glamorous nights of the year, and the perfect kickoff to the film’s theatrical debut.",9.0,/grTJpqC5pfGfjWmrgBVvPHYMq5K.jpg,Documentary,Unknown,Anne Hathaway|Emily Blunt|Stanley Tucci|Brad Goreski|Tefi Pessoa,0.659
1318435,Queens of the Dead,"When a zombie apocalypse breaks out in Brooklyn on the night of a giant warehouse party, an eclectic group of drag queens, club kids, & frenemies must put aside their drama and use their unique skills to fight against the brain-thirsty, scrolling undead.",5.735,/mY8JqSMBSiXZh9EbGqUjpF6aacu.jpg,Horror|Comedy,Tina Romero,Katy O'Brian|Jaquel Spivey|Nina West|Tómas Matos|Margaret Cho,-0.2023
1290792,One Spoon of Chocolate,"After serving his country in the Army, Unique is falsely accused of assault and sent to prison. Once released, Unique sets up shop in Ohio to restart his life, linking up with his only surviving relative, Ramsey. There’s something insidious happening in this town, though, as its racist sheriff and his crew of similarly bigoted acolytes all have a knack for violence and share a gruesome secret pertaining to a recent string of missing young Black men. When they set their sights on Unique and turn his life upside down, the former soldier has no choice but to bring the ruckus down on the sheriff and his goons.",4.813,/iiVuwRguusPeO2Mqmg68cpqq9ex.jpg,Action|Drama|Thriller,RZA,Shameik Moore|Blair Underwood|RJ Cyler|Paris Jackson|Emyri Crutchfield,-0.8481
1473878,Speed Demon,"Aboard a high-speed train, a Nun who lost her faith must perform her first Exorcism on a possessed passenger hellbent on crashing the runaway train.",4.6,/gP7maqMVoQPXYi1rtCJ1kpSpNTA.jpg,Horror,Jon Keeyes,Katie Cassidy|William H. Macy|John Patrick Jordan|Michael Emery|Allen McCullough,0.1531
1421552,Panda Plan 2: The Magical Tribe,"The panda ""Huhu"" is about to move into a brand new panda enclosure when he's suddenly confronted by international robbers. Huhu falls off a cliff while battling the robbers, only to awaken to discover he's in a mysterious tribe. To return to the enclosure, this intriguing team helps the tribe solve various problems...",6.5,/rsklfT52hvm04Ni7acJb5t96SPq.jpg,Action|Comedy|Family|Fantasy,Derek Hui Wang-Yu,Jackie Chan|Ma Li|Qiao Shan|Yu Yang|Wang Yinglu,0.128
1630865,Petaka Gunung Welirang,"Five friends camp on Mount Welirang. On their way to the summit, they encounter a Queen and her royal troops. What mysteries lie hidden within Mount Welirang?",0.0,/5xGB0dyoA0hpa0WtrKnqmMXvU5c.jpg,Adventure|Horror|Mystery,Indra Gunawan,Antonio Blanco Jr|Alika Jantinia|Giulio Parengkuan|Razan Zu|Jinan Safa,0.4767
1686875,The Love Heist,Celebrity stylist Kayli must team up with hotel security chief Mills to track down an iconic piece of fashion history after it goes missing on her watch before the Chicago Costume Gala.,4.0,/upix8bo5uJ5NUamttLvqUZDwzQE.jpg,Romance,Kevin Fair,Lyndsy Fonseca|Peter Porte|Rhianna Jagpal|Oscar Chark|Bernie Yao,0.0516
1168719,Silent Friend,"In the heart of a botanical garden in a medieval university town in Germany stands a majestic ginkgo tree. This silent witness has observed over a century the quiet rhythms of transformation across three human lives. At three distinct moments across the 20th and 21st centuries, these people — each carrying their own questions and inner struggles — inevitably find themselves drawn into the presence of this tree, full of mystery and meaning.",7.059,/mZjkRpTFfcdsTmtIAzKVM87I94R.jpg,Drama,Ildikó Enyedi,Tony Leung Chiu-wai|Léa Seydoux|Luna Wedler|Enzo Brumm|Sylvester Groth,-0.3612
616037,Thor: Love and Thunder,"After his retirement is interrupted by Gorr the God Butcher, a galactic killer who seeks the extinction of the gods, Thor Odinson enlists the help of King Valkyrie, Korg, and ex-girlfriend Jane Foster, who now wields Mjolnir as the Mighty Thor. Together they embark upon a harrowing cosmic adventure to uncover the mystery of the God Butcher’s vengeance and stop him before it’s too late.",6.369,/pIkRyD18kl4FhoCNQuWxWu5cBLM.jpg,Fantasy|Action|Comedy,Taika Waititi,Chris Hemsworth|Natalie Portman|Christian Bale|Tessa Thompson|Taika Waititi,-0.128
1174145,Master Zhong,"A girl meets Zhong Kui, the deity who vanquishes ghosts and demons. Partnering to solve cases, they discover a great conspiracy against the mortal realm.",3.5,/zsWPTAfEI6ealbmIpw0G6QArSSc.jpg,Animation|Action|Fantasy,Yuxi Wang,Duan Yixuan|余昊威|Liangwei Hu|Zhao Chengchen|Ba He,0.3612
1126723,Mr. X,Centers on secret intelligence agency cases involving five major national threats that were thwarted through covert operations.,5.3,/7aqx7T9FNu1HPCyb0CBjJtjshoU.jpg,Action|Thriller,Manu Anand,Arya|Gautham Ram Karthik|Manju Warrier|R. Sarathkumar|Anagha,0.0516
497582,Enola Holmes,"While searching for her missing mother, intrepid teen Enola Holmes uses her sleuthing skills to outsmart big brother Sherlock and help a runaway lord.",7.223,/riYInlsq2kf1AWoGm80JQW5dLKp.jpg,Adventure|Mystery|Crime,Harry Bradbeer,Millie Bobby Brown|Henry Cavill|Sam Claflin|Helena Bonham Carter|Louis Partridge,0.128
1151031,Bring Her Back,"Following the death of their father, a brother and sister are sent to live with a foster mother, only to learn that she is hiding a terrifying secret.",7.35,/1Q3GlCXGYWELifxANYZ5OVMRVZl.jpg,Horror,Michael Philippou,Billy Barratt|Sally Hawkins|Mischa Heywood|Jonah Wren Phillips|Stephen Phillips,-0.8689
1119090,I Am Frankelda,A gifted young writer in 19th-century Mexico journeys into her subconscious and comes face to face with characters from her own spooky stories.,8.281,/hDzllxB1TQ7uUxVvjnGHirJJovt.jpg,Animation|Fantasy|Horror|Adventure|Family,Arturo Ambriz,Mireya Mendoza|Arturo Mercado Jr.|Luis Leonardo Suarez|Gaby Cárdenas|Beto Castillo,0.0
964849,Nightborn,"With dreams of starting a perfect family, Saga and her British husband Jon move to the isolated house where she spent much of her childhood, deep in the Finnish forest. But as soon as their baby is born, despite the reassurance of all around her, Saga knows there's something terribly wrong. As their marriage starts to crack, Jon struggles to support his wife, but only Saga suspects the disturbing truth about her new-born.",10.0,/xzBmIu0wHXbCkBgONBUgqqqvloI.jpg,Horror,Hanna Bergholm,Rupert Grint|Seidi Haarla|Pamela Tola|Pirkko Saisio|Rebecca Lacey,-0.9378
1126723,Mr. X,Centers on secret intelligence agency cases involving five major national threats that were thwarted through covert operations.,5.3,/7aqx7T9FNu1HPCyb0CBjJtjshoU.jpg,Action|Thriller,Manu Anand,Arya|Gautham Ram Karthik|Manju Warrier|R. Sarathkumar|Anagha,0.0516
1151031,Bring Her Back,"Following the death of their father, a brother and sister are sent to live with a foster mother, only to learn that she is hiding a terrifying secret.",7.35,/1Q3GlCXGYWELifxANYZ5OVMRVZl.jpg,Horror,Michael Philippou,Billy Barratt|Sally Hawkins|Mischa Heywood|Jonah Wren Phillips|Stephen Phillips,-0.8689
964849,Nightborn,"With dreams of starting a perfect family, Saga and her British husband Jon move to the isolated house where she spent much of her childhood, deep in the Finnish forest. But as soon as their baby is born, despite the reassurance of all around her, Saga knows there's something terribly wrong. As their marriage starts to crack, Jon struggles to support his wife, but only Saga suspects the disturbing truth about her new-born.",10.0,/xzBmIu0wHXbCkBgONBUgqqqvloI.jpg,Horror,Hanna Bergholm,Rupert Grint|Seidi Haarla|Pamela Tola|Pirkko Saisio|Rebecca Lacey,-0.9378
1720206,Rik Mayall: Magnificent B'stard,"From early sketches to standout performances, Mayall's fearless comedy bursts with energy and intent, capturing a pivotal moment in British comedy while delivering pure entertainment.",10.0,/u01paGs0YEyUea8a3q9MyV9IMJ0.jpg,Documentary|Comedy,Todd Austin,Rik Mayall|Adrian Edmondson|Ben Elton|Lloyd Peters|Anthony Mayall,0.8957
1151272,Sirāt,"A man and his son arrive at a rave lost in the mountains of Morocco. They are looking for Marina, their daughter and sister, who disappeared months ago at another rave. Driven by fate, they decide to follow a group of ravers in search of one last party, in hopes Marina will be there.",6.855,/bzBtsLi17rK4G6kDvOXfUZfAhca.jpg,Drama|Thriller,Oliver Laxe,Sergi López|Bruno Núñez|Stefania Gadda|Joshua Liam Henderson|Richard Bellamy,0.3182
1400357,The Christophers,"The estranged children of a once-famous artist hire a forger to complete his unfinished works so they can be ""discovered"" and sold after his death.",6.85,/s6oUrGMNl8hVh7fn0O8oF2rHwrM.jpg,Crime|Comedy,Steven Soderbergh,Michaela Coel|Ian McKellen|Jessica Gunning|James Corden|Ferdy Roberts,-0.5994
1470130,The Mortuary Assistant,"Rebecca Owens, a recent mortuary science graduate takes a night shift job at River Fields Mortuary. Initially, the job seems straightforward — embalming bodies, completing paperwork, and keeping things tidy. But once Rebecca starts working the night shift, things take a dark turn.",5.413,/7k7hY1HqUYryPdRio0fuDMaIq4N.jpg,Horror|Mystery,Jeremiah Kipp,Willa Holland|Paul Sparks|John Adams|Mark Steger|Shelly Gibson,0.0
1288072,Keeper,"Liz and Malcolm escape for a romantic anniversary weekend at a secluded cabin. When Malcolm suddenly returns to the city, Liz finds herself isolated and in the presence of an unspeakable evil that reveals the cabin's horrifying secrets.",5.631,/mbGHijUc0C3fcM12l6ro6FgxIvg.jpg,Horror|Mystery,Osgood Perkins,Tatiana Maslany|Rossif Sutherland|Birkett Turton|Eden Weiss|Cassandra Ebner,-0.7906
1284046,Onslaught,"When a rogue squad of genetically engineered super soldiers break loose in the desert, a badass Army sniper must unleash hell to protect her young daughter.",0.0,/3k69IPJEoLBMB3J5FCYehL8NMs2.jpg,Action|Horror|Thriller,Adam Wingard,Adria Arjona|Alex Pereira|Drew Starkey|Rebecca Hall|Reginald VelJohnson,-0.25
1725116,Simpsley,"When penniless con-artist Marge Bouvier is sent to Italy to convince wealthy sap Seymour Skinner to come home, she’s tempted by the trappings of his affluent lifestyle. But there’s a big fat fly in the ointment: Skinner’s clingy, dim-witted mooch of a houseguest, Homer Simpsley. Lies, lust and Italian lira are abound.",0.0,/qkJefER6Ym4v2KC1v4qK34AlcVo.jpg,Comedy,Debbie Bruce Mahan,Dan Castellaneta|Julie Kavner|Nancy Cartwright|Yeardley Smith|Hank Azaria,-0.7184
1079314,On the Edge,"Alexia, 25, arrives as a trainee nurse in the closed ward of a psychiatric hospital, and meets Joëlle, the head nurse, who teaches her the job. Alexia is touched by the anger of Mila, a 20-year-old patient, who thinks she has no business being there. Despite Joëlle’s warnings about keeping her distance from patients, Alexia gets close to Mila and puts all her energy into trying to get her out.",6.8,/bMWHiftQHos0bIGNG6yTvxe5aPA.jpg,Drama,Guérin van de Vorst,Mara Taquin|Sasha Deprez|Nathalie Richard|Hamza Essalouh|Blanche Pembe,-0.4427
1519347,KMJS' Gabi Ng Lagim: The Movie,"Three chilling tales based on real stories expose the haunting depths of faith, fear, and the unknown — from a seafarer trapped on a cursed voyage, to an island plagued by a flesh-eating legend, and a young woman's battle against a legion of demons that pushes the limits of faith and sanity.",0.0,/mDen3yi2avr5li5qZqJIDTReZ6x.jpg,Horror,King Mark Baco,Jessica Soho|Jillian Ward|Elijah Canlas|Miguel Tanfelix|Sanya Lopez,-0.7506
1397335,Hunting Jessica Brok,"Long before she was a single mother in a sleepy South African town, Jessica Brok was a highly skilled, coldblooded, special ops assassin. She thought she’d left that life behind. She thought her last ill-fated mission was her last. She thought wrong.",6.958,/xRcGnwShS9wpqlTc6KvK4WUY55A.jpg,Action|Thriller,Alastair Orr,Danica De La Rey|Clyde Berning|Richard Lukunku|Anthony Oseyemi|Hlubi Mboya,-0.0352
1560520,Batman: Knightfall Part 1: Knightfall,"Arkham Asylum has been destroyed, and all its inmates have been unleashed upon Gotham City. As Batman races to round up some of his greatest enemies, he is pushed to his physical and mental limits and into a final confrontation with a new threat: the man called Bane!",0.0,/mEhTkSgp7mkWrBpAccrUyMkaYDW.jpg,Animation|Action|Adventure,Jeff Wamester,Anson Mount|Michael Mando|Pablo Schreiber|Jack Giffin|Bruce Boxleitner,-0.8016
1329071,The Stories,"The Stories is a decades-spanning Egyptian family saga and love story set between the late 1960s and 1980s. The film follows Ahmed, a young man from a Middle-Class Cairo family who dreams of becoming a concert pianist. During the tense summer of 1967, as war looms over Egypt, he begins a pen-pal correspondence with an Austrian woman named Elizabeth (“Liz”). A semi-autobiographical film based on the director's parents and how they met.",5.667,/pQt3VlmQL35ZwhBqXNShwVzYv5A.jpg,Drama|Music|Comedy,Abu Bakr Shawky,Amir El-Masry|Valerie Pachner|Karim Kassem|Ahmed ElAzaar|Nelly Karim,0.0
1071585,M3GAN 2.0,"After the underlying tech for M3GAN is stolen and misused by a powerful defense contractor to create a military-grade weapon known as Amelia, M3GAN's creator Gemma realizes that the only option is to resurrect M3GAN and give her a few upgrades, making her faster, stronger, and more lethal.",7.195,/oekamLQrwlJjRNmfaBE4llIvkir.jpg,Action|Science Fiction|Thriller,Gerard Johnstone,Allison Williams|Amie Donald|Violet McGraw|Jenna Davis|Brian Jordan Alvarez,0.3818
1617191,Summer's Last Resort,"Determined to save her mom from another bad relationship, a teen accidentally turns a luxury vacation into total chaos.",0.0,/gSrOIFH90YYflkl1ldM7ftPhwTQ.jpg,Comedy,Melanie Scrofano,Violet McGraw|Jerry O'Connell|Sophia Bush|Tim Rozon|Candice van Litsenborgh,-0.6124
1591822,Pandora: Fire and Ice,"Decades after humanity's first contact with Pandora, a new expedition returns to harvest what's left of the planet's resources-only to discover that the alien species is preparing to strike back against Earth.",5.167,/13YU9zVOD6unuZuiLapZTXQql4G.jpg,Science Fiction|Action|Adventure,Canyon Prince,Erika K. Marks|William McNamara|Hannah Hueston|Kristos Andrews|Paul Logan,-0.128
1315702,The Residence,"In the near future, during a health crisis, novelist Clarissa Katsef visits the Ludovico Foundation housing complex in search of inspiration. With the help of her AI assistant Dalloway, she finds fresh inspiration as she immerses herself in her writing.",6.287,/cQwcaFe7rADsEDRDhS3TQTmfzLC.jpg,Thriller|Science Fiction|Drama,Yann Gozlan,Mylène Farmer|Cécile de France|Anna Mouglalis|Lars Mikkelsen|Frédéric Pierrot,0.7717
1423191,Resident Evil,"Bryan, a medical courier, is in the process of making a delivery when a sudden outbreak occurs, forcing him to fight for survival.",0.0,/zP83bIkBViw5b1s9bDemYJ3AAgX.jpg,Horror|Science Fiction,Zach Cregger,Austin Abrams|Zach Cherry|Kali Reis|Paul Walter Hauser|Johnno Wilson,-0.3818
729684,Fox Hunt,"Based on true events. Dai Yichen, the Shanghai-based mastermind of a massive financial fraud who has been on the run for seven years, resurfaces in Paris. Chinese economic crime detective Ye Jun leads the ""Fox Hunt Team"" on a cross-border mission to recover the stolen assets. When the hunter becomes the hunted, can the Fox Hunt Team make a comeback against all odds?",6.636,/y8CpJRV7b43CGjEH0qcnnbWj8xs.jpg,Action|Crime|Drama,Leo Zhang,Tony Leung Chiu-wai|Duan Yihong|Erica Xia-Hou|Zhang Aoyue|Olga Kurylenko,-0.7906
675871,Super Troopers 3,"When Farva’s wildly over-the-top Indian engagement to Thorny’s sister spirals into chaos, the Super Troopers must navigate Thorny’s schemes to break up the relationship, while trying to crack a pernicious new drug ring  — all to save the day and maybe the wedding itself.",0.0,/eV2Uhn8A93V4ELySlrBGvBuQJLj.jpg,Comedy|Crime|Mystery,Jay Chandrasekhar,Jay Chandrasekhar|Paul Soter|Steve Lemme|Erik Stolhanske|Kevin Heffernan,0.7506
806704,The Batman: Part II,Sequel to the 2022 film The Batman.,0.0,/qv4YTyxvaujP79a5XZJ6F4G8Nyi.jpg,Mystery|Drama|Crime,Matt Reeves,Robert Pattinson|Jeffrey Wright|Andy Serkis|Colin Farrell|Jayme Lawson,0.0
1519347,KMJS' Gabi Ng Lagim: The Movie,"Three chilling tales based on real stories expose the haunting depths of faith, fear, and the unknown — from a seafarer trapped on a cursed voyage, to an island plagued by a flesh-eating legend, and a young woman's battle against a legion of demons that pushes the limits of faith and sanity.",0.0,/mDen3yi2avr5li5qZqJIDTReZ6x.jpg,Horror,King Mark Baco,Jessica Soho|Jillian Ward|Elijah Canlas|Miguel Tanfelix|Sanya Lopez,-0.7506
1400756,"Mad Bills to Pay (or Destiny, dile que no soy malo)","Rico’s summer is a mix of chasing girls and hustling homemade cocktails out of a cooler on Orchard Beach, the Bronx. But when Destiny, his teenage girlfriend, crashes at his place with his family, it’s only a matter of time before his carefree days come spiraling down.",6.0,/5f0AG1eGsRC5aIdUGt8wAkrTSuS.jpg,Drama,Joel Alfonso Vargas,Juan Collado|Destiny Checo|Yohanna Florentino|Nathaly Navarro|Gregory Requena,0.5719
1283515,Verity,"Lowen Ashleigh gets hired by Jeremy Crawford to ghostwrite novels for his bestselling author wife Verity, who's unable to finish after an accident. Lowen uncovers Verity's disturbing truths while residing at the Crawfords' home to work.",0.0,/dGSsPovyUW5XVekXcy7F2GyhTEh.jpg,Mystery|Thriller,Michael Showalter,Dakota Johnson|Anne Hathaway|Josh Hartnett|Ismael Cruz Cordova|Brady Wagner,-0.5574
1156594,Our Fault,"Jenna and Lion's wedding brings about the long-awaited reunion between Noah and Nick after their breakup. Nick's inability to forgive Noah stands as an insurmountable barrier. He, heir to his grandfather's businesses, and she, starting her professional life, resist fueling a flame that's still alive. But now that their paths have crossed again, will love be stronger than resentment?",7.378,/yzqHt4m1SeY9FbPrfZ0C2Hi9x1s.jpg,Romance|Drama,Domingo González,Nicole Wallace|Gabriel Guevara|Gabriela Andrada|Marta Hazas|Goya Toledo,0.765
445466,Idiots,"When two unqualified bozos are hired to transfer a rich teen to rehab, their straightforward gig quickly spirals into dangerous mayhem.",0.0,/6GighAm1FOixgUuMQ1uEGxe3AKq.jpg,Comedy|Crime,Macon Blair,Dave Franco|O'Shea Jackson Jr.|Mason Thames|Kiernan Shipka|Nicholas Braun,0.128
1100782,Smile 2,"About to embark on a new world tour, global pop sensation Skye Riley begins experiencing increasingly terrifying and inexplicable events. Overwhelmed by the escalating horrors and the pressures of fame, Skye is forced to face her dark past to regain control of her life before it spirals out of control.",6.591,/ht8Uv9QPv9y7K0RvUyJIaXOZTfd.jpg,Horror|Music|Mystery|Thriller,Parker Finn,Naomi Scott|Rosemarie DeWitt|Lukas Gage|Miles Gutierrez-Riley|Peter Jacobson,-0.8625
1662414,Propeller One-Way Night Coach,"During the golden age of aviation, a young airplane enthusiast and his mother embark on a cross-country journey to Hollywood—and their simple flight transforms into the trip of a lifetime.",6.731,/joal4OSVC4T1yFb3kph91tkNNFf.jpg,Adventure|Drama|Family,John Travolta,Clark Shotwell|Kelly Eviston-Quinnett|Ella Bleu Travolta|Olga Hoffmann|Charlie Berger,0.3612
1316427,7 Dogs,Interpol agent Khalid Al-Azzazi joins forces with Ghali Abu Dawood from the 7 Dogs crime syndicate to fight drug trafficking.,5.556,/66n5bB6iYTWsWMz0mh3Qv7qmzIJ.jpg,Action|Comedy,Adil El Arbi,Ahmed Ezz|Karim Abdel Aziz|Monica Bellucci|Tara Emad|Martin Lawrence,-0.7269
1043197,Dust Bunny,"Ten-year-old Aurora asks her hitman neighbor to kill the monster under her bed that she claims ate her family. To protect her, he must battle an onslaught of assassins while accepting that some monsters are real.",6.675,/qa5aZpO8tQqhlDaE0flalS1TuIS.jpg,Fantasy|Action|Horror,Bryan Fuller,Mads Mikkelsen|Sophie Sloan|Sheila Atim|David Dastmalchian|Rebecca Henderson,-0.4767
1584215,The Internship,"A CIA-trained assassin recruits other graduates from her secret childhood program, The Internship, to violently destroy the organization. The CIA fights back with deadly force.",6.766,/fYqSOkix4rbDiZW0ACNnvZCpT6X.jpg,Action,James Bamford,Lizzy Greene|Megan Boone|Sky Katz|Philip Winchester|Alix Villaret,-0.875
1187326,Tad and The Magic Lamp,"Tadeo, his girlfriend Sara, and his friends Momia, Jeff, and Belzoni embark on an adventure after Tadeo accidentally unleashes an ancient spell.",0.0,/AdDxZgNmRYgDuweY8899buyVqlr.jpg,Animation|Comedy|Family,Enrique Gato,Óscar Barberán|Michelle Jenner|Luis Posada|Joseph Balderrama|Trevor White,0.4588
696506,Mickey 17,"Unlikely hero Mickey Barnes finds himself in the extraordinary circumstance of working for an employer who demands the ultimate commitment to the job… to die, for a living.",6.84,/edKpE9B5qN3e559OuMCLZdW1iBZ.jpg,Science Fiction|Comedy|Adventure,Bong Joon Ho,Robert Pattinson|Naomi Ackie|Steven Yeun|Mark Ruffalo|Toni Collette,0.3182
1166599,Love Is the Monster,"A couple, Ana and Justin, rocked by infidelity, attend an exclusive couples retreat in Finland, under the golden rays of the summer’s midnight sun. They join other couples from other parts of the world to experience the transformative teachings of the shaman and healer, Tiina, inspired by the ancient Finnish goddess of love and fertility, Lempo. But the idyllic setting soon takes a turn...",5.7,/94Y2I0LtJMuhThumYU4n22muE2e.jpg,Thriller,Alex Noyer,Madeline Zima|Leonardo Nam|Moe Jeudy-Lamour|Kimberly-Sue Murray|Kristina Tonteri-Young,0.714
1321179,The King's Warden,"In a remote mountain village of 15th-century Joseon, humble headman Heung-do hears a rumor that any village hosting an exiled nobleman will be blessed with abundance and fortune. Hoping to bring prosperity to his impoverished community, he eagerly submits a petition to host one—unaware that his guest is none other than the fallen monarch, deposed boy-king Danjong.",7.283,/3CnVA1jAA64Q3qNVAW8DekCu19b.jpg,History|Drama,Chang Hang-jun,Yoo Hai-jin|Park Ji-hoon|Yoo Ji-tae|Jeon Mi-do|Kim Min,0.7783
1010756,The Strangers: Chapter 2,"After learning that one of their victims, Maya, is still alive, The Strangers return to finish the job. With nowhere to run and no one to trust, Maya soon finds herself in a brutal fight for survival against psychopaths more than willing to kill anyone who stands in their way.",6.071,/pqADzs5SJvI2jC0DThPVMuNJcWS.jpg,Horror|Thriller,Renny Harlin,Madelaine Petsch|Froy Gutierrez|Gabriel Basso|Ema Horvath|Brooke Lena Johnson,-0.875
1215919,My Sister's Bones,Kate Rafter is back to home after a horrific incident in war-torn Iraq and the death of her mother. While packing up her mother's belongings she comes to believe there is something strange and terrifying happening in the house next door.,6.2,/4gr9WexfjVIji7LIH3D5zq4qAPc.jpg,Drama|Thriller|Horror,Heidi Greensmith,Jenny Seagrove|Anna Friel|Ben Miles|David Bradley|Lovi Poe,-0.93
1400381,"It's Never Over, Jeff Buckley","Rising musician Jeff Buckley had only released one album when he died suddenly in 1997. Now, never-before-seen footage, exclusive voice messages, and accounts from those closest to him offer a portrait of the captivating singer.",7.803,/rrKe8bC6UKFKvfZHvbwA9Bq5hkR.jpg,Documentary|Music,Amy J. Berg,Jeff Buckley|Mary Guibert|Ben Harper|Aimee Mann|Rebecca Moore,-0.4767
698687,Transformers One,"The untold origin story of Optimus Prime and Megatron, better known as sworn enemies, but once were friends bonded like brothers who changed the fate of Cybertron forever.",7.968,/iRCgqpdVE4wyLQvGYU3ZP7pAtUc.jpg,Animation|Science Fiction|Adventure|Family,Josh Cooley,Chris Hemsworth|Brian Tyree Henry|Scarlett Johansson|Keegan-Michael Key|Jon Hamm,0.8047
1497970,Tom and Jerry: Forbidden Compass,"During a chase inside a museum, Tom and Jerry find an ancient magical compass and end up being transported through time. Lost in a distant era, they will need to work together to find a way back home.",6.5,/5qttWFjsO62k88civZaDMHiBTvy.jpg,Animation|Comedy|Family|Fantasy|Adventure,Zhang Gang,John Shang|Ruan Yifei|Jiang Wen|Shun Zi|Lan Long,-0.3182
1706711,UFC Fight Night 280: Fiziev vs. Torres,"UFC Fight Night 280: Fiziev vs. Torres was a mixed martial arts event produced by the Ultimate Fighting Championship that took place on June 27, 2026, at the National Gymnastics Arena in Baku, Azerbaijan. A lightweight bout between Rafael Fiziev and Manuel Torres headlined the event.",0.0,/gX3Pd6UY1ohGrPyJMOMV3pCn5tJ.jpg,Action,Unknown,Rafael Fiziev|Manuel Torres|Shara Magomedov|Michel Pereira|Matheus Camilo,-0.296
974262,Descendants: The Rise of Red,"After the Queen of Hearts incites a coup on Auradon, her rebellious daughter Red and Cinderella's perfectionist daughter Chloe join forces and travel back in time to try to undo the traumatic event that set Red's mother down her villainous path.",6.733,/8fYluTtB3b3HKO7KQa5tzrvGaps.jpg,Fantasy|Adventure|Family|Comedy,Jennifer Phang,Kylie Cantrall|Malia Baker|Ruby Rose Turner|Morgan Dudley|Dara Reneé,-0.6369
1406543,Karakkam,"A drunken New Year's prank goes horribly wrong when two young men remove sacred crosses from graves. Five restless ghosts emerge to haunt their every move, driving them to seek redemption and release.",10.0,/xCc5K9hy7Nkmkag1yS3HC75j9e2.jpg,Horror|Comedy,Subhash Lalitha Subrahmanian,Sreenath Bhasi|Femina George|Abhiram Radhakrishnan|Praveen TJ|Manikandan Achari,-0.91
1268127,Humint,A South Korean agent hunts a drug ring in Russia and goes head-to-head with a North Korean operative — pulling both into peril and tangled secrets.,7.4,/82bX2GK4PhaJQtfkTnfmd2P7erG.jpg,Thriller|Action|Drama,Ryoo Seung-wan,Zo In-sung|Park Jeong-min|Park Hae-joon|Shin Sae-kyeong|Robert Maaser,-0.4019
1394496,O Velho Fusca,,7.2,/i5b0YXx6fRlvj88SKcwLLS92595.jpg,Comedy|Drama,Emiliano Ruschel,Caio Manhente|Tonico Pereira|Cleo|Danton Mello|Giovanna Chaves,0.0
1399525,Rose of Nevada,"A mysterious boat returns to a village 30 years after vanishing. Two men join its crew hoping for better fortune. After one voyage, they find themselves transported back in time, mistaken for the original crew.",6.4,/rqHgjvD5HV0ojj4CEV31ztertPK.jpg,Science Fiction|Mystery|Drama,Mark Jenkin,George MacKay|Callum Turner|Francis Magee|Edward Rowe|Rosalind Eleazar,0.7717
870028,The Accountant²,"When an old acquaintance is murdered, Wolff is compelled to solve the case. Realizing more extreme measures are necessary, Wolff recruits his estranged and highly lethal brother, Brax, to help. In partnership with Marybeth Medina, they uncover a deadly conspiracy, becoming targets of a ruthless network of killers who will stop at nothing to keep their secrets buried.",7.088,/lUvfTcOZiK0sdcX0WNLPbMyKjGm.jpg,Mystery|Crime|Thriller,Gavin O'Connor,Ben Affleck|Jon Bernthal|Cynthia Addai-Robinson|J.K. Simmons|Allison Robertson,-0.891
1265948,The Guardian,,1.0,/ifuoiLIERaYnB8E70VtAYvPL1t3.jpg,Action|Crime,Jeong Jang-hwan,Nam Woo-hyun|Park Eun-hye|Han Jae-suk,0.0
1691985,Mixedup Shaman,"Suyeon, a Korean girl with a Vietnamese mother, suffers from shinbyeong (a spiritual illness). She survives the grueling initiation ritual, only to discover the spirit possessing her is a Vietnamese god. The local shaman refuses to help, claiming Suyeon must go to Vietnam to receive a foreign deity. Determined to stay in the only home she knows, Suyeon and her friends launch a wild operation to keep her in Korea.",6.0,/flJecwKt4J84xaKD8xzwu7zJs2o.jpg,Comedy|Drama,Kim Keun-ho,Kwon Yoo-gyeong|Jo Hyun-wu|Kim Sa-rang|Anupam Tripathi,0.7845
1029281,Strange Darling,Nothing is what it seems when a twisted one-night stand spirals into a serial killer’s vicious murder spree.,6.912,/kWNCRgt3ocv19bYO0sk7TRuZuFY.jpg,Horror|Thriller,JT Mollner,Willa Fitzgerald|Kyle Gallner|Madisen Beaty|Bianca A. Santos|Steven Michael Quezada,-0.802
1091862,Black Diamond,"Follows a young woman whose idyllic life with her hedge funder boyfriend turns it into a deadly triangle of lust, obsession and murder after meeting a local cowboy handyman.",5.417,/6Tzq8vYW5ji0WQnMkg8kBFx3tWJ.jpg,Thriller,Judd Bloch,Inbar Lavi|Ray Panthaki|Jake McLaughlin|Shaun Sipos|Michael James Bell,-0.7964
1417285,The Stain,"When Malee, a young woman with a dark past, is drawn by fate to an apartment where she must confront haunting memories from her childhood, she encounters Pran, a botanist, a tea blending master, and the founder of a Thai floral tea brand.",4.0,/vPxVvwMduxySggqEyHpwQNtjbx6.jpg,Horror|Thriller|Romance,Bhanbhassa Dhubthien,Nattawin Wattanagitiphat|Engfa Waraha|Jespipat Tilapornputt|Sarocha Chankimha|Padung Songsang,-0.4215
1497463,All That We Never Were,"19-year-old Leah navigates a coming-of-age journey in the wake of a tragic car accident that claims her parents. Relocated to a coastal town under the care of her brother’s best friend Axel, Leah grapples with grief, haunting nightmares and a fractured sense of self.",7.5,/lANJOAONExFL7HWOJJskBX4i7Y6.jpg,Drama|Romance,Jorge Alonso,Margarida Corceiro|Maxi Iglesias|Natalia Rodríguez|Sebastián Zurita|Adriana Hormigos,0.0516
1035048,Elevation,"Post-apocalyptic survivors find refuge in the Rocky Mountains to hide from giant, insect-like creatures that can't live above 8,000 feet. However, when one of them needs life-saving supplies, they risk it all to venture into the danger zone.",6.402,/tnfc0NJ3BzhJrGJhkkEd6MHBdq5.jpg,Action|Science Fiction|Thriller,George Nolfi,Anthony Mackie|Morena Baccarin|Maddie Hasson|Danny Boyd Jr.|Rachel Nicks,-0.7351
1341138,Spa Weekend,"Four lifelong friends realize that somewhere between careers, relationships, families and everyday responsibilities, they have forgotten how to take care of themselves and each other. Burned out and overdue for a break, the women escape to a luxury spa retreat for what turns out to be an unforgettable weekend dedicated to fun, laughter, and a lot of really bad decisions.",0.0,/d2Ga7lZI4c19YGcIH09vj9mDZKU.jpg,Comedy,Jon Lucas,Leslie Mann|Isla Fisher|Michelle Buteau|Anna Faris|Adam Demos,0.9119
1262815,The Choral,"As World War I rages on, Dr. Henry Guthrie takes over a British choral society that's lost most of its men to the army. The community soon discovers that the best response to the chaos of war is to make beautiful music together.",6.295,/yQtms7CSM0CE0W6dYbLLAATb5rL.jpg,Comedy|Drama|Music,Nicholas Hytner,Ralph Fiennes|Roger Allam|Mark Addy|Alun Armstrong|Simon Russell Beale,-0.8316
1156593,Your Fault,The love between Noah and Nick seems unwavering despite their parents' attempts to separate them. But his job and her entry into college open up their lives to new relationships that will shake the foundations of both their relationship and the Leister family itself.,7.085,/1sQA7lfcF9yUyoLYC0e6Zo3jmxE.jpg,Drama|Romance,Domingo González,Nicole Wallace|Gabriel Guevara|Marta Hazas|Iván Sánchez|Eva Ruiz,0.1406
912378,Dridam,"A police officer arrives at a seemingly peaceful station but faces pressure when human remains are discovered. Given only a week to solve the murder, he must navigate demands from his department and an anxious public seeking swift justice.",5.0,/fXSdAujfiRRW6LqekN4FvFQidh3.jpg,Crime|Thriller,Martin Joseph,Shane Nigam|Shobi Thilakan|Dinesh Prabhakar|Nandan Unni|Saniya Fathima,-0.4118
1341138,Spa Weekend,"Four lifelong friends realize that somewhere between careers, relationships, families and everyday responsibilities, they have forgotten how to take care of themselves and each other. Burned out and overdue for a break, the women escape to a luxury spa retreat for what turns out to be an unforgettable weekend dedicated to fun, laughter, and a lot of really bad decisions.",0.0,/d2Ga7lZI4c19YGcIH09vj9mDZKU.jpg,Comedy,Jon Lucas,Leslie Mann|Isla Fisher|Michelle Buteau|Anna Faris|Adam Demos,0.9119
1262815,The Choral,"As World War I rages on, Dr. Henry Guthrie takes over a British choral society that's lost most of its men to the army. The community soon discovers that the best response to the chaos of war is to make beautiful music together.",6.295,/yQtms7CSM0CE0W6dYbLLAATb5rL.jpg,Comedy|Drama|Music,Nicholas Hytner,Ralph Fiennes|Roger Allam|Mark Addy|Alun Armstrong|Simon Russell Beale,-0.8316
1543134,The Volunteers: Peace at Last,"Set during the final phase of the War to Resist U.S. and Aid Korea, the film depicts the tense final battles and simultaneous peace negotiations leading to the armistice, capturing the spirit of perseverance and sacrifice on both the battlefield and the diplomatic front.",8.0,/ifM7LfaIIkiQ03bXn5MVe87uLf9.jpg,Drama|War|History,Chen Kaige,Zhang Zifeng|Song Jia|Zhu Yawen|Arthur Chen|Peng Yuchang,-0.743
552524,Lilo & Stitch,The wildly funny and touching story of a lonely Hawaiian girl and the fugitive alien who helps to mend her broken family.,7.204,/ckQzKpQJO4ZQDCN5evdpKcfm7Ys.jpg,Family|Science Fiction|Comedy,Dean Fleischer Camp,Maia Kealoha|Sydney Agudong|Chris Sanders|Zach Galifianakis|Billy Magnussen,-0.0258
1156593,Your Fault,The love between Noah and Nick seems unwavering despite their parents' attempts to separate them. But his job and her entry into college open up their lives to new relationships that will shake the foundations of both their relationship and the Leister family itself.,7.081,/1sQA7lfcF9yUyoLYC0e6Zo3jmxE.jpg,Drama|Romance,Domingo González,Nicole Wallace|Gabriel Guevara|Marta Hazas|Iván Sánchez|Eva Ruiz,0.1406
912378,Dridam,"A police officer arrives at a seemingly peaceful station but faces pressure when human remains are discovered. Given only a week to solve the murder, he must navigate demands from his department and an anxious public seeking swift justice.",5.0,/fXSdAujfiRRW6LqekN4FvFQidh3.jpg,Crime|Thriller,Martin Joseph,Shane Nigam|Shobi Thilakan|Dinesh Prabhakar|Nandan Unni|Saniya Fathima,-0.4118
648878,Eddington,"In May of 2020, a standoff between a small-town sheriff and mayor sparks a powder keg as neighbor is pitted against neighbor in Eddington, New Mexico.",6.4,/4GIqZUgPZ146BhibsPHMHef2nXX.jpg,Western|Comedy|Crime,Ari Aster,Joaquin Phoenix|Deirdre O'Connell|Emma Stone|Micheal Ward|Pedro Pascal,0.0
1049471,Outcome,"Reef Hawk, Hollywood's poster child since age six, is not okay. When he learns about an extortion plot tied to a mysterious video, Reef preemptively sets out on a redemption tour to make amends, confront his demons, and avoid getting canceled.",5.419,/kSzcpfbTy2pXHGvrVU2WhQTo6oU.jpg,Comedy|Drama,Jonah Hill,Keanu Reeves|Jonah Hill|Cameron Diaz|Matt Bomer|Susan Lucci,-0.5523
1129104,Flavia,"The adventures of 11-year-old Flavia de Luce, who is both an amateur detective and a master poisoner. When she discovers a dead body in her family’s decaying British manor house and her father is accused of the murder, Flavia launches her own investigation to uncover family secrets and bring the true murderer to justice.",6.2,/xwm7TGTmQcM2PkVvMxTjpYYk600.jpg,Family|Adventure|Mystery|Comedy,Bharat Nalluri,Molly Belle Wright|Martin Freeman|Toby Jones|Jonathan Pryce|Annette Badland,-0.9393
1428857,On the Hunt,A former military woman takes on a ruthless criminal underworld in a race against time to find her missing daughter.,4.5,/gkscqnZZrCT5lLsniw1KNL9iiJ0.jpg,Action|Thriller,Jared Cohn,Nicky Whelan|Cam Gigandet|Til Schweiger|Robert LaSardo|Chris Cleveland,-0.6808
1340110,Redux Redux,"In an attempt to avenge her daughter’s death, Irene Kelly travels through parallel universes, killing her daughter’s murderer again and again. As she becomes consumed by vengeance, her humanity begins to slip away—until the cycle is disrupted when she rescues Mia, a sharp-witted teenager already marked by the killer.",6.66,/9u7sUTYPPTxGCXbkcw8FTq50PnO.jpg,Science Fiction|Thriller|Horror|Crime,Kevin McManus,Michaela McManus|Stella Marcus|Jeremy Holm|Jim Cummings|Taylor Misiak,-0.959
1266813,"Goodbye, My Friend","At 35, Étienne still hasn't forgiven his 'friend' Jean-Pat, who made his life miserable throughout his childhood. When he learns of Jean-Pat's death, Étienne isn't exactly devastated... Yet, despite himself, he finds himself organising the funeral of his worst enemy. One thing is certain: Jean-Pat isn't done ruining his life yet.",5.5,/zhk9QdjYWqLICx5pcvgeCp7oU87.jpg,Comedy|Drama,Cécilia Rouaud,Hakim Jemili|Constance Labbé|Nora Hamzawi|Alice David|Gustave Kervern,-0.9481
1097549,Babygirl,A high-powered CEO puts her career and family on the line when she begins a torrid affair with her much younger intern.,5.705,/ilwO6elz3mLV9CToT7C8pjVeKX0.jpg,Romance|Thriller,Halina Reijn,Nicole Kidman|Harris Dickinson|Antonio Banderas|Esther-Rose McGregor|Sophie Wilde,0.0
1497464,Gatto,"After years of maneuvering the canal-ridden, superstitious city, a black cat named Nero begins to question whether he’s lived the right lives. Indebted to a local feline mob boss, Nero finds himself in a quandary and is forced to forge a truly unexpected friendship that may finally lead him to his purpose—unless Venice gets the better of him first.",0.0,/bgt6dSrwkJCMqdKWRpN4ZTAd1kL.jpg,Animation|Comedy|Crime|Family,Enrico Casarosa,Mark Ruffalo|Laurence Fishburne|Enrico Casarosa,0.6908
1359685,El mal,"“El mal is basically a suspense story, where the audience senses that something disturbing is going to happen, but doesn't know how or when. But it also aims to get the viewer to question their own certainties, their capacity to love and to accept their own dark side.”",6.0,/fZWqXuy6UAgnc9ySFyZhXaB2DoR.jpg,Thriller|Horror,Juanma Bajo Ulloa,Natalia Tena|Belén Fabra|Tony Dalton|Fernando Gil|María Schwinning,0.886
1422096,Good Boy,"A loyal dog moves to a rural family home with his owner Todd, only to discover supernatural forces lurking in the shadows. As dark entities threaten his human companion, the brave pup must fight to protect the one he loves most.",6.642,/daInKxjoRNLFWIus64fHAy91V0k.jpg,Horror,Ben Leonberg,Indy|Shane Jensen|Arielle Friedman|Larry Fessenden|Stuart Rudin,0.7964
1391239,The Debut,"When Mona Friedman is cast in a bit part at a small community theater, she transforms from a shy, unassuming housewife into a zealous method actor willing to do anything to protect the artistic integrity of her marginal role—even if it means waging war against the show’s domineering director.",0.0,/5CZdxLiBpYMBXwo0rur6YzZTVP4.jpg,Music|Comedy|Drama,Jesse Eisenberg,Julianne Moore|Paul Giamatti|Halle Bailey|Havana Rose Liu|Jesse Eisenberg,-0.0516
1465563,A Poet,"An aging poet finds purpose mentoring Yurlady, a talented teen, though exposing her to the poetry scene might be unwise. His own poetic pursuits led nowhere, leaving him a stereotypical obscure writer.",8.753,/o0MRVa3XMUUIxiSCZYaJ1jGXdk.jpg,Comedy|Drama,Simón Mesa Soto,Ubeimar Rios|Rebeca Andrade|Guillermo Cardona|Alisson Correa|Humberto Restrepo,0.296
1135423,Pilar's Diary in the Amazon,"Young explorer Pilar travels to the Amazon through her magic net. After meeting Maiara, a riverside dweller whose community was destroyed, Pilar and her friends seek to reunite her friend's family and prevent deforestation.",5.3,/kFBWjlAhdGgVFYXFN6hI5Pflezy.jpg,Adventure,Rodrigo Van Der Put,Lina Flor|Miguel Soares|Sophia Ataíde|Thúlio Naab|Marcelo Adnet,0.25
829280,Enola Holmes 2,"Enola takes on her first official case as a detective, but to solve the mystery of a missing girl, she'll need help from friends — and brother Sherlock.",7.406,/tegBpjM5ODoYoM1NjaiHVLEA0QM.jpg,Adventure|Mystery|Crime,Harry Bradbeer,Millie Bobby Brown|Henry Cavill|David Thewlis|Louis Partridge|Susan Wokoma,0.7964
1713222,Madonna + Graham,"Graham Norton sits down with the 'Queen of Pop', singer-songwriter, record producer, actress, entrepreneur, charity founder and LGBT rights and gender equality activist Madonna. The pair discuss her lengthy career in which she has achieved 18 multi-platinum albums globally, seven Grammy Awards, two Golden Globe Awards, twenty MTV Video Music Awards and an induction to the Rock and Roll Hall of Fame.",0.0,/aqd7kiDy5QbUgTgR2X89dlYuutj.jpg,Documentary,Karen McGann,Madonna|Graham Norton|Stuart Price|Kylie Minogue|Lourdes Leon,0.9287
1721640,Navya Chakra - Psycon World,"A series of brutal murders across different states throws the country into fear and confusion. The crimes appear completely unrelated, with no clear connection between the victims or the killers, making the investigation more disturbing with every passing day. As pressure builds on the authorities, the mystery continues to deepen and spread panic everywhere, attracting nationwide media attention and creating fear among ordinary people across the country.",0.0,/ipuz8BTKkOoLmVTwAUHNGdeGP3A.jpg,Crime|Drama|Fantasy|Thriller,Amit Dixit,Tushar Kawale|Jitendra Bohara|Pratiksha Singh|Sandhya Gemawat|Sandeep Rawal,-0.9798
1227241,Maa Inti Bangaram,"Through both her moments of fear and bravery, a woman discovers that embracing her vulnerabilities is as vital to her inner strength as facing challenges head-on.",6.3,/n7X5JZLzqzUxwdn9Mwx9cegEnBv.jpg,Action|Thriller|Drama,B. V. Nandini Reddy,Samantha Ruth Prabhu|Gulshan Devaiah|Diganth Manchale|Gautami Tadimalla|Anand,0.6249
718821,Twisters,"As storm season intensifies, the paths of former storm chaser Kate Carter and reckless social-media superstar Tyler Owens collide when terrifying phenomena never seen before are unleashed. The pair and their competing teams find themselves squarely in the paths of multiple storm systems converging over central Oklahoma in the fight of their lives.",6.774,/pjnD08FlMAIXsfOLKQbvmO0f0MD.jpg,Action|Thriller,Lee Isaac Chung,Daisy Edgar-Jones|Glen Powell|Anthony Ramos|Brandon Perea|Maura Tierney,-0.8519
350,The Devil Wears Prada,"A young woman from the Midwest gets more than she bargained for when she moves to New York to become a writer and ends up as the assistant to the tyrannical, larger-than-life editor-in-chief of a major fashion magazine.",7.438,/8912AsVuS7Sj915apArUFbv6F9L.jpg,Drama|Comedy,David Frankel,Meryl Streep|Anne Hathaway|Emily Blunt|Stanley Tucci|Simon Baker,0.0
1428862,Firebreak,"Little Lide disappears in the forest while her family packs up their home. As a fire breaks out, her mother must race to reach her before the flames do.",6.3,/okbpjIlAspXYfkllAqjMRtWgoDj.jpg,Thriller|Drama,David Victori,Belén Cuesta|Enric Auquer|Candela Martínez|Joaquín Furriel|Diana Gómez,-0.5302
1014505,OVERLORD: The Sacred Kingdom,"Facing possible annihilation by the Demon Emperor's demi-human army, the Sacred Kingdom reluctantly seeks aid from the feared, undead Sorcerer King Ainz.",7.918,/jEvytxNa5mfW7VAUmDWsZtIdATc.jpg,Action|Adventure|Animation|Fantasy,Naoyuki Ito,Satoshi Hino|Yoshino Aoyama|Hitomi Nabatame|Saori Hayami|Haruka Tomatsu,-0.5574
1309725,The Richest Woman in the World,An elderly billionaire woman gives hundreds of millions of euros to a younger gay artist she is close to. Her daughter files a complaint for abuse of a vulnerable person and a scandal erupts.,6.133,/95a1udNepqKENUWKdyJeyOM3XLA.jpg,Comedy|Drama,Thierry Klifa,Isabelle Huppert|Laurent Lafitte|Marina Foïs|Raphaël Personnaz|André Marcon,-0.8807
1418982,A Matter of Life and Death,"Haya's convinced she's going to die before thirty, so she's living like it — loud, reckless, completely unfiltered, no brakes. Then one of her stunts goes wrong and lands her in the ER... right into Youssef. A heart surgeon. Calm, controlled, lives by a schedule. The human opposite of her in every way.  Naturally, she decides he's her destiny.  What follows is chaotic, funny, and a little bit ridiculous — neon nights, strange rituals, the kind of moments you can't plan for. Her countdown keeps ticking. His walls keep cracking. And somewhere in between, they both start remembering what it actually feels like to be alive.  A love story for anyone who's ever felt like too much.",0.0,/u5n8QwiWNEUKzLa8DwuFanwIplx.jpg,Comedy|Romance|Fantasy|Drama|Horror,Anas Ba Tahaf,Sarah Taibah|Yaqoub Al-Farhan|Husam AlHarthi|Fay Fouad|Amani al-Jameel,0.5561
1426968,The Gentleman,"Aging ex-soldier Theo meets weekly with prostitute Olga to reminisce. After Olga's murder, Theo seeks bloody revenge, attracting attention of alcoholic cop Iborra and hitman Herodes.",6.25,/iIIZ3qIh7A3B8Y1VVo5laFyusVV.jpg,Action|Crime|Thriller|Drama,Gabriel Beristain,Ron Perlman|Megan Montaner|Hovik Keuchkerian|Damián Alcázar|Marco de la O,-0.836
1542267,A Crime Story,"A group of misfits employed at a rundown motel stumble upon a drug trafficking operation orchestrated by a powerful crime syndicate, thrusting them into a perilous situation.",0.0,/yQ2wJXlQ5ii79yFXhcqZhrdGxQe.jpg,Crime|Comedy|Drama,Brian A. Metcalf,Jeff Fahey|Mark Pellegrino|William Forsythe|Thomas Ian Nicholas|Charlene Amoia,-0.1779
1416316,Down,"Marina and Anton, instead of leaving for the Maldives for their honeymoon, find themselves in an elevator stuck on the 12th floor of a high-rise building, along with a strange man in the form of a security guard who set up the breakdown of the elevator, longs for fair revenge and arranges a bloody fight over the guys reprisal.",2.0,/5FZoQaj2bmaPRFcLHzdeuVPsTqz.jpg,Drama|Thriller,Maryus  Vaysberg,Egor Bulatkin|Anfisa Chernykh|Igor Mirkurbanov|Julia Melnikova|Evgeniy Pushkarev,-0.7906
1496491,Comédie-Française,"At the Comédie-Française, there is one golden rule: the play is never canceled. Unfortunately for Nina, everything else is—just three hours before the premiere of her first staging. An actor is stuck on a train, tensions explode, equipment breaks down, egos clash, and panic sets in. With no way out and time slipping away, Nina must hold the show together at all costs. Will she make it until the curtain rises?",0.0,/3ykToOKrgIlKBOkxpRscXNAkzET.jpg,Comedy,Bertrand Usclat,Pauline Clément|Guillaume Gallienne|Benjamin Lavernhe|Laurent Stocker|Danièle Lebrun,-0.6969
1472638,Buen Camino,"Checco's life is a comfortable and luxurious one, and it couldn't be otherwise, considering he's the only son of Eugenio Zalone, a wealthy sofa manufacturer. Stranded by the pool in his luxurious villas, with an unspecified number of Filipinos serving him, a very young Mexican model as a girlfriend, and vacationing on his yacht with friends who share his passion for not wanting to work; it seems like a truly enviable life, considering he lacks nothing, absolutely nothing. Actually, no. Something is missing. It's his underage daughter, Cristal, named after the famous French sparkling wine, who has suddenly disappeared without a trace. Urgently summoned to Rome by his ex-wife, Linda, he finds himself facing the responsibilities of fatherhood for the first time, trying to find the girl—a very complicated task, considering he knows absolutely nothing about Cristal and her life.",6.237,/9wpeQoaIJxsqULF6OvslFW1gDCT.jpg,Comedy|Family|Adventure,Gennaro Nunziante,Checco Zalone|Beatriz Arjona|Letizia Arnò|Martina Colombari|Hossein Taheri,0.9587
1155281,Creation of the Gods II: Demon Force,"Taishi Wen Zhong led the army of Shang Dynasty including Deng Chanyu and four generals of the Mo Family to Xiqi. With the help of Kunlun immortals such as Jiang Ziya, Ji Fa led the army and civilians of Xiqi to defend their homeland.",6.5,/dfUCs5HNtGu4fofh83uiE2Qcy3v.jpg,Action|Fantasy|War,Wuershan,Huang Bo|Yu Shi|Nashi|Chen Muchi|Kris Phillips,0.4019
1422011,It Ends,"A group of recent grads head out on a late night drive for grub, hoping to enjoy one final hangout before their paths diverge. Instead, they accidentally turn onto a never-ending, two-lane hellscape surrounded by untold horrors and cosmic forces beyond their understanding. Cramped together inside a Jeep Cherokee and with the miles stretching infinitely ahead, they face a choice: embrace their new existence or fight to escape it.",0.0,/x76Fsd65aUwS3W8S1L6NClpmhWP.jpg,Horror|Mystery,Alexander Ullom,Phinehas Yoon|Akira Jackson|Noah Toth|Mitchell Cole|Jenny Doyle,0.0772
467914,The Land of Sometimes,"Twins Alfie and Elise find a magical Wish Watch on Christmas Eve and are swept by the Wish Collector into the musical Land of Sometimes, where they learn that wishes have consequences.",6.2,/uEZAx4Rk42hv8bfrXC9pyQPWErw.jpg,Animation|Fantasy|Family|Adventure,Leon Joosen,Ewan McGregor|Helena Bonham Carter|Alisha Weir|Andrei Shen|Mel Brooks,0.7184
1022046,Youngblood,Hockey prodigy Dean Youngblood joins the Hamilton Mustangs and has to deal with toxic behavior during his journey to the National Hockey League draft.,7.5,/jEX9tAjzlQG165Uymjv6CrACEmU.jpg,Drama,Hubert Davis,Ashton James|Henri Picard|Blair Underwood|Shawn Doyle|Alexandra McDonald,0.0
1242705,One More Shot,"New Years Eve. 1999. Minnie discovers a bottle of time travelling tequila. Each shot takes her back to the start of the night - giving her a bottle’s worth of shots to win back her old flame Joe, and change the course of her millennium.",5.923,/5lYkkKgZxuafkpHkyyRazyHldth.jpg,Comedy|Science Fiction|Drama,Nicholas Clifford,Emily Browning|Sean Keenan|Ashley Zukerman|Aisha Dee|Pallavi Sharda,0.7964
1297467,The Exorcist: Martyrs,A small-town rookie detective takes on a case involving inconceivable darkness.,0.0,,Horror,Mike Flanagan,Scarlett Johansson|Jacobi Jupe|Diane Lane|Chiwetel Ejiofor|Laurence Fishburne,-0.25
910850,MOBILE SUIT GUNDAM HATHAWAY The Sorcery of Nymph Circe,"Haunted by past trauma, Hathaway Noa is drawn to a mysterious girl named Gigi Andalucia, whose strange powers stir memories within him. While swayed by her cryptic words, he continues preparing for Mafty's mission -- the attack on the Adelaide Conference. Meanwhile, Kenneth Sleg of the Earth Federation Forces prepares a defense operation for the Adelaide Conference and a plan to eliminate Mafty and is approached by Handley Yoxon of the Criminal Police Organization with a secret proposal. As Hathaway and Kenneth pursue their respective goals, Gigi also sets off for Hong Kong to fulfill her own role.",7.5,/6YkVpc9Dn1L2FHNlLOybpSKeGc7.jpg,Animation|Science Fiction|War|Drama,Shukou Murase,Kensho Ono|Reina Ueda|Junichi Suwabe|Soma Saito|Kenjiro Tsuda,-0.7906
823219,Flow,"A solitary cat, displaced by a great flood, finds refuge on a boat with various species and must navigate the challenges of adapting to a transformed world together.",8.075,/z2sG41PxfL1hnL1mHbxzSREUtOf.jpg,Adventure|Animation|Family|Fantasy,Gints Zilbalodis,,0.6597
1315657,Yellow Letters,The marriage of Derya and Aziz is under pressure after losing their jobs because of state arbitrariness and moving to Istanbul to live with Aziz's parents. They and their 13-year-old daughter Ezgi have to redefine their way of life.,7.4,/8Sxp3QIdamyoAfgLsUaGCQ1Z1ID.jpg,Drama,İlker Çatak,Özgü Namal|Tansu Biçer|Leyla Smyrna Cabas|İpek Bilgin|Kerem Can,-0.5859
840705,Blink Twice,"When tech billionaire Slater King meets cocktail waitress Frida at his fundraising gala, he invites her to join him and his friends on a dream vacation on his private island. But despite the epic setting, beautiful people, ever-flowing champagne, and late-night dance parties, Frida can sense that there’s something sinister hiding beneath the island’s lush façade.",6.686,/lZGOK0I2DJSRlEPNOAFTSNxSjDD.jpg,Mystery|Thriller,Zoë Kravitz,Naomi Ackie|Channing Tatum|Alia Shawkat|Christian Slater|Simon Rex,0.7717
1713222,Madonna + Graham,"Graham Norton sits down with the 'Queen of Pop', singer-songwriter, record producer, actress, entrepreneur, charity founder and LGBT rights and gender equality activist Madonna. The pair discuss her lengthy career in which she has achieved 18 multi-platinum albums globally, seven Grammy Awards, two Golden Globe Awards, twenty MTV Video Music Awards and an induction to the Rock and Roll Hall of Fame.",0.0,/aqd7kiDy5QbUgTgR2X89dlYuutj.jpg,Documentary,Karen McGann,Madonna|Graham Norton|Stuart Price|Kylie Minogue|Lourdes Leon,0.9287
1221061,Sound of Falling,"Four adolescent girls each spend their youth in the same farmhouse over the last century. Though separated by decades, resonances between their lives emerge: their desires and distress, secrets and truths, encounters with another’s gaze and defiant gaze in return.",6.8,/mv2edAI0vmheVVcv4mIVW5X8GNP.jpg,Drama|War,Mascha Schilinski,Luise Heyer|Lena Urzendowsky|Claudia Geisler-Bading|Lea Drinda|Hanna Heckt,-0.3612
976734,Canary Black,"Top level CIA agent Avery Graves is blackmailed by terrorists into betraying her own country to save her kidnapped husband. Cut off from her team, she turns to her underworld contacts to survive and help locate the coveted intelligence that the kidnappers want.",6.225,/hhiR6uUbTYYvKoACkdAIQPS5c6f.jpg,Action|Thriller|Crime,Pierre Morel,Kate Beckinsale|Rupert Friend|Saffron Burrows|Ray Stevenson|Goran Kostić,-0.2023
1242434,Highest 2 Lowest,"When a titan music mogul, widely known as having the ""best ears in the business"", is targeted with a ransom plot, he is jammed up in a life-or-death moral dilemma.",5.506,/RFQtinuiHhOnbmJaCn3uzegCYF.jpg,Thriller|Crime|Drama,Spike Lee,Denzel Washington|Jeffrey Wright|Ilfenesh Hadera|Elijah Wright|Aubrey Joseph,0.5423
1721204,Dooradarshini,"Follows Hari and Vani in a 1990s village as they navigate an emotional love story influenced by relationships, memories, and difficulties that test their bond.",0.0,/A5vUUAoMPj0GMARpA7hZrawcnJx.jpg,,Unknown,,0.5574
1478117,Pickleball Pete,A washed-up tennis player enters a Palm Beach pickleball tournament in order to save his hometown courts from being torn down for a corporate office complex.,6.0,/sB61RzPSbRMfcvQmGbP4TsQFAgJ.jpg,Comedy,Dominic Giannetti,Kevin Sorbo|Chad Ridgely|Dean Cain|Carmelita Hughes|Steven T. Smith,0.296
1712587,Kikirot Kirot,"A married couple’s life unravels when the wife’s cousin moves in. The husband realizes she’s the stripper he secretly met before, sparking temptation, deception, and fear of exposure.",7.0,/gIFCj47N5Z4dUQkhJ8Is5POUGyk.jpg,Drama,Rodante Pajemna Jr.,Skye Gonzaga|Rinoa Halili|Mark Dionisio|Mark Niño|Margaret Sison,-0.7269
1396674,Dog Day Evening,"A hostage situation occurred at a TV station. The kidnapper K was not after money, he just wanted to terminate the monthly subscription to the TV station.",7.833,/wvhYHjM1SV9zJDbD4yv8Bfj788f.jpg,Drama|Crime|Comedy,Mak Tin-Shu,Michael Ning|Fish Liew Chi-Yu|Rachel Leung|Yoyo Tse Wing-yan|Mak Pui-Tung,0.0
1517868,Maddie's Secret,"Maddie is a plucky dishwasher who leaps to viral superstardom at a trendy food content creation company. While her life seems picturesque — complete with an adoring husband, ride-or-die best friend and a cupboard full of woman-owned ethically-sourced chili crisp to boot — mounting professional pressures threaten to reawaken a hidden secret from her troubled past.",8.0,/gtssK2SacGjpj2psN0Ee2TcTgso.jpg,Comedy,John Early,John Early|Kate Berlant|Eric Rahill|Kristen Johnston|Claudia O'Doherty,0.8316
1588846,Ekis,"Erik Matti’s classic Ekis gets a bold reboot with an all-girls ensemble led by Angela Morena, Cheena Dizon, and Aliya Raymundo. A crew of female thugs launches a kidnap-for-ransom plot, but when things go wrong, escaping the chaos becomes impossible.",6.2,/vuUvGqqGabV422qzjGWPlhRuvN0.jpg,Drama,Christian Paolo Lat,Angela Morena|Cheena Dizon|Aliya Raymundo|Astrid Lee|Arnold Reyes,-0.8442
1418657,The Yeti,"When an oil tycoon and a famous adventurer vanish into the harsh winter of remote northern Alaska, a hand-picked rescue team endeavors to bring them home. What they don’t know is that they are trespassing on The Yeti’s territory, and the elements are the least of their worries.",6.23,/zaqEfoKcWkVni2eONhJ7DRhMO8Q.jpg,Horror|Thriller,Gene Gallerano,Brittany Allen|Eric Nelsen|Corbin Bernsen|William Sadler|Heather Lind,-0.0516
350,The Devil Wears Prada,"A young woman from the Midwest gets more than she bargained for when she moves to New York to become a writer and ends up as the assistant to the tyrannical, larger-than-life editor-in-chief of a major fashion magazine.",7.438,/8912AsVuS7Sj915apArUFbv6F9L.jpg,Drama|Comedy,David Frankel,Meryl Streep|Anne Hathaway|Emily Blunt|Stanley Tucci|Simon Baker,0.0
760329,The Smashing Machine,"In the late 1990s, up-and-coming mixed martial artist Mark Kerr aspires to become the greatest fighter in the world. However, he must also battle his opioid dependence and a volatile relationship with his girlfriend Dawn.",6.378,/cwwvrdYeIrARXdiv09GIO6XWK5l.jpg,Drama|History|Action,Benny Safdie,Dwayne Johnson|Emily Blunt|Ryan Bader|Bas Rutten|Oleksandr Usyk,0.4939
1437511,How to Rob a Bank,"A crew of social media-savvy bank robbers broadcasts their daring heists, unaware that their growing viral fame has put them in the crosshairs of a veteran FBI agent and a brilliant software engineer. Despite the unlikely duo closing in, the crime ring pushes past their limits, putting everything on the line for their most ambitious heist yet.",0.0,/oUt2f6qHRZDnprG16ELimRhDGDV.jpg,Crime|Thriller,David Leitch,Nicholas Hoult|Zoë Kravitz|Anna Sawai|Rhenzy Feliz|Pete Davidson,0.8399
1197306,A Working Man,"Levon Cade left behind a decorated military career in the black ops to live a simple life working construction. But when his boss's daughter, who is like family to him, is taken by human traffickers, his search to bring her home uncovers a world of corruption far greater than he ever could have imagined.",6.693,/6FRFIogh3zFnVWn7Z6zcYnIbRcX.jpg,Action|Crime|Thriller,David Ayer,Jason Statham|Jason Flemyng|Merab Ninidze|Maximilian Osinski|Cokey Falkow,0.7579
1198439,Easy Girl,"Spending every evening in a new and mysterious stranger’s bed, capricious transient Nore agrees to move into a spare room eagerly offered to her by Jonna, a reserved medical student. Against the odds, this unlikely pair finds solace in each other and fall into an intoxicating pattern of partying hard at night with the local men vying for their attention. As their relationship intensifies, Nore’s troubled past comes to light and threatens to dismantle the blissfully ignorant, inexplicably jubilant lifestyle they’ve built together in this “candy-colored, flamboyant and deeply personal film.” (Variety)",6.0,/9e3tub2Bqjlh8w9W6uncOGfrR7c.jpg,Drama,Hille Norden,Dana Herfurth|Luna Jordan|Vera Fay|Jakob Geßner|Johann von Bülow,0.4404
1197306,A Working Man,"Levon Cade left behind a decorated military career in the black ops to live a simple life working construction. But when his boss's daughter, who is like family to him, is taken by human traffickers, his search to bring her home uncovers a world of corruption far greater than he ever could have imagined.",6.693,/6FRFIogh3zFnVWn7Z6zcYnIbRcX.jpg,Action|Crime|Thriller,David Ayer,Jason Statham|Jason Flemyng|Merab Ninidze|Maximilian Osinski|Cokey Falkow,0.7579
1198439,Easy Girl,"Spending every evening in a new and mysterious stranger’s bed, capricious transient Nore agrees to move into a spare room eagerly offered to her by Jonna, a reserved medical student. Against the odds, this unlikely pair finds solace in each other and fall into an intoxicating pattern of partying hard at night with the local men vying for their attention. As their relationship intensifies, Nore’s troubled past comes to light and threatens to dismantle the blissfully ignorant, inexplicably jubilant lifestyle they’ve built together in this “candy-colored, flamboyant and deeply personal film.” (Variety)",6.0,/9e3tub2Bqjlh8w9W6uncOGfrR7c.jpg,Drama,Hille Norden,Dana Herfurth|Luna Jordan|Vera Fay|Jakob Geßner|Johann von Bülow,0.4404
1291375,Virginia Woolf's Night & Day,"In 1910 London, independent-minded Katharine Hilbery defies her family's expectations of marriage to pursue a career in astronomy. But when her father pressures her into an unwanted engagement, her resolve is tested. Through new friendships—including a bold suffragette and a thoughtful editor—Katharine begins to question the limits placed on her by society, love, and tradition, ultimately searching for a path that is truly her own.",6.0,/6psNzdIymhnN8KQggL4tiZRNIXg.jpg,Comedy|Drama|Romance,Tina Gharavi,Haley Bennett|Elyas M'Barek|Lily Allen|Jack Whitehall|Jennifer Saunders,0.9664
987470,The Woman in the White Car,"Hyun-ju, a kind-hearted small-town cop with a razor-sharp mind, is summoned by the local hospital to deal with Do-kyung, who has arrived carrying the limp body of her sister, believed to have been stabbed in a violent attack by her controlling fiancé. Hyun-ju, herself a victim of domestic abuse, is sympathetic until she finds holes in Do-kyung's statement. Her suspicions are further aroused when it transpires that the injured woman is not Do-kyung's sister and Do-kyung's real sister is missing.",6.1,/6kLdCMcfYItUrPWCI24CmWfNQRg.jpg,Thriller|Mystery,Christine Ko,Jung Ryeo-won|Lee Jung-eun|Jang Jin-hee|Kang Jeong-woo|Lee Hwi-jong,-0.9601
862,Toy Story,"Led by Woody, Andy's toys live happily in his room until Andy's birthday brings Buzz Lightyear onto the scene. Afraid of losing his place in Andy's heart, Woody plots against Buzz. But when circumstances separate Buzz and Woody from their owner, the duo eventually learns to put aside their differences.",7.98,/uXDfjJbdP4ijW5hWSBrPrlKpxab.jpg,Family|Comedy|Animation|Adventure,John Lasseter,Tom Hanks|Tim Allen|Don Rickles|Jim Varney|Wallace Shawn,0.128
1497348,Alas Roban,"The lives of Sita and her daughter, Gendis, change after a terrifying night. Their journey through Alas Roban is filled with fear and relentless terror. Can they uncover what's happening there?",4.6,/84Az3SHKRJDg971KQ0j9nZWYTcf.jpg,Drama|Horror|Mystery,Hadrah Daeng Ratu,Michelle Ziudith|Rio Dewanto|Fara Shakila|Taskya Namya|Imelda Therinne,-0.9042
843342,Hamlet,"When Hamlet returns for his father’s funeral, he is stunned to discover his uncle Claudius is marrying his newly widowed mother. Visited by his father’s ghost, Hamlet learns his brutal murder was at the hands of Claudius - and spirals into a quest for vengeance that exposes the rot at the heart of the family’s empire and threatens his own sanity.",5.6,/7cBh6fWchOJY961A8F1rT98HDdA.jpg,Drama,Aneil Karia,Riz Ahmed|Morfydd Clark|Timothy Spall|Art Malik|Sheeba Chaddha,-0.9648
1300501,Patriot,"When a Malayali DRW analyst tries to expose a corrupt regional politician from Kerala and his malpractices regarding spyware, he goes on the run, becomes a vlogger, and must clear his name of the false allegations levelled against him.",7.182,/4cK4Js7yg8wL2YeZh7DWuoz1bgZ.jpg,Action|Drama|Thriller,Mahesh Narayanan,Mammootty|Mohanlal|Fahadh Faasil|Kunchacko Boban|Nayanthara,0.25
1395353,Gioia,"Gioia is a high school teacher who has never known any other love than the oppressive bond with her own parents, with whom she still lives. One of the students at her school, Alessio, is cashing in on his own body to make a couple of hundred euros to help his mother, a cashier in a supermarket. The relationship that dawns between Gioia and Alessio is forbidden fruit, fragile yet, inexplicably, one they can’t do without. Still, Alessio’s desire to improve his social standing is a silent killer that prevents him from ultimately accepting Gioia’s surprising affection for him. He goes and destroys it all, cancelling the only person who has ever loved him.",6.524,/tWjKV4Aq5RebW7k9PuzJ7HHjNJP.jpg,Drama,Nicolangelo Gelormini,Valeria Golino|Saul Nanni|Jasmine Trinca|Francesco Colella|Betti Pedrazzi,0.685
875828,Peaky Blinders: The Immortal Man,"After his estranged son gets embroiled in a Nazi plot, self-exiled gangster Tommy Shelby must return to Birmingham to save his family — and his nation.",7.247,/gRMalasZEzsZi4w2VFuYusfSfqf.jpg,Crime|Drama,Tom Harper,Cillian Murphy|Barry Keoghan|Rebecca Ferguson|Tim Roth|Stephen Graham,0.4939
1128650,The Prosecutor,"A poor young man is wrongly charged with drug trafficking after being deceived. An ex-prosecutor investigates the case, uncovers a corrupt lawyer team's scheme, and restores justice despite obstruction from evil forces.",7.079,/n3ZnFqp988MWfIkT8OHofEJfjlt.jpg,Action|Drama|Crime|Thriller,Donnie Yen,Donnie Yen|Francis Ng Chun-Yu|Julian Cheung Chi-Lam|Kent Cheng Jak-Si|Michael Hui Koon-Man,0.3217
1444084,Narcisa's Will,"Haunted by memories of her recently deceased mother, former star Narcisa, Ana decides to sell the childhood mansion she inherited and share the proceeds with her brother, Diego. However, the grim cleansing process reveals a legacy quite different from what she imagined.",0.0,/kmeGpWrYy679EzRJvu04Sn91j6w.jpg,Horror,Daniel Dias,Paolla Oliveira|Pedro Henrique Müller|Rosamaria Murtinho|Elvira Helena|Jorge Luiz Jeronymo,-0.6808
1451078,Raakaasa,"Returning home after a decade, an NRI chasing romance inadvertently awakens an ancient darkness long feared by his village. As the threat intensifies, love turns deadly and life hangs in the balance.",6.636,/x7zwiuC1HTw5XGZ5JrOwF9uFqRy.jpg,Fantasy|Comedy,Manasa Sharma,Sangeeth Shobhan|Nayan Sarika|Raadhya|Vennela Kishore|Getup Srinu,0.0516
1236204,Birthrite,"When a pregnant woman is bequeathed a home from an estranged aunt, she and her girlfriend leave the city behind to begin new chapter. But when a karmic debt threatens the life of their unborn child, they soon discover their place in the cursed history of the town.",4.625,/l40gJ4CWG6JjKLKUs4d1MEzdtAh.jpg,Thriller|Horror,Ross Partridge,Alice Kremelberg|Michael Chernus|Owen Campbell|Patch Darragh|Ross Partridge,-0.775
1160360,If I Had Legs I'd Kick You,"With her life crashing down around her, Linda attempts to navigate her child's mysterious illness, her absent husband, a missing person, and an increasingly hostile relationship with her therapist.",6.322,/va0TQ9WprMXRqQAzY56vyqY0Yd5.jpg,Drama,Mary Bronstein,Rose Byrne|Conan O'Brien|A$AP Rocky|Danielle Macdonald|Delaney Quinn,-0.7579
1269644,Amrum,"On Amrum Island in spring 1945, twelve-year-old Nanning hunts seals, fishes at night, and works the fields to help feed his family. When the war ends, his mother sinks into depression, and he must navigate new conflicts while struggling to find his own path.",7.208,/z87OLGYXojP3bJjp0EpbutpvGTy.jpg,Drama|War,Fatih Akin,Jasper Billerbeck|Diane Kruger|Kian Köppke|Laura Tonke|Hark Bohm,-0.8834
1195631,William Tell,"The narrative unfolds in the 14th Century, when the European nations vie for supremacy within the Holy Roman Empire. The ambitious Austrian Empire, desiring more land, invades neighbouring Switzerland, a serene and pastoral nation. Protagonist William Tell, a formerly peaceful hunter, finds himself forced to take action as his family and homeland come under threat from the oppressive Austrian King and his ruthless warlords.",6.201,/8SdaetXSTPyQVDb5pTEPRLBSx15.jpg,Action|Adventure|Drama|History,Nick Hamm,Claes Bang|Connor Swindells|Golshifteh Farahani|Jonah Hauer-King|Ellie Bamber,0.1027
1722970,The Magnificent Mendez,　A Miami movie producer must confront his dark past when his long-lost love returns.,8.0,/dYCaa2MI7Z2EShKjWZA2hlLTPXS.jpg,Drama,Daniel Nunez,Christopher Diaz|Daniel Nunez|Edelweiss Saz|René Lavan|Maritsa Campos,0.5423
1421609,Now I Met Her,"An 18-year-old discovers his late mother’s diary and begins piecing together the exuberant, complicated life she once led.",6.167,/jv5NlASaYmGkaIad07g0iu0s75B.jpg,Family|Comedy|Drama,Xiao Luxi,Ma Sichun|White-K|Huang Minghao|Sunny Sun|Liang Jingkang,0.5859
1245993,Caught Stealing,"Burned-out ex-baseball player Hank Thompson unexpectedly finds himself embroiled in a dangerous struggle for survival amidst the criminal underbelly of late 1990s New York City, forced to navigate a treacherous underworld he never imagined.",6.858,/cvda8s5J8YaHjTyEyXQpvD6f3iV.jpg,Crime|Thriller|Comedy,Darren Aronofsky,Austin Butler|Regina King|Zoë Kravitz|Matt Smith|Liev Schreiber,-0.8957
1419053,ChaO,"In a futuristic world where humans and mermaids coexist, the life of mild-mannered office worker Stephan is upended when he is suddenly proposed to by Chao — a princess from the mermaid kingdom. With no time to make sense of what's happening, Stephan soon finds himself living with the unpredictable, wholehearted Chao, and her sincere love begins to break down his emotional barriers.",7.357,/m723xGi6lyklfsTPdtgEtYJSKcw.jpg,Animation|Fantasy|Romance,Yasuhiro Aoki,Ouji Suzuka|Anna Yamada|Kavka Shishido|Yuuichirou Umehara|Kenta Miyake,0.743
1087822,Hellboy: The Crooked Man,"Hellboy and a rookie BPRD agent get stranded in 1950s rural Appalachia. There, they discover a small community haunted by witches, led by a local devil with a troubling connection to Hellboy's past: the Crooked Man.",5.162,/iz2GabtToVB05gLTVSH7ZvFtsMM.jpg,Fantasy|Horror|Action,Brian Taylor,Jack Kesy|Jefferson White|Adeline Rudolph|Leah McNamara|Hannah Margetson,-0.9001
1721945,AEW x NJPW x CMLL x Stardom Present Forbidden Door 2026: Buy-In,The Buy-In served as the pre-show for All Elite Wrestling's 2026 Forbidden Door event.,7.0,/9MXdGrBnHYs4odqd8uKEoBew3lx.jpg,,Unknown,Lori Ashworth|Megan Doheny|Miss Olympia|Melissa Cervantes|Maika,-0.4215
1126166,Flight Risk,"A pilot transports a U.S. Marshal accompanying a government witness to a trial in New York. As they cross the Alaskan wilderness, tensions soar and trust is tested, as not everyone on board is who they seem.",5.9,/q0bCG4NX32iIEsRFZqRtuvzNCyZ.jpg,Action|Thriller,Mel Gibson,Mark Wahlberg|Michelle Dockery|Topher Grace|Leah Remini|Maaz Ali,0.1531
1217602,London Calling,"After fleeing the UK from a job gone wrong, a down on his luck hitman is forced to babysit the son of his new crime boss and show him how to become a man.",6.593,/cpQ4VxBJO7vGV3IUdKzSNf4tH9V.jpg,Action|Crime|Comedy|Thriller,Allan Ungar,Josh Duhamel|Aidan Gillen|Jeremy Ray Taylor|Rick Hoffman|Arnold Vosloo,-0.765
911916,Spider-Man: Beyond the Spider-Verse,"Hunted by Miguel O'Hara's Spider Society and betrayed by his friends, Miles finds himself in the darkest corners of the Spider-Verse in search of a way home. Knowing that his family has been not only fractured but endangered by his calling, it's a race against the clock for Miles to travel across the wildest reaches of time and space to fight for and reunite everything he holds most dear.",0.0,/9PIhQqqI6Q4a5YjwMjxvzZcPJhf.jpg,Action|Adventure|Animation|Science Fiction,Bob Persichetti,Shameik Moore|Hailee Steinfeld|Brian Tyree Henry|Luna Lauren Vélez|Oscar Isaac,-0.2048
1481603,Hold the Fort,"A HOA turns out to be more troublesome than usual in this wildly amusing, FX-heavy freak-out about newly minted suburbanites unexpectedly forced to take part in a struggle against monstrous forces.",5.6,/fnq6itOtvCXRBjwuq96hkYu0pCX.jpg,Horror|Comedy,William Bagley,Chris Mayers|Haley Leary|Julian Smith|Tordy Clark|Hamid-Reza Benjamin Thompson,-0.7425
1196067,Worldbreaker,"Five years ago, a tear in the fabric of reality brought creatures to our world from an alternate dimension bent on our destruction. A father hides his daughter on an island to keep her safe while he prepares her for survival and the battles to come. But when the world is about to break, no place is safe.",6.015,/ahj1JU8r0uJv7QII5Uj7tKzbEsC.jpg,Action|Horror|Science Fiction,Brad Anderson,Billie Boullet|Luke Evans|Milla Jovovich|Mila Harris|Kevin Glynn,-0.128
940009,Ray Gunn,"In Metropia, a gigantic city in an alternate future as seen from 1939, private eye Raymond Gunn is drawn into a case involving aliens, murder, and a multimedia star named Venus Nova.",0.0,/qXexEAo999wlEp5rMsFnVSRaTSM.jpg,Animation|Science Fiction|Crime|Mystery,Brad Bird,Sam Rockwell|Scarlett Johansson|Tom Waits|Patton Oswalt|John Ratzenberger,-0.6908
1253000,Deathstalker,"A powerful swordsman known as Deathstalker recovers a cursed amulet from a corpse-strewn battlefield. Marked by dark magic and hunted by monstrous assassins, he must face the rising evil and break the curse.",6.007,/nEI3DnzQC1afAjJOAizx6UX27pL.jpg,Fantasy|Action|Adventure,Steven Kostanski,Daniel Bernhardt|Christina Orjalo|Paul Lazenby|Patton Oswalt|Nicholas Rice,-0.8271
1220522,Dacoit,"Betrayed by his better half, a man is convicted for a crime he didn't commit. Once free, he hunts her down in pursuit of vengeance, as their stories intertwine with a series of robberies.",6.6,/lbrnJY7E0a9xxgj2cotNp6YI4dz.jpg,Action|Romance|Thriller,Shaneil Deo,Adivi Sesh|Mrunal Thakur|Anurag Kashyap|Prakash Raj|Sunil Varma,-0.8477
1669057,Check-In,"VMX hottest star Aliya Raymundo teams up with sexy siren Anya Austria as two receptionists in a cheap motel. Their quiet routine heats up with the arrival of a mysterious regular guest who begins to stir tension, desire, and conflict in their fragile relationship.",6.25,/r7tXZoO3rfkOpYQPCXftwugwny9.jpg,Drama,Christopher Novabos,Aliya Raymundo|Anya Austria|VR Relosa|Chester Grecia,0.3612
1032863,The Love Hypothesis,"Olive Smith, a biology PhD candidate, and Dr. Adam Carlsen, a hotshot professor and well-known tyrant, enter into a fake relationship, seeing each of their carefully calculated theories on love get thrown into chaos.",0.0,/mSeGcWakOmhPd1n0QcinqIIUu1B.jpg,Romance|Comedy,Claire Scanlon,Lili Reinhart|Tom Bateman|Rachel Marsh|Nicholas Duvernay|Jaboukie Young-White,-0.2732
1353926,Keep Real,"Thirty years ago, the Super Ying Association led by Superman Wang Changhai crushed the aliens. Years later, Wang Changhai was appointed to return to his hometown to set up a combat squad, but in the town of Rheinland, which had been peaceful for many years, human feelings and courtesies have left Wang Changhai overwhelmed, creating layers of obstacles to Wang's ability to complete his mission.",3.0,/cyzcsp95W2Op3G5Gb8S2cPEnSc2.jpg,Drama|Comedy|Science Fiction,Xing Wenxiong,Bai Jingting|Wei Xiang|Zhang Guoqiang|Su Xiaoding|Huang Cailun,0.7783
539972,Kraven the Hunter,"Kraven Kravinoff's complex relationship with his ruthless gangster father, Nikolai, starts him down a path of vengeance with brutal consequences, motivating him to become not only the greatest hunter in the world, but also one of its most feared.",6.439,/1GvBhRxY6MELDfxFrete6BNhBB5.jpg,Action|Adventure|Thriller,J.C. Chandor,Aaron Taylor-Johnson|Ariana DeBose|Fred Hechinger|Alessandro Nivola|Christopher Abbott,-0.8112
1136867,Materialists,"A young, ambitious New York City matchmaker finds herself torn between the perfect match and her imperfect ex.",6.272,/eDo0pNruy0Qgj6BdTyHIR4cxHY8.jpg,Romance|Drama,Celine Song,Dakota Johnson|Chris Evans|Pedro Pascal|Zoë Winters|Marin Ireland,0.5423
1376484,Roid,"A solitary middle aged man marries a madwoman and builds a house on a vacant plot of land far from the village. However, his wife’s madness becomes a calamity in his tranquil life.",7.0,/sHewWBdFBJ1IDIvzCEpLOaeqTb9.jpg,Drama,Mejbaur Rahman Sumon,Mostafizur Noor Imran|Nazifa Tushi|Ahsabul Yamin Riad|Gazi Rakayet|Tutul Fakir,-0.4019
1125257,Freakier Friday,"Years after Tess and Anna endured an identity crisis, Anna now has a daughter of her own and a soon-to-be stepdaughter. As they navigate the myriad challenges that come when two families merge, Tess and Anna discover lightning might indeed strike twice.",6.77,/9wV65OmsjLAqBfDnYTkMPutXH8j.jpg,Comedy|Fantasy|Family,Nisha Ganatra,Lindsay Lohan|Jamie Lee Curtis|Julia Butters|Sophia Hammons|Manny Jacinto,-0.6486
1134517,Streets of Glória,"Gabriel, a 24-year-old anthropologist from a wealthy family from the interior of the Northeast, is gay and in the closet. Following the death of his grandmother, he decides to go to Rio de Janeiro to study the lives of sex workers. Seduced by his object of study, Gabriel will become one of them.",7.5,/b7pj2ZeuPcxsAfcFcvRXtig73aX.jpg,Drama,Felipe Sholl,Caio Macedo|Alejandro Claveaux|Diva Menner|Jade Sassará|Alan Ribeiro,-0.5994
1464533,Suzuki=Bakudan,"An unemployed man named Suzuki is taken in by police after breaking a booze vending machine. When he predicts the explosions of two bombs and claims there are more, the police start to investigate him as a terrorist. However, Suzuki first claims to know about the bombs through psychic clairvoyance, and then claims he was hypnotized to forget. He gives hints about the bombs with riddles while riling up his interrogators, especially senior detective Kiyomiya and his junior Ruike. Things seem to be connected to a disgraced cop named Hasebe, who committed suicide after a scandal some years ago. But is Suzuki actually the perpetrator behind the bombs or not?",7.607,/7d4Gb3R1W6OByg46V5TSCNbbpUW.jpg,Thriller|Mystery|Crime,Akira Nagai,Yuki Yamada|Sairi Ito|Shota Sometani|Atsuro Watabe|Jiro Sato,-0.9144
539972,Kraven the Hunter,"Kraven Kravinoff's complex relationship with his ruthless gangster father, Nikolai, starts him down a path of vengeance with brutal consequences, motivating him to become not only the greatest hunter in the world, but also one of its most feared.",6.439,/1GvBhRxY6MELDfxFrete6BNhBB5.jpg,Action|Adventure|Thriller,J.C. Chandor,Aaron Taylor-Johnson|Ariana DeBose|Fred Hechinger|Alessandro Nivola|Christopher Abbott,-0.8112
1136867,Materialists,"A young, ambitious New York City matchmaker finds herself torn between the perfect match and her imperfect ex.",6.272,/eDo0pNruy0Qgj6BdTyHIR4cxHY8.jpg,Romance|Drama,Celine Song,Dakota Johnson|Chris Evans|Pedro Pascal|Zoë Winters|Marin Ireland,0.5423
1376484,Roid,"A solitary middle aged man marries a madwoman and builds a house on a vacant plot of land far from the village. However, his wife’s madness becomes a calamity in his tranquil life.",7.0,/sHewWBdFBJ1IDIvzCEpLOaeqTb9.jpg,Drama,Mejbaur Rahman Sumon,Mostafizur Noor Imran|Nazifa Tushi|Ahsabul Yamin Riad|Gazi Rakayet|Tutul Fakir,-0.4019
1125257,Freakier Friday,"Years after Tess and Anna endured an identity crisis, Anna now has a daughter of her own and a soon-to-be stepdaughter. As they navigate the myriad challenges that come when two families merge, Tess and Anna discover lightning might indeed strike twice.",6.77,/9wV65OmsjLAqBfDnYTkMPutXH8j.jpg,Comedy|Fantasy|Family,Nisha Ganatra,Lindsay Lohan|Jamie Lee Curtis|Julia Butters|Sophia Hammons|Manny Jacinto,-0.6486
1134517,Streets of Glória,"Gabriel, a 24-year-old anthropologist from a wealthy family from the interior of the Northeast, is gay and in the closet. Following the death of his grandmother, he decides to go to Rio de Janeiro to study the lives of sex workers. Seduced by his object of study, Gabriel will become one of them.",7.5,/b7pj2ZeuPcxsAfcFcvRXtig73aX.jpg,Drama,Felipe Sholl,Caio Macedo|Alejandro Claveaux|Diva Menner|Jade Sassará|Alan Ribeiro,-0.5994
1464533,Suzuki=Bakudan,"An unemployed man named Suzuki is taken in by police after breaking a booze vending machine. When he predicts the explosions of two bombs and claims there are more, the police start to investigate him as a terrorist. However, Suzuki first claims to know about the bombs through psychic clairvoyance, and then claims he was hypnotized to forget. He gives hints about the bombs with riddles while riling up his interrogators, especially senior detective Kiyomiya and his junior Ruike. Things seem to be connected to a disgraced cop named Hasebe, who committed suicide after a scandal some years ago. But is Suzuki actually the perpetrator behind the bombs or not?",7.607,/7d4Gb3R1W6OByg46V5TSCNbbpUW.jpg,Thriller|Mystery|Crime,Akira Nagai,Yuki Yamada|Sairi Ito|Shota Sometani|Atsuro Watabe|Jiro Sato,-0.9144
1630409,The Debt Collector,"Haunted by guilt after prison, a former debt collector races against a terminal illness, returning to his old world to avenge loan shark victims.",0.0,/qADBUb5ybrkRVGZEFF8Z4RuOwys.jpg,Action|Thriller|Crime,Surapong Ploensang,Nadech Kugimiya|Pittaya Saechua|Chaiwat Thongsaeng|Saichia Wongwirot|Piyaphong Vongkumlao,-0.9325
842924,The Life of Chuck,"In this extraordinary story of an ordinary man, Charles 'Chuck' Krantz experiences the wonder of love, the heartbreak of loss, and the multitudes contained in all of us.",7.295,/oumprkO9bThExP8NwxBIBnvBu2v.jpg,Fantasy|Drama,Mike Flanagan,Tom Hiddleston|Benjamin Pajak|Nick Offerman|Chiwetel Ejiofor|Karen Gillan,-0.2023
1624961,No Ordinary Heist,"Inspired by the true 2004 Northern Bank robbery, two feuding bank employees are forced to execute Ireland’s biggest heist after criminals kidnap their families and threaten to kill them.",6.808,/eA2uQxSMqyljAtt920084tDrw6G.jpg,Crime|Thriller,Colin McIvor,Eddie Marsan|Éanna Hardwicke|Michelle Fairley|Eva Birthistle|Forrest Bothwell,-0.891
1216191,Oddity,"After the brutal murder of her twin sister, Darcy goes after those responsible by using haunted items as her tools for revenge.",6.686,/3Z9c1tbUhP0QruRjczPHnbx3U2D.jpg,Horror|Mystery,Damian McCarthy,Carolyn Bracken|Gwilym Lee|Steve Wall|Joe Rooney|Tadhg Murphy,-0.9325
1408493,The Turkish Coffee Table,"When Zehra and İbrahim, a couple adjusting to new parenthood, argue over a coffee table, it seems like a harmless domestic spat. Wanting to assert himself for once, İbrahim insists on buying it. But when he’s left alone to assemble it, he makes a single irreversible mistake — and begins spiraling into a pit of lies, panic, and performative calm as he tries to hide the truth from the people he loves the most.",6.667,/keGMCONOSK0omAk1uMdilSftePd.jpg,Thriller|Horror,Can Evrenol,Alper Kul|Algı Eke|Hatice Aslan|Özgür Emre Yıldırım|Elif Sevinç,-0.6705
1706011,Anak-Anak Bambu,"Netta planned to sell the orphanage to solve her family's problems. However, after getting to know the orphans living there, especially Gebang, she realized that family isn't just about blood ties, but about caring for each other. This journey led Netta to discover the meaning of family that had been missing from her life.",0.0,/w1vv9ku2xmtIh5eSGAHQW0ruyq.jpg,Drama|Family,Dyan Sunu Prastowo,Ayushita Nugraha|Fairuz A. Rafiq|M. Adhiyat|Sonny Septian|Irgi Fahrezi,0.2617
1463700,Amityville Backrooms,"After visiting a house in Amityville, Keith finds himself suddenly transported to another realm within the home, with no way to get out. Every door he tries leads him back into the very part of the house that he first found himself in.",0.0,/dHav4O8TXwhFNBvekwUNcg5NE7B.jpg,Horror|Mystery,Evan Jacobs,Chris Lohman|Mike Hartsfield|Chris Aldis|Bill Dawson|Francis Erdman,-0.296
1387976,Videoheaven,"Since the 1980s, the video shop has been a desperately necessary space for film culture. In Videoheaven, Alex Ross Perry tells the story of the neighbourhood video shop to consider wider, changing social histories, using appropriated footage from the high and lowbrow.",6.0,/n5CziKEE050jWJF2OsF8v9IDYuh.jpg,Documentary,Alex Ross Perry,Maya Hawke,-0.6705
1480790,The Sin Trade,"In the late 1990s, detective Chi Feng navigates a violent turf war between rival trafficking syndicates to dismantle both criminal groups and rescue a group of abducted women.",9.0,/8tR18t50eaZU4UI3rPJuZknroJ4.jpg,Crime|Action|Mystery,Cheng Siyi,Ashton Chen|Wang Zhener|Liu Fengchao|Liu Yitong|Wei Xiaodong,-0.9042
1706197,Scandal Queen,"An erotic thriller about Mara, a woman who seduces celebrities and influencers to secretly film and blackmail them for money. But when love enters the picture, her dangerous scheme begins to fall apart.",7.5,/45A4e9Z7yA2zvFJH5DDlr7aBQlm.jpg,Drama,Topel Lee,Karen Lopez|Rhian Rivera|Dimple Rubia|Nico Locco|Ardy Raymundo,0.431
1540365,Hippo's Revenge,"A father and daughter prepare to open their Safari Rescue in England, featuring a mother hippo and her calf. But when a ruthless criminal plots to steal them under the cover of night, chaos erupts.",1.0,/xu6HoxH9J6BqSkl5u6sR4GOpjSw.jpg,Horror,Sam P. Green,Jason Bailey|Jenna N. Wilson|Evyn George|Tom Marchant|Michael Hoad,-0.93
1192730,The Mother and the Bear,"When her daughter falls into a temporary coma after an accident at her home in Winnipeg, Sara, an overbearing Korean mother travels from Seoul to Canada and vows to keep her daughter safe forever by catfishing a husband for her online.",0.0,/wFn8cdXDjZ32KBvXwLsFM9RtFdE.jpg,Comedy|Drama,Johnny Ma,Kim Ho-jung|Lee Won-jae|Jonathan Kim|Amara Pedroso|Kalyn Bomback,-0.0516
1714130,Toy Story 5: Zhuazhou,"Promotional short film for ""Toy Story 5"" produced by Shanghai Animation Film Studio. The short tells the story of a bond between a boy and his Buzz Lightyear spanning over decades.",7.0,/vmq3IU4hNCNs85YmGCUbPkcq3f6.jpg,Animation|Family|Drama,Yang Mu,,0.0
157336,Interstellar,The adventures of a group of explorers who make use of a newly discovered wormhole to surpass the limitations on human space travel and conquer the vast distances involved in an interstellar voyage.,8.48,/yQvGrMoipbRoddT0ZR8tPoR7NfX.jpg,Adventure|Drama|Science Fiction,Christopher Nolan,Matthew McConaughey|Anne Hathaway|Michael Caine|Jessica Chastain|Casey Affleck,0.34
1003598,Avengers: Secret Wars,An upcoming film in Phase Six of the Marvel Cinematic Universe (MCU) and the finale of The Multiverse Saga. Plot TBA.,0.0,/f0YBuh4hyiAheXhh4JnJWoKi9g5.jpg,Science Fiction|Action|Adventure,Joe Russo,Robert Downey Jr.|Pedro Pascal|Vanessa Kirby|Ebon Moss-Bachrach|Joseph Quinn,0.4215
957452,The Crow,"Soulmates Eric and Shelly are brutally murdered when the demons of her dark past catch up with them. Given the chance to save his true love by sacrificing himself, Eric sets out to seek merciless revenge on their killers, traversing the worlds of the living and the dead to put the wrong things right.",5.786,/g8TbOXrNMuqq7AaKqdvqS2oG4ob.jpg,Action|Fantasy|Horror,Rupert Sanders,Bill Skarsgård|FKA twigs|Danny Huston|Josette Simon|Laura Birn,-0.9231
1718636,Sanctus House,"Four college students venture to a storied haunted house over night. The goal is simple, obtain research for a paper they are writing on urban myths and legends. A caretaker, played by Richard Grieco, greets them and offers to share the tale of the home's tragic beginnings. As events unfold, the group starts to understand there's more to the stories.",3.0,/ium6rECjmJAxoEugNHQ9WJ6D0BZ.jpg,Horror,Kenyon T. Henry,Liberty Knowles|Sandra Rae Miller|David Joel Stevenson|Genna-Leigh Ivey|Richard Grieco,-0.2263
1424965,Ice Skater,"A survival drama about an ice skater stranded on an ice floe at the Arctic Sea. When the ice floe starts to float towards south and melt, the ice skater must use all means necessary to survive.",0.0,/m93BKabB7Je8WQACed58BXeHNNR.jpg,Drama|Thriller,Taavi Vartia,Thea Sofie Loch Næss|Nikos Koukas|Mimi Roivainen|Jasmin Simonen,0.0
1662350,Midnight Elevator,,3.0,/8DkkS0o2dmOWLaOlAOng5svKkrr.jpg,Thriller|Horror,Zhang Laizhi,Liu Bo|Zhao Shuai|Zhang Huizi|Sun Zhengyu|Han Sanming,0.0
1400336,Focker-In-Law,"Henry, son of Greg and Pam Focker, faces family chaos when he decides to marry a strong-willed woman who appears to be his complete mismatch.",0.0,/gPdzdeehaoaYqxH2rA6yayEDSsS.jpg,Comedy|Romance,John Hamburg,Robert De Niro|Ben Stiller|Ariana Grande|Owen Wilson|Blythe Danner,-0.5719
974576,Conclave,"After the unexpected death of the Pope, Cardinal Lawrence is tasked with managing the covert and ancient ritual of electing a new one. Sequestered in the Vatican with the Catholic Church’s most powerful leaders until the process is complete, Lawrence finds himself at the center of a conspiracy that could lead to its downfall.",7.194,/m5x8D0bZ3eKqIVWZ5y7TnZ2oTVg.jpg,Drama|Thriller,Edward Berger,Ralph Fiennes|Stanley Tucci|John Lithgow|Isabella Rossellini|Lucian Msamati,-0.6378
1437873,Band Together,"Two years after the tragic sinking of a fishing boat that shook a small seaside town, members of the rondalla, a traditional Galician music band, decide to get back together in the endeavour to recover their enthusiasm and leave the grieving behind.",7.4,/uJOrqnO813BN3VuYYCkMzX53YVV.jpg,Drama|Music,Daniel Sánchez Arévalo,Javier Gutiérrez|María Vázquez|Judith Fernández|Tamar Novas|Carlos Blanco,-0.6124
791523,Wildwood,"Prue and her classmate Curtis are drawn into a forbidden magical forest filled with enchanted creatures, loyal allies, and formidable adversaries as they embark on a desperate quest to save Prue’s kidnapped baby brother, Mac, from the crows led by a mysterious woman named Alexandra.",0.0,/feyEk59rpGXZHKqej9HkUHOnIg2.jpg,Adventure|Animation|Family|Fantasy,Travis Knight,Peyton Elizabeth Lee|Jacob Tremblay|Carey Mulligan|Mahershala Ali|Awkwafina,0.4215
1366242,DRAGN,"During a team-building retreat in a remote forest, a group of colleagues unwittingly becomes the prey of a rogue AI-driven drone.",5.0,/sCfVHr5BUwwWETbaDJlEbYyUBrx.jpg,Action|Horror|Thriller|Science Fiction,Peter Webber,James Paxton|Lilly Krug|Carlos Bardem|Alice Pagani|Jadran Malkovich,0.2023
1012611,Vitrival – The Most Beautiful Village in the World,"Benjamin and Little Pierre, cousins and local policemen, patrol Vitrival while listening to Radio Chevauchoir. They have a lot to do: dick graffitis are popping up on the village walls. Of course, no one has seen or heard anything. At the same time, one villager commits suicide, then two, then three. Season after season, dick graffitis and suicides proliferate. What can Benjamin and Pierre do about it? Days and celebrations will keep flowing, no matter what.",5.0,/zueAbhzAiSQFNOg0kJslMgmeK3y.jpg,Drama|Comedy,Noëlle Bastin,Pierre Bastin|Benjamin Lambillotte|Louise Bastin|François Bastin,-0.936
1241634,Saiyaara,"Two artistic souls find harmony through music despite their contrasting worlds. As feelings deepen, age and circumstances challenge their undeniable bond.",6.4,/hQBIsi3ZfBYEayMc3GhcEmJVkss.jpg,Romance|Drama|Music,Mohit Suri,Ahaan Panday|Aneet Padda|Alam Khan|Rajesh Kumar|Geeta Agrawal Sharma,0.4588
1376439,Jean Valjean,"Jean Valjean is released from prison after nineteen years of hard labor, violence, and suffering. Filled with anger and a deep sense of injustice, he has become a dangerous man who trusts no one and nothing. When he arrives in a small village in Provence, he is repeatedly turned away. Desperate, he unknowingly finds refuge at the house of Bishop Bienvenu, who lives simply, with his sister and a single servant. There, he is surprised by their warm welcome, and his inner demons start to waver. But the temptation to be what society sees in him still haunts him, and he steals the Bishop’s silverware. When the police ultimately catches him, the Bishop forgives him and gifts him the candlesticks. This acts becomes the starting point of Jean Valjean’ transformation into a new man who reclaims his humanity.",5.926,/3bmcseY7WP3knLlG14i220hJl25.jpg,Drama|History,Éric Besnard,Grégory Gadebois|Bernard Campan|Isabelle Carré|Alexandra Lamy|Dominique Pinon,-0.9081
1412598,Killer Whale,Follows best friends Maddie and Trish as they find themselves trapped in a remote lagoon with the dangerous killer whale named Ceto.,5.612,/xC6zdIoIHjhOIFmjNyGgtzhuhiF.jpg,Thriller|Horror|Action,Jo-Anne Brechin,Virginia Gardner|Mel Jarnson|Mitchell Hope|Isaac Crawley|Scott James George,-0.5423
1669051,Kesong Puti,"Have a taste of VMX Newest Temptation Apphle Celso. Lena, a Kesong Puti vendor, meets a charming dairy supplier Manny. Their chemistry sparks a daring secret that transforms her humble cheese into their town’s obsession.",3.75,/8zYU8hlKR5111IToxXvv5575tZG.jpg,Drama,Rodante Pajemna Jr.,Apphle Celso|Van Allen Ong|Rinoa Halili|Mark Dionisio|Aya Fortes,0.5994
1692530,Behind Bars - Shot in the Spotlight,,6.0,/wsUj9daGkt4tfaHtjGldnj0q8ab.jpg,Documentary,Unknown,,0.0
1430968,Idiotka,"In West Hollywood’s Russian district, Margarita lives out the American Dream: competing on a reality show. Will she slay, serve, or survive?",6.2,/4qad2d5lrrZsni5n8tzm82CpyOX.jpg,Comedy,Nastasya Popov,Anna Baryshnikov|Galina Jovovich|Mark Ivanir|Nerses Stamos|Camila Mendes,0.25
516729,Paddington in Peru,"Paddington travels to Peru to visit his beloved Aunt Lucy, who now resides at the Home for Retired Bears. With the Brown Family in tow, a thrilling adventure ensues when a mystery plunges them into an unexpected journey through the Amazon rainforest and up to the mountain peaks of Peru.",6.806,/1ffZAucqfvQu36x1C49XfOdjuOG.jpg,Adventure|Comedy|Family,Dougal Wilson,Ben Whishaw|Hugh Bonneville|Emily Mortimer|Samuel Joslin|Madeleine Harris,0.8555
829280,Enola Holmes 2,"Enola takes on her first official case as a detective, but to solve the mystery of a missing girl, she'll need help from friends — and brother Sherlock.",7.406,/tegBpjM5ODoYoM1NjaiHVLEA0QM.jpg,Adventure|Mystery|Crime,Harry Bradbeer,Millie Bobby Brown|Henry Cavill|David Thewlis|Louis Partridge|Susan Wokoma,0.7964
1716132,NXT The Great American Bash 2026,"The 2026 NXT The Great American Bash, also promoted as NXT The Great American Bash: Orlando, is a professional wrestling livestreaming event produced by WWE. It is the 14th Great American Bash under the WWE banner, the seventh annual produced specifically for its developmental brand NXT, and the 28th Great American Bash event overall.",6.25,/3OmA7Lh3em10dFQWVh27QIgBLTN.jpg,Action,Unknown,Valerie Loureda|Peyton Prussin|Takaaki Watanabe|Joe Ariola|David Bostian,0.9648
1552513,Andy Lau “TODAY…is the Day” Hong Kong Concert Tour 2024/25,"This concert was professionally filmed for the Hong Kong show, as part of Andy Lau's most recent tour across 72 shows from 5th July 2024 to 10th January 2025",0.0,/nWV0Jp0ii6UC5UWnFZSqP8w06KD.jpg,Music,Unknown,Andy Lau,0.0
1114967,Good Fortune,A well-meaning but rather inept angel named Gabriel meddles in the lives of a struggling gig worker and a wealthy capitalist.,6.902,/rywxUbd4zvHiRP7nOHeDzuQSLIZ.jpg,Comedy|Fantasy,Aziz Ansari,Keanu Reeves|Aziz Ansari|Seth Rogen|Keke Palmer|Sandra Oh,-0.1154
1693442,Monay,"Mona, a desperate woman fighting to save the bakery she shares with her younger sister, Monina. When a wealthy businessman offers financial help in exchange for a risky arrangement, Mona must risk love, family, and herself.",0.0,/e7pV3szTcQMoPJdJYs9s0AjIty6.jpg,Drama,Christopher Novabos,Sahara Bernales|Kim Yashii|Rash Flores|Sahil Khan,0.7964
1484401,El poder del silencio,,5.0,/6WTKlioUNLYPxK7l1rFwG98ipGa.jpg,Thriller|Drama|Crime,Saúl Pérez Ruano,Javier Chueca|Nuria Santos|Jonatan F. Txakartegi,0.0
959646,Zombie Land Saga: Yumeginga Paradise,"It’s an alien vs. zombie showdown! Zombie idol group Franchouchou is ready to rock the upcoming Saga Expo—until an alien spaceship appears and rains destruction. As if things couldn’t get any worse, the legendary Tae Yamada regains consciousness and announces her intention to go solo to stop the invasion. With Franchouchou scattered and Earth in peril, can the group reunite in time to save Saga?",7.5,/rLyDvszQJi6mvs1Lykr0D7VTzkK.jpg,Animation|Comedy|Music|Action,Takafumi Ishida,Kaede Hondo|Asami Tano|Risa Taneda|Maki Kawase|Rika Kinugawa,-0.7424
937941,Shelby Oaks,A woman's obsessive search for her missing sister leads her into a terrifying mystery at the hands of an unknown evil.,5.66,/i3omY4P6QUzFQlEeclWY92RuXCH.jpg,Horror|Mystery,Chris Stuckmann,Camille Sullivan|Sarah Durn|Brendan Sexton III|Michael Beach|Robin Bartlett,-0.9042
1248226,Playdate,"When out-of-work accountant Brian joins stay-at-home dad Jeff for a playdate with their sons, he expects a laid-back afternoon. Instead, they're chased by mercenaries, and Brian—totally unprepared—must survive one absurd obstacle after another.",6.114,/fGodXWqJkkkbSebPIlxLSygV8GY.jpg,Action|Comedy|Family,Luke Greenfield,Alan Ritchson|Kevin James|Banks Pierce|Benjamin Pajak|Alan Tudyk,-0.3612
1362786,Old Bandits,"An elderly retired couple teams up with young partners to plan a daring bank robbery, while trying to outwit a detective determined to stop them.",7.2,/eYZUzJMumKoUPX5Q40xBsgFs6dY.jpg,Comedy|Action|Crime,Cláudio Torres,Fernanda Montenegro|Ary Fontoura|Bruna Marquezine|Vladimir Brichta|Lázaro Ramos,0.4019
1107215,Once Upon My Mother,"In 1963, Esther gives birth to Roland, the youngest of a large family. Roland is born with a club foot that prevents him from standing. Against everyone's advice, she promises her son that he will walk like the others and that he will have a fabulous life. From then on, Esther will do everything in her power to keep this promise. Through decades of trials and miracles of life, this film is the story of a true, funny and moving story, that of an incredible destiny and the greatest love there is: that of a mother for her child.",6.97,/9MZjFDA3ILz3n23Iqj1ozYfi8yt.jpg,Drama|Comedy,Ken Scott,Leïla Bekhti|Jonathan Cohen|Joséphine Japy|Sylvie Vartan|Jeanne Balibar,0.9764
1658216,Stepdaddy,Emotions and intrigue run high in this titillating taboo family affair. Chloe and Nica are sisters who both find themselves in their own passionate love affairs with their stepdad Carl.,5.3,/oZxNblisKuDzSUW5g18FERjyJs9.jpg,Drama,Christopher Novabos,Astrid Lee|Christy Imperial|Jamilla Obispo|Marlon Marcia,0.8225
891584,The History of Sound,"In 1917, two young music students attending the Boston Conservatory bond over a mutual love of folk music. They reconnect a few years later, embarking on a song-collecting trip in the backwaters of Maine.",6.8,/5tNr1CySiYQICRsQbWWSSsDiKjn.jpg,Drama|Romance|Music,Oliver Hermanus,Paul Mescal|Josh O'Connor|Molly Price|Alison Bartlett|Michael Schantz,0.6369
1256189,Un Château en Espagne,,6.0,/cDrAc8FjHPWDqUhTOmaspyPFVtF.jpg,Drama|TV Movie,Corinne Masiero,Romane Bohringer|Aïssa Maïga|Maëlys Valduriez|Philippe Duquesne|Alexis Neises,0.0
1011477,Karate Kid: Legends,"After a family tragedy, kung fu prodigy Li Fong is uprooted from his home in Beijing and forced to move to New York City with his mother. When a new friend needs his help, Li enters a karate competition – but his skills alone aren't enough. Li's kung fu teacher Mr. Han enlists original Karate Kid Daniel LaRusso for help, and Li learns a new way to fight, merging their two styles into one for the ultimate martial arts showdown.",6.996,/c90Lt7OQGsOmhv6x4JoFdoHzw5l.jpg,Action|Adventure|Drama,Jonathan Entwistle,Jackie Chan|Ben Wang|Joshua Jackson|Sadie Stanley|Ming-Na Wen,-0.8898
1532704,Jacked,"In the Summer of 1987, after a perfect day at the lake, two small-town teenagers are stuck with a broken-down car and in a fight for their lives when they cross paths with a violent stalker.",0.0,/4gioIZQTH5yml1FX0uQFqGHjmD1.jpg,Drama,John Fucile,Marla Robinson|Tom Koch|Anthony Cipriani|Wynn Reichert|Kam Perez,-0.5859
1379266,Kokuho,"Nagasaki, 1964: Following the death of his Yakuza father, 15-year-old Kikuo is taken under the wings of a famous Kabuki actor. Alongside Shunsuke, the actor’s only son, he decides to dedicate himself to this traditional form of theatre. For decades, the two young men grow and evolve together – and one will become the greatest Japanese master of the art of Kabuki.",7.9,/a15F5KJ4mleusJR1YKP4zUyZaxG.jpg,Drama|Music,Sang-il Lee,Ryo Yoshizawa|Ryusei Yokohama|Mitsuki Takahata|Shinobu Terajima|Soya Kurokawa,0.0772
1437985,Open Season 2,"Two years after moving to the French countryside and seeing hunting banned, Adelaide and Simon discover that living close to nature can be rewarding, peaceful... and unbelievably boring. Desperate to make new friends, they're overjoyed when Bernard's witty, wealthy son Stan and his smart, aristocratic wife Bennie move to town—with kids the same age as theirs. But what seems like a gift from heaven turns out to be a Trojan horse: Stan and Bennie are die-hard coursers, determined to hunt on horseback with their hounds wherever they please. Chaos ensues. The clash becomes a full-blown war as Stan buys up land, bribes the locals, and plans to turn the forest into a playground for the ultra-rich. With help from Bernard and his old hunting buddies, can Addie and Simon rally the villagers and spark a rural revolt to save their peaceful corner of the world?",5.7,/cjy5vFVr2FmkNVjHaeKROFgJxGH.jpg,Comedy,Frédéric Forestier,Didier Bourdon|Camille Lou|Hakim Jemili|Thierry Lhermitte|Julien Pestel,0.9759
1635425,Meet Me at the Eclipse,"In 1995, a young Catholic woman at the end of noviciate finds herself shaken by the flashbacks of a long gone first love.",7.0,/znbjceEmT6047Y188P5Sd8ZYyj2.jpg,Romance|Comedy|Drama,Lê Thiện Viễn,Khương Lê|Đoàn Thiên Ân|Thanh Sơn|Lê Khanh|Nguyên Thảo,0.5994
524635,The Chronology of Water,"Plagued by an abusive childhood, a woman finds escape in competitive swimming, sexual experimentation, toxic relationships, and addiction before ultimately finding her voice through writing.",6.7,/pU3GZI6C9lxzxUnBccIQLThDLVY.jpg,Drama,Kristen Stewart,Imogen Poots|Thora Birch|Jim Belushi|Tom Sturridge|Earl Cave,-0.4215
1325614,Badland Rising,"An ordinary bloke embarks on a 19-hour drive home, unaware of being pursued by two unhinged criminals. Once he discovers their motive, his journey turns into a brutal fight for survival.",6.8,/u7rRl06V3320RSeBcircpaeePnr.jpg,Action|Crime,Blair Moore,Nathan Phillips|Robert Rabiah|Jeremy Lindsay Taylor|Aaron Glenane|Hannah Levien,-0.9042
1693002,The Murder of Rachel Nickell,A young mother is killed in broad daylight on London's Wimbledon Common — in front of her toddler. This documentary examines the yearslong murder case.,6.1,/ibTNWrpUGsSuv7PbVRIgr97jDVs.jpg,Documentary|Crime,Lucy Bowden,,-0.8807
524635,The Chronology of Water,"Plagued by an abusive childhood, a woman finds escape in competitive swimming, sexual experimentation, toxic relationships, and addiction before ultimately finding her voice through writing.",6.7,/pU3GZI6C9lxzxUnBccIQLThDLVY.jpg,Drama,Kristen Stewart,Imogen Poots|Thora Birch|Jim Belushi|Tom Sturridge|Earl Cave,-0.4215
1325614,Badland Rising,"An ordinary bloke embarks on a 19-hour drive home, unaware of being pursued by two unhinged criminals. Once he discovers their motive, his journey turns into a brutal fight for survival.",6.8,/u7rRl06V3320RSeBcircpaeePnr.jpg,Action|Crime,Blair Moore,Nathan Phillips|Robert Rabiah|Jeremy Lindsay Taylor|Aaron Glenane|Hannah Levien,-0.9042
1693002,The Murder of Rachel Nickell,A young mother is killed in broad daylight on London's Wimbledon Common — in front of her toddler. This documentary examines the yearslong murder case.,6.1,/ibTNWrpUGsSuv7PbVRIgr97jDVs.jpg,Documentary|Crime,Lucy Bowden,,-0.8807
1257009,Primitive War,"During the Vietnam War, a recon unit ventures to an isolated jungle valley to uncover the fate of a missing platoon. They soon find themselves in a fight for their lives against an unexpected enemy — prehistoric dinosaurs.",6.642,/noujgznyJIaurEinZhcSVzTmkLo.jpg,Action|Horror|War|Science Fiction,Luke Sparke,Jeremy Piven|Tricia Helfer|Ryan Kwanten|Nick Wechsler|Anthony Ingruber,-0.926
832964,Lee,"The true story of photographer Elizabeth ""Lee"" Miller, a fashion model who became an acclaimed war correspondent for Vogue magazine during World War II.",6.972,/zdNWyuim8gpJHe1LtKaDrs43dWz.jpg,History|Drama|War,Ellen Kuras,Kate Winslet|Andy Samberg|Alexander Skarsgård|Marion Cotillard|Andrea Riseborough,-0.7184
1244806,Choir of God,"North Korea, facing international sanctions, seeks assistance from a Hungarian NGO to build churches in Pyongyang as a way to bypass the sanctions. The NGO proposes organizing a revival meeting with international Choir organizations, leading the Ministry of 5 Securities to apprehend believers. The ""Victory Orchestra,"" a replacement ensemble, is actually composed of underground Choir members. As they sing hymns openly for the first time, their true identity as underground believers is revealed, creating moments of laughter, tears, and emotion.",7.5,/wTk4eQ1PY2sdEfL48nR1q1jGDm2.jpg,Drama|Music,Kim Hyung-hyup,Park Si-hoo|Jeong Jin-woon|Tae Hang-ho|Jang Ji-gun|Han Jung-wan,0.8176
1644270,O'PENing: The Catstody War,"Married couple in their 5th year of marriage, about to get divorced, and their conflict over the 'cat rights' of a cat that is like a child to them.",0.0,/qwsJmyVjWcdyYoG4AxpG6ztlQf6.jpg,,Yoo Hak-chan,Yoon Doo-joon|Kim Seul-gi|Jeon Bae-soo,0.0516
1476614,All of a Sudden,"Marie-Lou Fontaine, director of a nursing home in the Paris suburbs, defies convention by adopting the 'Humanitude' method despite her team’s resistance. Her encounter with Mari Morisaki, a terminally ill Japanese playwright, transforms her life. Together, they turn the facility into a symbol of resistance and humanity against the system’s limits.",10.0,/uJkX6VUQbgoDO2LCt7X6wdAXvZj.jpg,Drama,Ryusuke Hamaguchi,Virginie Efira|Tao Okamoto|Kyōzō Nagatsuka|Kodai Kurosaki|Jean-Charles Clichet,-0.4215
1219620,All That's Left of You,"In the Occupied West Bank in Palestine of the 1980s, a Palestinian teenager is swept into a protest that changes the course of his family's life. Reeling from its aftermath, his mother, Hanan, shares the story that led them to that fateful moment. Spanning seven decades, this epic drama traces the hopes and heartaches of one uprooted family, revealing not only the scars of ethnic cleansing, but the unbreakable spirit of survival.",7.9,/fqMHedzcFA9rOnlWPuazaKMzV0H.jpg,Drama,Cherien Dabis,Saleh Bakri|Cherien Dabis|Adam Bakri|Maria Zreik|Mohammad Bakri,0.4678
1341137,A Great Awakening,One of the most defining moments in American history is the story of an unlikely friendship between the Reverend George Whitefield and Benjamin Franklin.,7.0,/dXeeDRLGpTX1U97lWBAwQeeplsW.jpg,Drama|History,Joshua Enck,John Paul Sneed|Jonathan Blair|JT Schaeffer|Josh Bates|Joe Dignoti,0.4404
1482938,Union County,"Assigned to a county-mandated drug court program, Cody Parsons embarks on the tenuous journey toward recovery amid the opioid epidemic in rural Ohio.",0.0,/nAvcHFSzlTQdRrcA7dvSTngXTuf.jpg,Drama,Adam Meeks,Will Poulter|Noah Centineo|Elise Kibler|Emily Meade|Danny Wolohan,0.0
1339175,The Birthday Party,"The late 1970s, somewhere in the Mediterranean: Marcos Timoleon, a tycoon, is throwing a lavish, extravagant birthday party for Sofia on his exclusive private island. The party is a perfect excuse for various people in his life to approach him with their own agendas.",0.0,/83lV38lQ96UxSNbAdlPBCCcLYl2.jpg,Drama,Miguel Ángel Jiménez,Willem Dafoe|Emma Suárez|Joe Cole|Vic Carmen Sonne|Christos Stergioglou,0.872
1451486,Uyir,,0.0,/r512xdTd9aXjpIxjY2JlhvJYvIb.jpg,Crime|Thriller,Padmakumar M,Roshan Mathew|Saiyami Kher|Mahesh Shetty|Divya M. Nair|Baiju Santhosh,0.0
1721841,沉默不该有的样子,,0.0,/tLn13oYU0HqhpDK5gtTsNVpgOas.jpg,Family,Zhao Fanshu,Jing Lingxiao|Zhao Fanshu,0.0
1630433,The Red Line,"Three women fall prey to a ruthless phone scam. To settle the score, they'll take on the criminal network that stole their money — and their dignity.",6.761,/q3ROA6OqVA9rWSsC2DzdkPQvxWW.jpg,Thriller|Crime|Drama,Sitisiri Mongkolsiri,Nittha Jirayungyurn|Esther Supreeleela|Chutima Maholakul|Todsapol Maisuk|Tonhon Tantivejakul,-0.6597
1503015,Charukesi,"A Carnatic musician with Alzheimer's grapples with his prodigal son's lifestyle choices, exploring the intersection of music, memory, and family relationships.",0.0,/jf5IyUMYBM4yBm5AU0CAFcYR1Fg.jpg,Drama|Music,Suresh Krissna,Y. G. Mahendran|Suhasini Maniratnam|Sathyaraj|Samuthirakani|Thalaivasal Vijay,0.0
1290432,A Private Life,"The renowned psychiatrist Lilian Steiner mounts a private investigation into the death of one of her patients, whom she is convinced has been murdered.",5.649,/grozteYTaspY4xaJRt3nw4zMtTs.jpg,Drama|Mystery|Crime,Rebecca Zlotowski,Jodie Foster|Daniel Auteuil|Virginie Efira|Mathieu Amalric|Vincent Lacoste,-0.765
1404604,Compostelle,"Fred and Adam have nothing in common. Yet, they will meet while walking the Way of St. James as a form of spiritual path.",7.1,/4FaoBpDtzhZk9R907epSN5WCelq.jpg,Drama|Comedy,Yann Samuell,Alexandra Lamy|Julien Le Berre|Eric Métayer|Mélanie Doutey|Cyril Gueï,0.0
1466115,Even If This Love Disappears Tonight,"A high school girl wakes up each day with no memory of yesterday. When she agrees to date a shy classmate, can their love grow with every new beginning?",8.407,/5eNN8KLDPUXDqIkTdCbmn1gx5P7.jpg,Romance|Drama,Kim Hye-young,Choo Young-woo|Shin Sia|Cho Yu-jung|Jin Ho-eun|Cho Han-cheul,0.4215
917496,Beetlejuice Beetlejuice,"After a family tragedy, three generations of the Deetz family return home to Winter River. Still haunted by Betelgeuse, Lydia's life is turned upside down when her teenage daughter, Astrid, accidentally opens the portal to the Afterlife.",6.932,/kKgQzkUCnQmeTPkyIwHly2t6ZFI.jpg,Comedy|Fantasy|Horror,Tim Burton,Michael Keaton|Winona Ryder|Catherine O'Hara|Jenna Ortega|Justin Theroux,-0.872
1317512,The World of Love,"Jooin, a 17-year-old student confused by love, unleashes chaos with some words spoken in a moment of anger. Anonymous notes questioning her actions begin to arrive, altering her quiet life.",7.742,/cg679vCkXY9RH2iINLvdG68tzsQ.jpg,Drama,Yoon Ga-eun,Seo Su-bin|Jang Hye-jin|Kim Jeong-sik|Kang Chae-yun|Lee Jae-hee,-0.7096
1001288,Vade Retro,"Norbert, the posh conservative aristocrat vampire, must find a pure blooded woman to bite if he wants to survive and not be rejected by his parents. Sent by ship to Japan, along with his museum watchman butler, he’s shipwrecked on Boulet Rouge Island…",5.8,/1D2Hn8HD9tpU9j901vNRmn4Oz3J.jpg,Comedy|Horror|Fantasy,Antonin Peretjatko,Estéban|Pascal Tagnati|Yolène Gontrand|Céline Fuhrer|Eva Rami,0.4023
949709,High Forces,"""Anyone? There is ......"" A mysterious message from Gao Haojun comes from ten thousand meters in the air. A five-star A380 ultra-luxury airliner was hijacked on its international maiden voyage, and international security expert Gao Haojun stood up to a group of thugs, his daughter Xiaojun was trapped in the cabin, and Mike, the leader of the hijackers, threatened the lives of more than 800 people in the plane as a bargaining chip, and Xiaojun's mother, Fu Yuan, was also in danger. ...... Will the passengers on board be able to land safely and how should this crisis be resolved?",6.1,/b8xNJ39aOtEk3I7MFt8XJuN2bGS.jpg,Action|Crime,Oxide Pang Chun,Andy Lau|Zhang Zifeng|Qu Chuxiao|Liu Tao|Guo Xiaodong,-0.9375
993708,The Threesome,"Connor has a threesome with his long-time crush Olivia and an alluring stranger named Jenny. It surprisingly serves as the spark to a full blown relationship with Olivia, until both women end up pregnant and all three are thrust into a difficult journey toward new realities that none of them could have expected.",6.332,/7vQUAw3CX60dhzgzC7BQZFN7Y31.jpg,Comedy|Romance|Drama,Chad Hartigan,Zoey Deutch|Jonah Hauer-King|Ruby Cruz|Jaboukie Young-White|Josh Segarra,0.0
1092936,The Holy Boy,"A PE teacher moves to a isolated mountain village where the people appear to live in unshakeable serenity, but soon stumbles across a disturbing ritual. Once a week, the locals are freed of their pain by a lonely boy born with the power to heal one's soul just by hugging them. Trying to rescue him from this madness, the man unleashes his dark side.",6.923,/2jpKQ6xhcxaNXOUDeQpyHNUcWr1.jpg,Horror|Thriller|Drama,Paolo Strippoli,Michele Riondino|Giulio Feltri|Paolo Pierobon|Romana Maggiora Vergano|Roberto Citran,-0.7692
1233655,Omaha,A father conceals the truth about his family’s seemingly spontaneous road trip across the American West.,6.868,/s1SNVyTWWmvpWK439bOrRF9xywS.jpg,Drama|Family,Cole Webley,John Magaro|Molly Belle Wright|Talia Balsam|Rachel Alig|Lisa Carswell,0.3182
1232546,Until Dawn,"One year after her sister Melanie mysteriously disappeared, Clover and her friends head into the remote valley where she vanished in search of answers. Exploring an abandoned visitor center, they find themselves stalked by a masked killer and horrifically murdered one by one...only to wake up and find themselves back at the beginning of the same evening.",6.282,/bLY5yN4MKVynZ2HMZWElTOGBgBe.jpg,Horror|Mystery,David F. Sandberg,Ella Rubin|Michael Cimino|Belmont Cameli|Maia Mitchell|Peter Stormare,-0.9371
1327737,Una terapia di gruppo,,6.1,/2kDeIVBB9Zj2iLdbXdKIRlNa60m.jpg,Drama|Comedy,Paolo Costella,Claudio Bisio|Margherita Buy|Claudio Santamaria|Valentina Lodovini|Leo Gassmann,0.0
1720210,Rik Mayall's Sketches: Rare And Unseen,"A selection of rarely seen comic moments from the actor and comedian, who rose to fame as Kevin Turvey and as Rick in The Young Ones, a show he helped create. Rik Mayall later achieved more widespread fame in Bottom, and The New Statesman.",0.0,/2zCOUSD2a12tYQ9goFCTCdenGNb.jpg,Comedy,Unknown,Rik Mayall|Stephen Fry|Adrian Edmondson|Terry Wogan|Jane Walmsley,0.8591
1305717,Hunting Grounds,"Desperate to find refuge for her children, Chloe Marvino runs away from her Mafia tied husband, and finds shelter in a cabin with a recluse drifter named Jake. But as her husband's henchmen draw closer to her, it turns out that Jake is the biggest enemy of them all.",6.788,/cgZjpqRQt9sk6XMCwZ3B1NPAaoy.jpg,Action|Thriller,Derek Barnes,Emily Alatalo|Tim Rozon|Patrick Garrow|Jon McLaren|Milton Barnes,-0.7506
1519340,Jangan Buang Ibu,"Ristiana, a single mother, struggles to raise her three children after her husband left her with significant debt. Her decisions strain her relationship with her children. Despite the distance and longing, her three children remain devoted to their mother and strive to repair their relationship before it's too late.",6.5,/zGcRp2tNTn6fwW8vK4cIUkHop42.jpg,Drama|Family,Hadrah Daeng Ratu,Nirina Zubir|Refal Hady|Amanda Manopo|Saputra Kori|Dwi Sasono,-0.2023
974250,Greedy People,"The eclectic residents of a small, picturesque island town must navigate a sensational murder and the discovery of a million dollars, leading to a series of increasingly bad decisions which upend the once-peaceful community.",6.351,/aIUZiciO0nMh8MrhmsTaMWZvEWK.jpg,Comedy|Mystery|Crime,Potsy Ponciroli,Himesh Patel|Joseph Gordon-Levitt|Lily James|Uzo Aduba|Tim Blake Nelson,-0.765
1306845,Jaat,"A mysterious stranger journeys to a remote town controlled by a callous crime lord, with one violent mission — restoring justice to its people.",6.243,/guTflsCTgLNqTbpHTi9gJANk1Rf.jpg,Crime|Action|Thriller,Gopichand Malineni,Sunny Deol|Randeep Hooda|Saiyami Kher|Regina Cassandra|Vineet Kumar Singh,-0.4215
634649,Spider-Man: No Way Home,"Peter Parker is unmasked and no longer able to separate his normal life from the high-stakes of being a super-hero. When he asks for help from Doctor Strange the stakes become even more dangerous, forcing him to discover what it truly means to be Spider-Man.",7.933,/1g0dhYtq4irTY1GPXvft6k4YLjm.jpg,Action|Adventure|Science Fiction,Jon Watts,Tom Holland|Zendaya|Benedict Cumberbatch|Jacob Batalon|Jon Favreau,-0.2006
1285895,Late Fame,"Legendary New York poet Ed Saxberger's forgotten works captivate an eccentric group of young creatives, reigniting his artistic passion. Their intrigue intertwines with the bewitching presence of actress Gloria.",0.0,/bcyXE0p4XmZUlcxvTDbvdG9lgsN.jpg,Drama,Kent Jones,Willem Dafoe|Greta Lee|Edmund Donovan|Stephen Badalamenti|William Hill,0.2732
1250841,Hair of the Bear,"Refusing to go to school, anxious 16-year-old Tori is driven by her mother to her grandfather's rustic cabin in Eastern Manitoba on the remote American-Canadian border. As Tori struggles to adapt to the woodsman ways of her French Canadian grandfather, she ultimately must embrace the outdoors if she is to survive the deadly game of cat and mouse she is thrust into.",6.0,/eyKa9kOdCtEcLLGkiUOnVbhf9li.jpg,Drama|Thriller,James McLellan,Malia Baker|Roy Dupuis|Catherine Bérubé|Robert Naylor|Jonathan Lawrence,-0.5994
1263256,Happy Gilmore 2,"Happy Gilmore isn't done with golf — not by a long shot. Since his retirement after his first Tour Championship win, Gilmore returns to finance his daughter's ballet classes.",6.5,/E3dPHPJigkXwuiE0n1vzz0se8a.jpg,Comedy,Kyle Newacheck,Adam Sandler|Julie Bowen|Christopher McDonald|Benny Safdie|Ben Stiller,0.886
1625582,The Kerala Story 2,"Three young Indian women across different states choose love over tradition, only to become trapped. Their parallel lives show how romance and rebellion transform into control and silence, turning love into a weapon that destroys freedom.",3.333,/5btAk8YTRT3FLsqQBumN5eCk8xO.jpg,Crime|Drama,Kamakhya Narayan Singh,Ulka Gupta|Aishwarya Ojha|Aditi Bhatia|Arjan Aujla|Abhishek Shankar,0.8176
1374462,A Woman Called Mother,"After her father’s death, Vira’s mother has a mental breakdown. To start fresh, the family moves to a new city and opens a hair salon together. While the family attempts to adjust to their new lives, Vira’s mother, Yanti, begins exhibiting strange, violent behavior reminiscent of her mental breakdown and becomes particularly preoccupied with her son’s sex life. Vira begins to investigate the strange occurrences and discovers that a dangerous ritual and a demonic possession are just the tip of the iceberg.",6.769,/ojWSVt7O92ZLtEUyQs8u5pRI40b.jpg,Horror|Drama,Randolph Zaini,Artika Sari Devi|Aurora Ribero|Ali Fikry|Khiva Rayanka|Sita Nursanti,-0.9042
1324107,If the Cat is Absent,"The theft of a famous painting from a museum leads to an unexpected conflict between members of the gang and museum staff, and amidst this, an unusual love affair develops.",4.5,/gjeRJALgxL1lTN0pn8r1pyoBH3Y.jpg,Action|Comedy,Sarah Noah,Asser Yassin|Asmaa Galal|Aly Sobhy|Mohamed Shaheen|Samah Anwar,0.4404
1324107,If the Cat is Absent,"The theft of a famous painting from a museum leads to an unexpected conflict between members of the gang and museum staff, and amidst this, an unusual love affair develops.",4.5,/gjeRJALgxL1lTN0pn8r1pyoBH3Y.jpg,Action|Comedy,Sarah Noah,Asser Yassin|Asmaa Galal|Aly Sobhy|Mohamed Shaheen|Samah Anwar,0.4404
1656220,23 000 Lives,"Unable to stand by and watch as countless refugees lose their lives attempting to reach Europe by sea, a group of young Berliners take action. Inexperienced but driven by passion and courage, they launch a crowdfunding campaign to buy an old ship. Venturing into the Mediterranean, they embark on a mission to save thousands of people. But their efforts soon put their understanding of law and justice to the test.",5.0,/8ZPoxkREjC92rGIOm2jwWMugl3g.jpg,Drama,Markus Goller,Louis Hofmann|Mala Emde|Katharina Stark|Frederick Lau|Maria Dragus,0.9545
1628367,Kartavya,"With his family's safety at stake and menacing threats closing in, a police officer must decide how far he'll go to uphold his duty.",6.643,/2I689w0K02r5oXawo08W8yNYIzx.jpg,Crime|Drama|Thriller,Pulkit,Saif Ali Khan|Rasika Dugal|Sanjay Mishra|Saurabh Dwivedi|Zakir Hussain,0.0
1472829,"Molière, Cyrano and the Young King","During the Paris rebellion, young Louis XIV must be hidden from danger and is secretly replaced at court by a look-alike. Entrusted to the musketeer-poet Cyrano de Bergerac, Louis is sheltered within Madeleine Béjart’s traveling theater troupe, where the actor and aspiring playwright Molière has just joined – unaware their newest member is the future king of France. As Cyrano struggles to handle the arrogant and clumsy young king, he begins writing a bold play for the troupe. Molière, bursting with ideas, transforms the work with wit and heart, awakening his genius for comedy and deepening his secret feelings for Madeleine, while young Louis discovers the joy of theater and the power of friendship. But back in Paris, intrigue is brewing – can the young king return in time before the masquerade is revealed and embrace his true royal destiny?",5.75,/yQ5ZTigq3buO4qe1cx2VHsrEaT1.jpg,Comedy|Drama|History,Michel Leclerc,Artus|Julia Piaton|Franck Dubosc|Némo Schiffman|Xavier Robic,0.8381
1174334,A Foggy Tale,"Yue's brother was executed by the government. Determined to bring his body back home, Yue goes to Taipei alone and finds help in Chao Kung-tao, a discharged soldier. Two people with no relations become friends in need, embarking on a journey that could cost them their lives.",7.54,/nj1QyqHN48Wn66U9JYXIywNX8Nj.jpg,Drama,Chen Yu-hsun,Caitlin Fang|Will Or Wai-Lam|9m88|Tseng Jing-hua|Pan Li-li,0.6124
1473666,Kombucha,"Trapped in a fluorescent-lit cubicle farm, an aspiring musician thinks the free break room kombucha is a perk - until it begins to change him. What starts with suspicious smiles and team-building ends in a bile-drenched metamorphosis.",5.375,/xoPLfMbNYYuk3X2iVGhfaM6vxIP.jpg,Horror|Comedy,Jake Myers,Terrence Carey|Claire McFadden|Paige Bourne|Jesse Kendall|Charin Alvarez,0.128
1140498,Is This Thing On?,"As their marriage quietly unravels, Alex faces middle age and an impending divorce, seeking new purpose in the New York comedy scene while Tess confronts the sacrifices she made for their family—forcing them to navigate co-parenting, identity, and whether love can take a new form.",6.549,/YD6QzcokTMe3EViM0hLbNCxf4y.jpg,Comedy|Drama|Romance,Bradley Cooper,Will Arnett|Laura Dern|Andra Day|Bradley Cooper|Christine Ebersole,0.7003
1422404,Tokyo Taxi,"One day, taxi driver Koji Usami is tasked with driving 85-year-old Sumire Takano from Shibamata, Tokyo to a senior care facility in Hayama, Kanagawa. Sumire asks Koji to make some detours. Gradually opening up to her, Sumire begins to tell the story of her grand past...",7.647,/PaWFgLV1os4yTGVMmaDgyJKPnc.jpg,Drama,Yoji Yamada,Chieko Baisho|Takuya Kimura|Yu Aoi|Takaya Sakoda|Yûka,0.7351
1295026,100 METERS,"A gifted runner trains a determined but unskilled classmate, unaware he's creating a rival who will challenge him on the track for years to come.",7.8,/kQyS2UrSbkd5AF0seuTSvRqWIdh.jpg,Animation|Drama,Kenji Iwaisawa,Tori Matsuzaka|Shota Sometani|Yuma Uchida|Koki Uchiyama|Kenjiro Tsuda,0.4118
1646787,Sundutan,"A hole on the wall accidentally connects two women emotionally and physically. Forbidden love, greed, betrayal... what lies beyond the hole? And for how long can they keep covering it up?",4.0,/2neZgVuY7prWIak5hhNKT53Hk0N.jpg,Drama,Rodante Pajemna Jr.,Allison Ross|Jade Esguerra|Mark Dionisio|Zia Zamora|Primo Angeles,-0.7059
1659087,180,"When an unexpected road rage incident puts his son in critical condition, an enraged father spirals down a dark path of emotional turmoil and vengeance.",5.837,/9ISjrhA38HpSSGtfiCk8lpziC3K.jpg,Thriller|Crime|Drama|TV Movie,Alex Yazbek,Prince Grootboom|Noxolo Dlamini|Danica De La Rey|Warren Masemola|Desmond Dube,-0.8591
1370814,The Plague,"A socially awkward tween endures the ruthless hierarchy at a water polo camp, his anxiety spiraling into psychological turmoil over the summer.",6.4,/b0RWuqzgvyfiIYU4QfgJHhmxZF4.jpg,Drama|Thriller,Charlie Polinger,Everett Blunck|Kayo Martin|Joel Edgerton|Kenny Rasmussen|Lucas Adler,-0.5859
1149504,Honey Don't!,"Honey O'Donahue, a small-town private investigator, delves into a series of strange deaths tied to a mysterious church.",5.549,/fJm3kmd9NLZWypMas7g34oNFgbk.jpg,Comedy|Crime|Thriller,Ethan Coen,Margaret Qualley|Aubrey Plaza|Chris Evans|Lera Abova|Jacnier,-0.2023
1511057,Roommates,"When shy college freshman Devon asks cool-girl Celeste to be her roommate, a blossoming friendship quickly spirals into a war of passive aggression.",6.56,/eW1s6omXIfVkTlmKVe9y9Dwwt4u.jpg,Comedy,Chandler Levack,Sadie Sandler|Chloe East|Billy Bryk|Sarah Sherman|Martin Herlihy,-0.5267
1255778,Lucky Star,"In 1940, in France, Jean Chevalin lives with his family in great poverty after deserting the army. Convinced that some people manage better than others, he decides to pretend to be Jewish in order to receive help from smugglers and reach the free zone. This ruse will lead his family on a journey that will gradually dismantle his prejudices.",5.7,/cnl5uatyJqD5KyzHItKAEl8FFoM.jpg,Comedy|Drama,Pascal Elbé,Benoît Poelvoorde|Audrey Lamy|Hugo Becker|Pascal Elbé|Zabou Breitman,0.7845
1447971,Scare Out,"After a critical intelligence leak, a national security unit launches an intensive investigation. But successive setbacks in their arrest operations reveal a shocking truth: the trail leads back to within the unit itself. Amidst a storm of trust and betrayal, a silent battle begins to unfold...",6.794,/qs7YjSkD2lv6d0efg3EiqeMsqOw.jpg,Crime|Thriller|Action,Zhang Yimou,Jackson Yee|Zhu Yilong|Song Jia|Lei Jiayin|Yang Mi,-0.7003
1353086,"Beautiful Evening, Beautiful Day","Spanning decades, the film follows lovers Lovro and Nenad and their friends Stevan and Ivan, a group of gay partisans who fought against the Ustashas and Nazis. Sixteen years later, they became renowned filmmakers navigating life in post-WWII Communist Yugoslavia. As they rise to fame, they are forced to create propaganda for the regime, risking everything to protect their identities and each other. In 1957 their sexual orientation raises suspicion, and a communist party loyalist named Emir is assigned to sabotage their careers and lives, a party loyalist hiding his own secrets, whose loyalties begin to falter. The pursuit of freedom becomes a fight for survival for the artists, while Emir's beliefs are challenged.  Lush, intimate, and politically charged (and with startling parallels to our current political climate), Beautiful Evening, Beautiful Day is a poignant story of resistance — against oppression, against silence, and for the freedom to live and love without fear.",8.0,/o4imQ27eSCgsIoZp8Junr4y5vBj.jpg,Drama|Romance,Ivona Juka,Dado Ćosić|Emir Hadžihafizbegović|Slaven Došlo|Đorđe Galić|Elmir Krivalić,0.9836
1195631,William Tell,"The narrative unfolds in the 14th Century, when the European nations vie for supremacy within the Holy Roman Empire. The ambitious Austrian Empire, desiring more land, invades neighbouring Switzerland, a serene and pastoral nation. Protagonist William Tell, a formerly peaceful hunter, finds himself forced to take action as his family and homeland come under threat from the oppressive Austrian King and his ruthless warlords.",6.201,/8SdaetXSTPyQVDb5pTEPRLBSx15.jpg,Action|Adventure|Drama|History,Nick Hamm,Claes Bang|Connor Swindells|Golshifteh Farahani|Jonah Hauer-King|Ellie Bamber,0.1027
1437198,Tafiti: Across the Desert,"Tafiti, a young meerkat, initially rejects friendship with Bristles, a bush pig. When his grandpa is bitten by a snake, Tafiti sets off to find the flower for the cure. Bristles wants to prove that adventures are always better with friends.",7.2,/y0sABKBMePQIg9WPpizS8JItq8s.jpg,Animation|Adventure|Family,Nina Wels,Cosima Henman|Steve Hudson|Bürger Lars Dietrich|Thomas Schmuckert|Dela Dabulamanzi,0.7964
1600421,Stray Kids: The dominATE Experience,"Featuring the global K-Pop sensation Stray Kids and a live performance from their record-breaking world tour, alongside exclusive behind-the-scenes footage and intimate interviews with the band, Stray Kids: The dominATE Experience is an epic concert film that gives fans both a spectacular front-row seat and unique access to their favourite band.",9.1,/8pi8IZ2lqJB0k0XKgh2b89OYqYd.jpg,Music|Documentary,Paul Dugdale,Bang Chan|Lee Know|Changbin|Hyunjin|Han,0.0
329,Jurassic Park,"A wealthy entrepreneur secretly creates a theme park featuring living dinosaurs drawn from prehistoric DNA. Before opening day, he invites a team of experts and his two eager grandchildren to experience the park and help calm anxious investors. However, the park is anything but amusing as the security systems go off-line and the dinosaurs escape.",7.971,/1468Tv8LF207WCJXDolm8l7hVo4.jpg,Adventure|Science Fiction,Steven Spielberg,Sam Neill|Laura Dern|Jeff Goldblum|Richard Attenborough|Bob Peck,0.9118
1401502,A Cool Fish 2,"Sanjin, the little brother of Yiwu-based businessman Chen, ventures to Southeast Asia to expand his business and prove his mettle. Just as he strikes a deal with a television station, his business is hit by a global recession and a terrorist attack. Will Sanjin choose to be devoured by darkness, or will he be reborn from the ashes?",5.7,/uv2gooWPeWJFygu0ufoklPGDHg0.jpg,Comedy|Crime,Rao Xiaozhi,Zhang Yu|Ren Suxi|Pan Binlong|Ma Yinyin|Anita Fandeurwawdeu,-0.9153
365177,Borderlands,"Returning to her home planet, an infamous bounty hunter forms an unexpected alliance with a team of unlikely heroes. Together, they battle monsters and dangerous bandits to protect a young girl who holds the key to unimaginable power.",5.587,/4JGoZu1ZKFpMJTWAP35PCfkMgu8.jpg,Action|Science Fiction|Comedy,Eli Roth,Cate Blanchett|Kevin Hart|Edgar Ramírez|Jamie Lee Curtis|Ariana Greenblatt,0.0516
1137350,The Phoenician Scheme,"Wealthy businessman Zsa-zsa Korda appoints his only daughter, a nun, as sole heir to his estate. As Korda embarks on a new enterprise, they soon become the target of scheming tycoons, foreign terrorists, and determined assassins.",6.494,/u2jxeYLXTYfu0bqJmnLGIgZswib.jpg,Comedy|Adventure|Crime,Wes Anderson,Benicio del Toro|Mia Threapleton|Michael Cera|Riz Ahmed|Tom Hanks,-0.0516
1616674,Me Before Me,"A young student battling pressure, panic and a demanding father uses a class project to discover that truth — not trophies — might finally set him free.",0.0,/oFMbldhgyFsaMK3tiycccFyKksQ.jpg,Drama,Gina S. Noer,Ringgo Agus Rahman|Bima Sena|Widuri Puteri|Candil|Prastiwi Dwiarti,-0.4404
1510769,29,"A quirky 29-year-old named Sathya embarks on an unexpected journey of laughter, unlikely friendships, and self-discovery. Through hilarious misadventures and chance encounters, he slowly sees life's bigger picture - its surprises, joys, and second chances.",6.875,/aQZ4OxzaYTN7cRN7fALi9BhPucp.jpg,Romance|Comedy|Drama,Rathna Kumar,Vidhu|Preethi Asrani|Mahendran|Sindhu Shyam|Avinash Raghudevan,0.9371
668489,Havoc,"When a drug heist swerves lethally out of control, a jaded cop fights his way through a corrupt city's criminal underworld to save a politician's son.",6.376,/r46leE6PSzLR3pnVzaxx5Q30yUF.jpg,Action|Crime|Thriller|Drama,Gareth Evans,Tom Hardy|Jessie Mei Li|Timothy Olyphant|Forest Whitaker|Justin Cornwell,-0.6705
1432547,ALL YOU NEED IS KILL,"When a massive alien flower known as ""Darol"" unexpectedly erupts in a deadly event, unleashing monstrous creatures that decimate the population of Japan, Rita is caught in the destruction—and killed. But then she wakes up again. And again. Caught in an endless time loop, Rita must navigate the trauma and repetition of death until she crosses paths with Keiji, a shy young man trapped in the same cycle. Together, they fight to break free from the loop and find meaning in the chaos around them.",6.3,/1BsjAEB7RrQV2j0EVLeekPpJ9nJ.jpg,Animation|Action|Mystery|Science Fiction,Kenichiro Akimoto,Ai Mikami|Natsuki Hanae|Kana Hanazawa|Hiccorohee|Mo Chugakusei,-0.9747
1549519,Sex Trip,"On a final trip after college graduation, five friends go on a hiking trip and discover a mystical cave that unleashes forbidden desires within them, igniting a night of uninhibited passion, partner-swapping, and raw sexual exploration leaving them forever changed.",6.0,/oVyD6sX6Vr5Ej8X1DLrs12zG40Y.jpg,Drama|Romance,Lawrence Fajardo,Angeline Aril|Audrey Avila|Cheena Dizon|VR Relosa|Van Allen Ong,0.6369
1405769,I Can Only Imagine 2,"Following the breakout success of the song 'I Can Only Imagine', MercyMe's Bart Millard is living the dream—sold-out arenas, a devoted fanbase, and a thriving career. But behind the spotlight, Bart's past threatens the family he's built, especially the fragile bond with his son Sam. When hopeful newcomer Tim Timmons joins the band for their biggest tour yet, he unknowingly brings a renewed gratitude to Bart's life through their unlikely friendship. Bart soon discovers that Tim carries hardships—and secrets—of his own, forcing him to face his past and repair his relationships with Sam and his wife Shannon before fame costs him what matters most.",8.244,/qYBCs9nBmdNCLduw5BTlendq89z.jpg,Music|Drama,Brent McCorkle,J. Michael Finley|Milo Ventimiglia|Sophie Skelton|Arielle Kebbel|Sammy Dell,0.9555
1671541,The Three Kingdoms Part 1: The Battle for Luoyang,,0.0,/vsDiLRTjXmK75PXG2jPn575yCnj.jpg,Animation|History,Xie Junwei,Kai Wang|Wei Chao|万昊|Li Nan|Chang Wentao,0.0
1000837,I'm Still Here,A woman married to a former politician during the 1971 military dictatorship in Brazil is forced to reinvent herself and chart a new course for her family after a violent and arbitrary act.,7.9,/gZnsMbhCvhzAQlKaVpeFRHYjGyb.jpg,Drama|History,Walter Salles,Fernanda Torres|Fernanda Montenegro|Selton Mello|Valentina Herszage|Maria Manoella,-0.7845
1707884,Final Diagnosis: No Second Chances,"In Final Diagnosis: No Second Chances, the world of medicine becomes the backdrop for a tense story about ambition, responsibility, and the consequences of decisions made under pressure. The film follows characters caught in a high-pressure medical environment where ambition, personal choices, and professional responsibility collide, exploring the human cost of difficult decisions and the moments when there may be no second chance.",0.0,/lmdLLhhqj5oTRjhSS4V1yAKc06C.jpg,Thriller|Drama|Crime,Gabriel Rodak,Paweł Sakowski|Tiffany Wolff|Daniel Mavrov|Sara Key|Denzel Guy,-0.7906
1707914,Detective Chen 2,"In 1930s Shanghai, a wrongly accused hero escapes death row and unravels a deadly conspiracy, battling enemies and uncovering a foreign plot that threatens his nation.",4.0,/yJjVE6MBMfqy7PE6i9iBqdl4eP2.jpg,Action|Comedy|Mystery|Crime,Ashton Chen,Ashton Chen|Liu Tianzuo|Huang Qiao|Tan Kai|Norman Tsui Siu-Keung,-0.9062
1716365,Ryan Hamilton: This Just Hit Me,Leave it to Ryan Hamilton to get hit by a bus and have the last laugh — whether it's falling for his anesthesiologist or a dispensary trip with his mom.,7.0,/e69aIyhBLJE1RcYT61K3cHv6UKt.jpg,Comedy,Nate Bargatze,Ryan Hamilton,0.4215
1457866,The Adventures of Cliff Booth,"Eight years after the events of Once Upon a Time in... Hollywood, Cliff Booth returns to a changing Los Angeles. Now working as a fixer in the shadows of the Hollywood studio system, Cliff finds himself entangled in a dangerous web of secrets, crimes and betrayals that will test everything he knows about loyalty and survival.",0.0,,Drama|Comedy|Thriller,David Fincher,Brad Pitt|Scott Caan|Elizabeth Debicki|Yahya Abdul-Mateen II|Carla Gugino,0.1027
1352624,The Mastermind,"In a sedate Massachusetts suburb circa 1970, unemployed family man and amateur art thief J.B. Mooney sets out on his first heist. With the museum cased and accomplices recruited, he has an airtight plan. Or so he thinks.",5.8,/oPaEQ3m4zHOzIAstgXCZZtzcHTL.jpg,Drama|Crime,Kelly Reichardt,Josh O'Connor|Alana Haim|Hope Davis|John Magaro|Gaby Hoffmann,-0.5267
1431071,System,"When Neha Rajvansh, a privileged public prosecutor, meets Sarika Rawat, a courtroom stenographer from a humble background, their lives are thrown into upheaval where power defines truth, blurring the system and raising a question of what justice truly means to them.",7.3,/ddSTqsxOoXs77xnKpP7XBPqiero.jpg,Thriller,Ashwiny Iyer Tiwari,Sonakshi Sinha|Jyothika|Ashutosh Gowariker|Adinath Kothare|Aashriya Mishra,0.8885
1182047,The Apprentice,"A young Donald Trump, eager to make his name as a hungry scion of a wealthy family in 1970s New York, comes under the spell of Roy Cohn, the cutthroat attorney who would help create the Donald Trump we know today. Cohn sees in Trump the perfect protégé—someone with raw ambition, a hunger for success, and a willingness to do whatever it takes to win.",6.85,/549Hdul2BgPnZMhqFxp6npp2opr.jpg,History|Drama|Comedy,Ali Abbasi,Sebastian Stan|Jeremy Strong|Martin Donovan|Maria Bakalova|Catherine McNally,0.9643
1077782,Old Guy,"Stuck at a dead end but vying for the love of spunky club manager Anata, aging contract killer Danny Dolinski is thrilled when The Company pulls him back in the field, but only to train Gen Z newcomer Wihlborg, a prodigy assassin with an attitude.",5.574,/mr46kEBqDreAeZyDxD1ZtJhLyON.jpg,Action|Comedy|Crime,Simon West,Christoph Waltz|Lucy Liu|Cooper Hoffman|Karishma Navekar|Desmond Edwards,0.1406
1629959,HELP,"An exhausted nurse slaughters what she thinks is a horrifying bloody mangled monster to survive the night, but the truth she uncovers in the aftermath is far more horrifying than any creature.",0.0,/we0vrdRIRx5mhEAvanOXnAr2Nsh.jpg,Horror,Collin Black,Erin Bechler|Chris Herring|Jim Cummings|Stephen Cormier|Mélia Lisette,-0.7992
1545953,Mayumi,"A young woman sparks her friend’s first taste of desire, setting him on a path of sexual awakening. But as emotions deepen, their connection leads to unexpected heartbreak and self-discovery.",6.7,/hFjKtAzRjFcBmudFXvTC27STVXI.jpg,Drama,Sigrid Polon,Aliya Raymundo|Marco Mora|Salome Salvi|Gboy Pablo|Maria Denice Valeda,-0.6369
11,Star Wars,Princess Leia is captured and held hostage by the evil Imperial forces in their effort to take over the galactic Empire. Venturesome Luke Skywalker and dashing captain Han Solo team together with the loveable robot duo R2-D2 and C-3PO to rescue the beautiful princess and restore peace and justice in the Empire.,8.205,/6FfCtAuVAW8XJjZ7eWeLibRLWTw.jpg,Adventure|Action|Science Fiction,George Lucas,Mark Hamill|Harrison Ford|Carrie Fisher|Peter Cushing|Alec Guinness,0.8979
1181107,The King of Kings,"Charles Dickens tells his young son Walter the greatest story ever told, and what begins as a bedtime tale becomes a life-changing journey. Through vivid imagination, the boy walks alongside Jesus, witnessing His miracles, facing His trials, and understanding His ultimate sacrifice.",8.3,/ccw7CCIAvcZV431CP7NhHAHuiHR.jpg,Adventure|Animation|Family|Fantasy,Jang Seong-ho,Oscar Isaac|Kenneth Branagh|Uma Thurman|Pierce Brosnan|Roman Griffin Davis,0.6369
1411773,The Last Stand of Ellen Cole,"When an evil contractor goes to extreme measures to evict a testy tenant who is standing in the way of his new project, he fails to take into account that this seemingly harmless old woman is a trained killer and will do anything to protect her beloved home.",7.936,/oq1pGVQ2t3Cy4v7sA4LRhNjtZuJ.jpg,Action|Adventure,Derek Lee,Lin Shaye|Liz Caribel Sierra|Craig Tate|Ty Olsson|Karan Gill,-0.6808
1688163,Hayok,"A feisty thriller about a fiercely independent woman who becomes the obsession of a contractor desperate to possess her. But when betrayal turns violent, she strikes back with a revenge that destroys his pride and control.",6.0,/i4FFY9mskUpJLnLXQwZSTn3f1Ek.jpg,Drama,Topel Lee,Apphle Celso|Stephanie Raz|Nico Locco|Chester Grecia,-0.976
744653,The Thursday Murder Club,A group of senior sleuths passionate about solving cold cases get plunged into a real-life murder mystery in this comic crime caper.,6.582,/jbnazCHr8S2l2glyvjPTpa4NbEw.jpg,Comedy|Mystery|Crime,Chris Columbus,Helen Mirren|Pierce Brosnan|Ben Kingsley|Celia Imrie|David Tennant,-0.5267
1469164,Casa Grande,"A prodigal daughter rejoins her family at their farm during a difficult time, as her ailing father faces both a terminal diagnosis and mounting pressure from competitors. Old wounds resurface as they grapple with what lies ahead.",7.7,/mE9E4nsGM91Cf4b1s6nOOdUAE9P.jpg,Drama|Western,Juan Pablo Arias Munoz,John Pyper-Ferguson|Christina Moore|Madison Lawlor|Lou Diamond Phillips|Daniel Edward Mora,-0.7579
603,The Matrix,"Set in the 22nd century, The Matrix tells the story of a computer hacker who joins a group of underground insurgents fighting the vast and powerful computers who now rule the earth.",8.25,/dXNAPwY7VrqMAo51EKhhCJfaGb5.jpg,Action|Science Fiction,Lana Wachowski,Keanu Reeves|Laurence Fishburne|Carrie-Anne Moss|Hugo Weaving|Gloria Foster,0.0772
1266798,Dog 51,"In the near future, Paris is divided into three zones that separate social classes, and no one can escape ALMA, a predictive AI that has revolutionized law enforcement. When ALMA’s creator is assassinated, Salia, a top agent, and Zem, a jaded cop, are forced to work together to solve a murder that may expose the dark secrets of the system they serve.",6.118,/olMvhbCRuhTbf6EMKxKGHi2on3L.jpg,Thriller|Science Fiction|Action,Cédric Jimenez,Gilles Lellouche|Adèle Exarchopoulos|Louis Garrel|Romain Duris|Valeria Bruni Tedeschi,-0.8689
863,Toy Story 2,"Andy heads off to Cowboy Camp, leaving his toys to their own devices. Things shift into high gear when an obsessive toy collector named Al McWhiggen, owner of Al's Toy Barn kidnaps Woody. Andy's toys mount a daring rescue mission, Buzz Lightyear meets his match and Woody has to decide where he and his heart truly belong.",7.614,/4rbcp3ng8n1MKHjpeqW0L7Fnpzz.jpg,Animation|Comedy|Family,John Lasseter,Tom Hanks|Tim Allen|Joan Cusack|Kelsey Grammer|Don Rickles,0.7783
1426083,Escobank,"A ragtag group of misfits, veterans and ex-cons embark on a perilous journey in the jungles of Colombia to find the buried barrels of cash left behind by legendary drug kingpin Pablo Escobar before his downfall.",5.6,/5G0pPDxAKWgQy24NHBGl8LYPxIH.jpg,Action|War,Orit Liba,Zohar Liba|Dana Frider|Angel Bonanni|George Iskandar|Rodrigo Poisón,0.0
1418582,Here The Whole Time,"An insecure teenager's vacation plans are ruined by an unexpected visitor: his neighbor and school crush who will spend two weeks sleeping at his house. The days that promised peace, tranquility and epic series marathons end up bringing a whirlwind of feelings and unresolved issues.",8.333,/pvtRVMKF4efPjD07Aq5sBuPFhSj.jpg,Comedy|Romance,Daniel Lieff,Miguel Lallo|Diego Lira|Débora Falabella|Mika Soeiro|Isabella Moreira,0.3182
1322532,Cek Khodam,"Nowadays, people are more afraid of empty wallets, late payments, and the end of the month than ghosts. Ghosts are even used as entertainment through the content Cek Khodam (Hodgkin's Check) created by three friends, Sakti, Wira, and Bima. Unbeknownst to them, their actions have drastically reduced the Human Fear Score (AKM). To restore the dignity of the supernatural world and raise the human fear score, the Commander of the Khodam is tasked with descending directly into the human world. However, the mission does not go according to plan. The harder the khodam try to scare humans, the more chaos they create.",0.0,/o2aUDzJxXJOGxfCyKF6oawHBf2d.jpg,Comedy|Horror,Jeropoint,Jirayut Afisan|Saputra Kori|Benidictus Siregar|Rowiena Umboh|Angie Williams,-0.3597
936245,Hidden Face,"Su-yeon, a cellist in an orchestra led by her fiancé and conductor Sung-jin, disappears one day, leaving behind only a video recording. Sung-jin is devasted over the loss of Su-yeon, but feels a strong attraction to Mi-ju, a cellist who fills in for his fiancée. Then one rainy night, Sung-jin and Mi-ju get swept away by their mutual desires for each other and commit an unforgivable act at Su-yeon's house.",5.127,/slRaAeEWbU8gM834X10qNhBhVIv.jpg,Mystery|Thriller,Kim Dae-woo,Song Seung-heon|Cho Yeo-jeong|Park Ji-hyun|Park Ji-young|Park Seong-geun,0.8573
1290879,The Woman in Cabin 10,"On a lavish yacht for an assignment, a journalist sees a passenger go overboard. But when no one believes her, she risks her life to uncover the truth.",6.187,/4kpdyePOlcELQQJcxXPF5GB1Adw.jpg,Mystery|Thriller|Crime,Simon Stone,Keira Knightley|Guy Pearce|David Ajala|Gitte Witt|Art Malik,-0.3612
863873,Caddo Lake,"When an 8-year-old girl mysteriously vanishes on Caddo Lake, a series of past deaths and disappearances begin to link together, forever altering a broken family’s history.",7.233,/r1h1YltM7bwzlWE330izIgQSwkj.jpg,Mystery|Science Fiction|Thriller,Celine Held,Dylan O'Brien|Eliza Scanlen|Caroline Falk|Lauren Ambrose|Sam Hennings,-0.4767
1465751,She Dances,"A father and his distant teenage daughter road-trip to a dance competition, confronting their shared grief over a family tragedy.",3.2,/i2cNnJg1pkez7b4B1DUAjUdJ1FD.jpg,Comedy|Drama,Rick Gomez,Steve Zahn|Audrey Zahn|Ethan Hawke|Mackenzie Ziegler|Sonequa Martin-Green,-0.7783
1433087,Love on Trial,"Mai, a rising J-Pop idol, is finally about to have her big break when she unexpectedly falls in love. But in a treacherous industry where young singers must maintain an image of flawless purity, love is forbidden. When her relationship is exposed, Mai's agency takes drastic action, dragging the couple to court over the ""no love"" clause in her contract, throwing her life into chaos.",5.8,/lK4uMp2IVTJELt5BLBvq3wR8JrM.jpg,Drama|Music|Romance,Koji Fukada,Kyoko Saito|Yuki Kura|Yuna Nakamura|Miyu Ogawa|Mitsuki Imamura,0.8248
1465751,She Dances,"A father and his distant teenage daughter road-trip to a dance competition, confronting their shared grief over a family tragedy.",3.2,/i2cNnJg1pkez7b4B1DUAjUdJ1FD.jpg,Comedy|Drama,Rick Gomez,Steve Zahn|Audrey Zahn|Ethan Hawke|Mackenzie Ziegler|Sonequa Martin-Green,-0.7783
1433087,Love on Trial,"Mai, a rising J-Pop idol, is finally about to have her big break when she unexpectedly falls in love. But in a treacherous industry where young singers must maintain an image of flawless purity, love is forbidden. When her relationship is exposed, Mai's agency takes drastic action, dragging the couple to court over the ""no love"" clause in her contract, throwing her life into chaos.",5.8,/lK4uMp2IVTJELt5BLBvq3wR8JrM.jpg,Drama|Music|Romance,Koji Fukada,Kyoko Saito|Yuki Kura|Yuna Nakamura|Miyu Ogawa|Mitsuki Imamura,0.8248
1339435,At the Place of Ghosts,"Haunted by the past, siblings Mise’l and Antle are destined to reunite and join forces against a dark spirit that emerges from their shared childhood. Once inseparable, their fractured relationship set by years of silence and a violent episode rooted in homophobia, is tested as they must return to Sk+te’kmujue’kati (the Place of Ghosts) a forest steeped in ancestral memory where time bends. What initiates from trauma soon transforms into an odyssey of healing, as Mise’l and Antle confront their caretaker’s cruelty, the weight of family secrets, and their own deepest fears.",6.0,/lozVkhb2ShU9TTUOvymhYEaQx4d.jpg,Fantasy|Thriller,Bretten Hannam,Blake Alec Miranda|Tanchay Redvers|Forrest Goodluck|Brandon Oakes|Glen Gould,-0.9169
1106739,Juror #2,"While serving as a juror in a high profile murder trial, family man Justin Kemp finds himself struggling with a serious moral dilemma…one he could use to sway the jury verdict and potentially convict—or free—the accused killer.",6.893,/ugQkpGajKFQ8eyOEhGheR0HfWQ.jpg,Drama|Thriller,Clint Eastwood,Nicholas Hoult|Toni Collette|J.K. Simmons|Chris Messina|Gabriel Basso,-0.9287
1669055,Barurot 2,"She is a call center agent turns to selling her body to save enough money to work abroad and change her destiny. Until Rap, a tricycle driver makes a difference in her life.",4.5,/beAI26xV7zOMJvJ7UWZt9wtyzkX.jpg,Drama,Roman Perez Jr.,Margaret Diaz|Aerol Carmelo|JC Tan|Shanon Tampon|Dara Lima,0.4939
1509599,Gatta Kusthi 2,"Picks up after the first film, with Veera and Keerthi balancing parenthood and Keerthi's wrestling career, featuring a role reversal where Veera takes on more domestic responsibilities.",0.0,/5U8MWIk9XZ60NALyOTpyX7vXIR7.jpg,Comedy|Drama,Chella Ayyavu,Aishwarya Lekshmi|Vishnu Vishal|Ramya Krishnan|Karunas|Munishkanth,0.0
1359694,A Family,"Caught in the crossfire of their parents’ divorce, Nina and Eli are torn between loyalty, anger and a longing to be seen. Through their mirrored perspectives the same story unfolds, revealing how love can fracture and still find its way.",7.0,/8BPinswmIZTwoSLLRAEhoc0EooH.jpg,Drama,Mees Peijnenburg,Carice van Houten|Pieter Embrechts|Finn Vogels|Celeste Holsheimer|Livia Lamers,0.4404
1612526,Amor Fati,,5.0,/czZX0DfdkQ1ZiIyVB65dEMo97NL.jpg,Comedy,Unknown,Kim Kyung-Jin|Sin Sang-im|Jang Tae-gyeom|Kim Do-yeon|Jeon Beom-joon,0.0
1564449,Beneath the Light,A man with a haunted past takes a job repairing an abandoned lighthouse that's only reachable by boat. His feelings of isolation and uneasiness grow as he starts to see the strange apparition of a young girl that he somehow recognizes.,6.071,/asqClWSo9J9h9q9u5aEFxoKj454.jpg,Horror|Thriller,John Baumgartner,Zach Tinker|John Pyper-Ferguson|Ana Nicolle Chavez|Kieran Sitawi,-0.9042
1362262,CAMP,"Emily is the cause of two tragedies early in her life; her dad suggests she go to a Camp for troubled youth to ease her guilt. When Emily arrives, she is taken in by the other counsellors; they accept her as she is and wrap her in a veil of peace & forgiveness. Emily stands at the forefront of a new kind of life, but there’s a voice out there in the woods she can’t ignore, telling Emily to go home.",0.0,/pQrlFAiakpphxCrR5lmHT3GR7Td.jpg,Horror|Fantasy|Drama,Avalon Fast,Zola Grimmer|Alice Wordsworth|Cherry Moore|Ella Reece|Lea Rose Sebastianis,-0.34
1439112,Muzzle: City of Wolves,"LAPD officer Jake Rosser endeavors to lead a peaceful life with his family and retired K-9 officer, Socks. However, tranquility dissolves into chaos when a gang targets them in a brutal attack. Alongside his new K-9 partner Argos, Jake launches into a relentless pursuit of justice, determined to protect his loved ones.",6.629,/8qTMRmC07XCGidnKQFLbRM3FoDU.jpg,Action|Thriller|Mystery,John Stalberg Jr.,Aaron Eckhart|Tanya van Graan|Karl Thaning|Nicole Fortuin|Adrian Collins,0.765
1556783,TN 2026,"Set in Pollachi, the story follows a powerful landlord, Sivalingam Mandradiyar, who becomes obsessed with a rising actor, Kukanth Kumar, believing he is the next M.G.R. He pours his wealth into shaping the actor's career and political future. But as ambition and fame grow, so does the risk of downfall. Will it lead to power or ruin?",0.0,/mAX1ujOROXtKsOuIg5MbJbotOyD.jpg,Comedy|Drama,Umapathy Ramaiah,Natarajan Subramaniam|Thambi Ramaiah|M. S. Bhaskar|Ilavarasu|Shrita Rao,-0.4109
929204,Wallace & Gromit: Vengeance Most Fowl,"Gromit’s concern that Wallace is becoming too dependent on his inventions proves justified, when Wallace invents a “smart” gnome that seems to develop a mind of its own. When it emerges that a vengeful figure from the past might be masterminding things, it falls to Gromit to battle sinister forces and save his master… or Wallace may never be able to invent again!",7.449,/jUWFSBxTOiCinPdTOh3IDUXVemZ.jpg,Animation|Adventure|Comedy|Science Fiction|Family,Nick Park,Ben Whitehead|Peter Kay|Lauren Patel|Reece Shearsmith|Diane Morgan,-0.2244
1212271,Eleanor the Great,"94-year-old Eleanor Morgenstein tries to rebuild her life after the death of her best friend. As a result, she moves back to New York City after living in Florida for decades.",6.923,/9XTM42IJST6lwPxtK2iUwNaFvCT.jpg,Drama,Scarlett Johansson,June Squibb|Erin Kellyman|Chiwetel Ejiofor|Jessica Hecht|Rita Zohar,0.5423
1387139,Empire of Lies,"When a mysterious young woman comes to interview a paranoid man living in rural isolation, he is forced to confront his part in his daughter's murder.",6.6,/2uAFDuOCv6jjbRolZQDnVsbjU8n.jpg,Drama|Thriller,Matthew Hope,Joseph Millson|Natalie Spence,-0.9201
891621,Wild Horse Nine,"Shortly before the 1973 Chilean coup, CIA agents Chris and Lee are dispatched from Santiago to Easter Island by their bureau chief, MJ. Amongst the Island's iconic statues, and as the longtime partners wrestle with their dark pasts and present conspiracies, Chris's newfound bond with a pair of rebellious students threatens to send everyone’s trip to this remote paradise sideways.",0.0,/dNJFRtVg3xLQ7dbNIQ55cmmIniD.jpg,Comedy|Crime|Thriller,Martin McDonagh,John Malkovich|Sam Rockwell|Steve Buscemi|Parker Posey|Tom Waits,0.1027
1107216,Pets on a Train,"When a train unexpectedly starts up, taking only pets with it, the animals discover that Hans, a badger with a grudge is behind it all. While the crash seems inevitable, the animals can count on Falcon, a roguish Raccoon who will do anything to save them.",7.095,/b10qy1KwrfmH0MGS2rBUJ0BxgYB.jpg,Animation|Comedy|Adventure|Thriller|Family,Jean-Christian Tassy,Damien Ferrette|Hervé Jolly|Kaycie Chase|Frantz Confiac|Emmanuel Garijo,0.128
1633264,Louis Theroux: Inside the Manosphere,"With rare access and no holds barred, the acclaimed documentarian investigates a growing ultra-masculine network and its controversial influencers.",6.599,/ouOvRvsgF37yEx3D6ZLWyuxZFjE.jpg,Documentary,Adrian Choa,Louis Theroux|HSTikkyTokky|Myron Gaines|Sneako|Justin Waller,-0.3182
1195803,Wicker,"An outcast in a fishing village commissions a husband for herself made out of wicker from the local basketmaker, but her unexpected romance with the intricate creation sparks jealousy and threatens the village's social order.",0.0,/fnPQ6fsQ4VHJrgu3ATd8s13wezj.jpg,Romance|Fantasy|Drama,Eleanor Wilson,Olivia Colman|Alexander Skarsgård|Peter Dinklage|Elizabeth Debicki|Marli Siu,0.4767
1561687,Made in Korea,A woman from a small town in Tamil Nadu moves to South Korea — a place she always dreamed of — but struggles to find her footing in a foreign land.,7.314,/n6gCKjagOFsU4arFngUq2QqR1jv.jpg,Drama,Ra. Karthik,Priyanka Arul Mohan|Rishikanth|Park Hye-jin|Baek Si-hun|Jang Jae-hyeon,-0.5023
1505252,Final Destination 7,The seventh installment in the Final Destination franchise. Plot TBA.,0.0,/pSyFYidTEa9mCyfXy5EWaPK9IxV.jpg,Horror|Mystery,Michiel Blanchart,,0.0
1428862,Firebreak,"Little Lide disappears in the forest while her family packs up their home. As a fire breaks out, her mother must race to reach her before the flames do.",6.3,/okbpjIlAspXYfkllAqjMRtWgoDj.jpg,Thriller|Drama,David Victori,Belén Cuesta|Enric Auquer|Candela Martínez|Joaquín Furriel|Diana Gómez,-0.5302
1717742,Declarations: Black Americans and the Revolutionary War,"When the Declaration of Independence was signed 250 years ago, the Founders – many of whom were slaveholders – declared: “all men are created equal.” As their aspirational words and ideals of freedom were signed into existence and spread throughout the colonies, Black people recognized that these ideas included them. DECLARATIONS: BLACK AMERICANS AND THE REVOLUTIONARY WAR examines how they fought for these tenets of democracy for themselves, their families, and their communities. The film features insights from historians and scholars including Leslie Alexander, Danielle Allen, Edward Ayers, Christopher L. Brown, Woody Holton, and others.",0.0,/t6LArRv7hvUy7FZQJB64evVqeR9.jpg,Documentary,Stacey L. Holman,,0.0173
979660,Freaky Tales,"In 1987 Oakland, a mysterious force guides The Town's underdogs in four interconnected tales: teen punks defend their turf against Nazi skinheads, a rap duo battles for hip-hop immortality, a weary henchman gets a shot at redemption, and an NBA All-Star settles the score.",6.257,/lo5mfglsGeMYmAkSRXs9DATNJxk.jpg,Action|Crime|Comedy,Anna Boden,Jay Ellis|Pedro Pascal|Ben Mendelsohn|Normani|Dominique Thorne,-0.5719
1032892,In the Blink of an Eye,"Three storylines, spanning thousands of years, intersect and reflect on hope, connection, and the circle of life.",5.682,/4vWqIdoBavo1htxmxlScDniOS9C.jpg,Science Fiction|Drama,Andrew Stanton,Kate McKinnon|Rashida Jones|Daveed Diggs|Jorge Vargas|Tanaya Beatty,0.4404
1665399,Mother Mary,"A shadow puppet music video for the song by Sally Baby's Silver Dollars, blending Creole jazz, spiritual folk imagery, and hand-cut animation.",0.0,/jJBivk69CwY9FiFFbngygQWUTSe.jpg,Music,Playdoh Kolo,,0.0
1395140,LUPIN THE IIIRD: The Movie - The Immortal Bloodline,"After fending off a series of skilled assassins, gentleman thief Lupin III and his band of allies follow a strange invitation to an uncharted island. When their plane is shot down, the gang is stranded and soon hunted by the island’s inhabitants, past enemies, and a monstrous immortal being known as Muom, who threatens to destroy Lupin's legacy. As a deadly toxic fog settles over them, Lupin must confront his greatest enemy in his most daring escapade yet.",7.8,/f0hYxuXhvQwuqLvv8zk9cuAiHnA.jpg,Animation|Action|Crime,Takeshi Koike,Kanichi Kurita|Akio Otsuka|Daisuke Namikawa|Miyuki Sawashiro|Koichi Yamadera,-0.866
1276704,53 Sundays,"When three siblings agree to meet and discuss their aging father's future, their reunion spirals into bickering, bantering and reliving old grudges.",5.873,/olk6MkfHFWEpWmhQn6Mb4jNqspm.jpg,Comedy|Drama,Cesc Gay,Javier Cámara|Carmen Machi|Javier Gutiérrez|Alexandra Jiménez|Ricardo Lacámara,0.3612
1472636,A Beautiful Day,"Tommaso, a single father of four, has shut himself off from the world. When his daughters push him to start over, he meets Lara — a brilliant, captivating woman. But both carry secrets that could change everything.",5.98,/yhUWRael6f2dprS0OCbFSMp53tE.jpg,Comedy,Fabio De Luigi,Fabio De Luigi|Virginia Raffaele|Maria Gifuni|Alma Giardina|Anita Marzi,0.34
1397364,La Grazia,"As his tenure as President of Italy nears its end, Mariano De Santis faces wrenching decisions-both political and deeply personal. Amid these moral quandaries, he must confront his own conscience and seek guidance from those closest to him, including his confidante and daughter, Dorotea.",7.345,/lnPGzi7BNc17WtxXso16CjNjT5K.jpg,Drama,Paolo Sorrentino,Toni Servillo|Anna Ferzetti|Massimo Venturiello|Milvia Marigliano|Orlando Cinque,-0.1779
1700285,Double Edge,,0.0,/sljkeOYXwZ366fqyAhrFEYaNCas.jpg,Drama|Mystery,Unknown,Yuji Oda|Karin Ono|Kenjiro Tsuda|Rio Asumi|Yoshihiko Hosoda,0.0
1462229,Pegasus 3,"Bearing the glory of being the 'King of Bayanbulak', Zhang Chi once again embarks on his racing journey, aiming not only to win the race but also to achieve something beyond the competition itself.",7.154,/7lA564Na4uofXpfqRUnVQdSa2bg.jpg,Drama|Comedy,Han Han,Shen Teng|Yin Zheng|Johnny Huang|Zhang Benyu|Wei Xiang,0.0552
1383154,The Eyes,"Seo-jin, a renowned photographer, is shattered by the sudden and mysterious death of her twin sister and sets out to uncover the truth. As her investigation deepens, an unseen presence begins to close in, twisting reality and driving her into a spiral of paranoia as her vision fades away. Now trapped in encroaching darkness, Seo-jin faces a terrifying revelation that shatters everything she thought she knew.",7.0,/bPTi6XfB30kjm06WwA1Nclms4iJ.jpg,Thriller,Yeom Ji-ho,Shin Min-a|Kim Nam-hee|Kim Young-ah|Lee Seung-ryong,-0.93
1285965,Dangerous Animals,"A savvy and free-spirited surfer is abducted by a shark-obsessed serial killer. Held captive on his boat, she must figure out how to escape before he carries out a ritualistic feeding to the sharks below.",6.479,/9tk3Si960hg4E49eMt81dS7Qe9Z.jpg,Horror|Thriller,Sean Byrne,Hassie Harrison|Jai Courtney|Josh Heuston|Rob Carlton|Ella Newton,-0.7845
1153576,Street Fighter,"In 1993, estranged Street Fighters Ryu and Ken Masters are thrown back into combat when the mysterious Chun-Li recruits them for the next World Warrior Tournament: a brutal clash of fists, fate, and fury. But behind this battle royale lies a deadly conspiracy that forces them to face off against each other and the demons of their past. And if they don't, it's GAME OVER!",0.0,/wOnoOeDcsLSo72ON1UC6c1VHKk1.jpg,Action|Comedy|Fantasy,Kitao Sakurai,Noah Centineo|Andrew Koji|Callina Liang|Joe Anoa'i|David Dastmalchian,-0.9601
1278853,Woodwalkers 2,"For shapeshifter Carag and his friends Brandon, Holly, and Lou, a new school year begins at Clearwater High. But first, the Woodwalker Council must decide whether Carag's mentor and patron of the school, Andrew Milling, is guilty of attacking humans. Carag is in a dilemma: he wants to put a stop to Milling's actions, but Milling promises to take him to his true puma family if he covers for him before the council.",6.8,/9WrGxlyXnoV0ecLiA76wNaga8pK.jpg,Fantasy|Family|Adventure,Sven Unterwaldt,Emile Chérif|Lilli Falk|Johan von Ehrlich|Sophie Lelenta|Olivia Sinclair,-0.5267
755898,War of the Worlds,"Will Radford is a top analyst for Homeland Security who tracks potential threats through a mass surveillance program, until one day an attack by an unknown entity leads him to question whether the government is hiding something from him... and from the rest of the world.",4.105,/yvirUYrva23IudARHn3mMGVxWqM.jpg,Science Fiction|Thriller,Rich Lee,Ice Cube|Eva Longoria|Clark Gregg|Iman Benson|Henry Hunter Hall,-0.5994
1511417,Bāhubali: The Epic,"When a mysterious child is found by a tribal couple near a roaring waterfall, they raise him as their own. As he grows, Sivudu is drawn to the world beyond the cliffs, where he discovers the ancient kingdom of Mahishmati, ruled by a cruel tyrant, haunted by rebellion, and bound to his past. What begins as a quest for love soon unravels a legacy of betrayal, sacrifice, and a forgotten prince.",6.2,/z9YIo2qscyaXYgRqIdRJtND3bw8.jpg,Action|Drama,S. S. Rajamouli,Prabhas|Rana Daggubati|Anushka Shetty|Ramya Krishnan|Sathyaraj,-0.836
1460837,Un petit air de bonheur,,0.0,/AdT8iPiAlqch8RS5nyj7SjHjfWK.jpg,Drama,Jacques Santamaria,Pierre Arditi|Laurent Gerra|Guillaume Carcaud|Marguerite Dabrin|Cassiopée Mayance,0.0
1515615,Kissing Is the Easy Part,Sean's gunning for MIT. Flora's ditching the SAT. A secret deal with her tenured parents sparks a romance that challenges everything they believe in.,7.638,/gPxlb7LLqbsKgjltgVrgYdhfxCZ.jpg,Romance|Comedy,Fawzia Mirza,Asher Angel|Paris Berelc|Jennifer Robertson|Tom Keat|Rosalie Turmel,0.5994
1360829,VIRGIN PUNK Clockwork Girl,"In an unforgiving world, Ubu Kamigori hunts criminals as a bounty hunter. But one day, waiting in her home is the man she shares a sordid history with—Mr. Elegance. And so, her destiny begins to unravel.",7.935,/2Dn39hUknCFPcgNBk1YBeGdCDGx.jpg,Animation|Action|Science Fiction,Yasuomi Umetsu,Saki Miyashita|Katsuyuki Konishi|Taku Yashiro|Rui Tanabe|Norio Wakamoto,0.6808
1114513,Speak No Evil,"When an American family is invited to spend the weekend at the idyllic country estate of a charming British family they befriended on vacation, what begins as a dream holiday soon warps into a snarled psychological nightmare.",7.118,/dA4N6uWOnEMgbxXwFX7qX7adzs8.jpg,Horror|Thriller,James Watkins,James McAvoy|Mackenzie Davis|Scoot McNairy|Aisling Franciosi|Alix West Lefler,0.8176
1365928,Teaching Practice: Idiot Girls and School Ghost 2,Student teacher Kang Eun-kyung encounters a group of girls in a black magic club who are topping the national mock exams.,6.0,/9WTnGRB9oE5zxtlxyAAH82anXej.jpg,Horror|Comedy,Kim Min-ha,Han Seon-hwa|Hong Ye-ji|Yeoreum|Lee Hwa-won|Yoo Seon-ho,-0.4215
1719751,Strange Tales of Huangquan Village,"Director Wang Jian visits a desolate village at night and learns from an old woman, who has been guarding the ancient village for decades, about a massacre caused by greed: After the villain Hu Rencheng struck a gold vein, poisoned his benefactors, sexually assaulted a young girl, and drowned the witnesses in the lake, he was eliminated by his senior, Uncle De, at the cost of Uncle De's life. Uncle De blocked the spring with his body, and the lake water became clear again. The old woman telling the story is Uncle De's young apprentice who swore to guard this place back then—what goes around comes around, and the guardianship never ceases.",0.0,/fVgmzZGdAcjoMWkGLNgBMBqZS0a.jpg,Horror|Drama,Wang Jianchuang,Fu Tianjun|Yang Naiqing|何海霞,-0.9538
1654429,Crush The Wicked,A detective and a vengeful survivor hunt a fugitive serial killer who resurfaces to commit one last desperate crime.,0.0,/o4Bq8KtU9hNdxPQOQFlgOC82HRp.jpg,Action|Crime,Cheng Siyi,Pan Binlong|Bao Bei'er|Zhao Runnan|Clara Lee|Zhou Dayong,-0.7506
1464374,The Tigers,"Antonio and Estrella are diving siblings. He works in maritime works, she studies underwater life and assists him. Its precarious economy could improve after finding cocaine hidden in the hull of a ship anchored in Huelva.",6.1,/5X4VLfrBSvHas5VnzivaLl7PoFM.jpg,Thriller|Crime,Alberto Rodríguez,Antonio de la Torre|Bárbara Lennie|Joaquín Núñez|Jesús del Moral|César Vicente,0.4939
1326891,Ananthan Kaadu,"This is a tale, which almost became a true story. It unfolds in the late Eighties and early Nineties, when the country was going through a dark phase both politically and socially a time when turmoil was writ all over the political scape of the nation.",4.0,/a8Ut1fkbqvolWfEIl8Voa1oUsDG.jpg,Action|Thriller,Jiyen Krishnakumar,Arya|Nikhila Vimal|Regina Cassandra|Vijayaraghavan|Achyuth Kumar,0.0056
777443,The Electric State,"An orphaned teen hits the road with a mysterious robot to find her long-lost brother, teaming up with a smuggler and his wisecracking sidekick.",6.493,/sI2NiMU8o65hmIMY0JI9CjJ0p7f.jpg,Action|Adventure|Science Fiction,Joe Russo,Millie Bobby Brown|Chris Pratt|Ke Huy Quan|Jason Alexander|Woody Norman,-0.5719
704239,The Union,A New Jersey construction worker goes from regular guy to aspiring spy when his long-lost high school sweetheart recruits him for an espionage mission.,6.06,/d9CTnTHip1RbVi2OQbA2LJJQAGI.jpg,Action|Comedy,Julian Farino,Mark Wahlberg|Halle Berry|J.K. Simmons|Mike Colter|Adewale Akinnuoye-Agbaje,0.6486
1241436,Warfare,"A platoon of Navy SEALs embarks on a dangerous mission in Ramadi, Iraq, with the chaos and brotherhood of war retold through their memories of the event.",7.085,/l39TlELomwysfsr37vrvCV6rmaQ.jpg,War|Action,Ray Mendoza,D'Pharaoh Woon-A-Tai|Will Poulter|Cosmo Jarvis|Kit Connor|Finn Bennett,-0.8934
1339334,Muffled,"Ten years after their friend disappeared, two aspiring true-crime documentarians return home to investigate, only to find themselves pulled into internet folklore, the occult, and nightmarish consequences.",0.0,/9svuX2ytovQ5fjKR5faqk0ODji6.jpg,Horror|Comedy|Thriller,Stephen McNamee,Katya Martín|Catharine Daddario|Sydney Malakeh|Chris Gray|Louisa Erlich,0.3182
1383247,Agent Zero,"When police officer Ilias is shot and left in a coma, Alma must reconnect with her former identity as Badh, a ruthless intelligence operative and skilled assassin. She brutally eliminates members of the Khoury family one by one, unleashing the fury of their leader Mansour, only to discover that Mansour is working with Joana, her former secret service unit officer.",5.622,/diDNHFfccBZxw0CmQoVQkSuJIri.jpg,Action|Thriller,Guillaume de Fontenay,Marine Vacth|Emmanuelle Bercot|Grégoire Colin|Stanislas Merhar|Niels Schneider,-0.6808
1098006,Fountain of Youth,"A treasure-hunting mastermind assembles a team for a life-changing adventure. But to outwit and outrun threats at every turn, he'll need someone even smarter than he is: his estranged sister.",6.26,/4iWjGghUj2uyHo2Hyw8NFBvsNGm.jpg,Adventure|Fantasy|Mystery,Guy Ritchie,John Krasinski|Natalie Portman|Eiza González|Domhnall Gleeson|Arian Moayed,0.2382
1284120,The Ugly Stepsister,"In a fairy-tale kingdom where beauty is a brutal business, Elvira battles to compete with her incredibly beautiful stepsister, Agnes, and she will go to any length to catch the Prince’s eye.",7.315,/rayAREIKtSinuov10GvrZHyXfXH.jpg,Horror|Comedy|Drama,Emilie Blichfeldt,Lea Myren|Ane Dahl Torp|Thea Sofie Loch Næss|Flo Fagerli|Isac Calmroth,0.3167
1032823,Trap,"A father and teen daughter attend a pop concert, where they realize they're at the center of a dark and sinister event.",6.237,/jwoaKYVqPgYemFpaANL941EF94R.jpg,Crime|Horror|Thriller,M. Night Shyamalan,Josh Hartnett|Ariel Donoghue|Saleka Night Shyamalan|Alison Pill|Hayley Mills,-0.5994
1275108,Vares X,"Vares gets a desperate phone call from his friend Kyypakkaus, who needs rescuing. While Vares rescues his friend, the daughter of a private detective's stepfamily is kidnapped. Vares is forced to play for higher stakes than ever before. Events become intertwined with a mysterious sex cult and an underworld showdown. Who can Jussi Vares finally save?",4.8,/eTeGuzdEi24k2W043NQaECfseDE.jpg,Crime|Drama,Tuukka Temonen,Leo Sjöman|Jasper Pääkkönen|Sara Soulié|Mikko Kouki|Mikko Töyssy,0.8402
1516698,The Last Sunrise,"A young American woman with health challenges finds unexpected romance with a charismatic local during her summer in Majorca, forcing her to weigh her heart's desires against family obligations and her planned return home.",0.0,/f8r9owi7TBLHwGMqwWjmPJSFG0J.jpg,Romance|Drama,Carlson Young,Eva Longoria|Maia Reficco|Fernando Lindez|Chloe Sweetlove|Andrés Velencoso,0.5994
299536,Avengers: Infinity War,"As the Avengers and their allies have continued to protect the world from threats too large for any one hero to handle, a new danger has emerged from the cosmic shadows: Thanos. A despot of intergalactic infamy, his goal is to collect all six Infinity Stones, artifacts of unimaginable power, and use them to inflict his twisted will on all of reality. Everything the Avengers have fought for has led up to this moment - the fate of Earth and existence itself has never been more uncertain.",8.2,/7WsyChQLEftFiDOVTGkv3hFpyyt.jpg,Adventure|Action|Science Fiction,Joe Russo,Robert Downey Jr.|Chris Evans|Chris Hemsworth|Josh Brolin|Mark Ruffalo,-0.0503
1331349,Two Pianos,"Returning to France after a long exile, pianist Mathias Vogler reunites with his mentor, Elena, to prepare a concert. In a park, an encounter with a child who looks just like him will lead him to Claude, the woman he once loved.",5.069,/Z27IprXzNVTZobPXW54QHlLyIf.jpg,Drama|Romance|Music,Arnaud Desplechin,François Civil|Nadia Tereszkiewicz|Charlotte Rampling|Hippolyte Girardot|Alba Gaïa Bellugi,0.7506
1671541,The Three Kingdoms Part 1: The Battle for Luoyang,,0.0,/vsDiLRTjXmK75PXG2jPn575yCnj.jpg,Animation|History,Xie Junwei,Kai Wang|Wei Chao|万昊|Li Nan|Chang Wentao,0.0
1000155,Only Rebels Win,"Suzanne and Osmane meet in crisis-ridden Beirut. Osmane is a young Sudanese man without papers, searching for a better future; Suzanne is a widow with Palestinian roots more than twice his age. Against all odds, they fall in love.",7.0,/8Pq8lUxNgDhlMl7fsYGDgM5Hlxu.jpg,Drama,Danielle Arbid,Hiam Abbass|Mahamat Amine Benrachid|Shaden Fakih|Charbel Kamel|Alexandre Paulikevitch,0.7964
1613650,El fantasma de mi mujer,"Fernando's perfect life with wife María and mistress Julia shatters when Julia claims she accidentally killed María. After reporting María missing, Fernando receives a call from her - and his nightmare begins.",4.7,/c2eVAJ8wMtk8bRGiEAPQH3id8nq.jpg,Comedy,María Ripoll,Javier Rey|Loreto Mauleón|María Hervás|Marco Cáceres|Leander Vyvey,-0.6597
10281,Friday the 13th Part VII - The New Blood,"Tina Shepard, a telekinetic teenage girl, accidentally unchains Jason from his watery grave, allowing him to go on another killing spree in the area.",5.48,/rUzk9Qnyz2FZGxHMBrq6DYIQZkO.jpg,Horror|Thriller,John Carl Buechler,Lar Park Lincoln|Kane Hodder|Terry Kiser|Kevin Spirtas|Susan Jennifer Sullivan,-0.8555
1477104,Shaun the Sheep: The Beast of Mossy Bottom,"The residents of Mossy Bottom Farm looking forward to Halloween – until the clumsy Farmer trashes the flock’s beloved pumpkin patch! When Shaun turns mad scientist to fix the problem, things rapidly spiral out of control. With the Farmer missing and a wild beast roaming the woods of Mossingham, all the ingredients are in place for a monstrously fun family adventure.",0.0,/mMOptSPBVGUA9GHgnpsC35GzZ7e.jpg,Family|Comedy|Adventure|Animation,Steve Cox,Justin Fletcher|John Sparkes|Kate Harbour,0.2714
1720717,洺河往事,,0.0,/ubf5nIj2lO08QEVfAw3QwgmOFa0.jpg,Drama,Unknown,Fang Xiaoli|Wu Chunyi|Zheng Tuojiang,0.0
1406652,Audition 109,"A young man from Busan moves to Seoul to become an actor, only to find himself struggling to make ends meet. Lines get tangled, his Seoul accent gets worse, and even love doesn't go his way.",5.5,/3V0kufGadfF30QPnSBfknVd9HP8.jpg,Comedy|Drama,Jung Woo,Jung Woo|Krystal Jung|Shin Seung-ho|Jo Beom-gyu|Hyun Bong-sik,-0.1779
111,Scarface,"After getting a green card in exchange for assassinating a Cuban government official, Tony Montana stakes a claim on the drug trade in Miami. Viciously murdering anyone who stands in his way, Tony eventually becomes the biggest drug lord in the state, controlling nearly all the cocaine that comes through Miami. But increased pressure from the police, wars with Colombian drug cartels and his own drug-fueled paranoia serve to fuel the flames of his eventual downfall.",8.2,/iQ5ztdjvteGeboxtmRdXEChJOHh.jpg,Action|Crime|Drama,Brian De Palma,Al Pacino|Steven Bauer|Michelle Pfeiffer|Mary Elizabeth Mastrantonio|Robert Loggia,-0.8968
1517606,Notte prima degli esami 3.0,"On the eve of their final exams, a group of Roman high school students find themselves experiencing their last great adventure together: secret loves, betrayals, tested friendships, and desperate plans to deceive the school's most feared teacher.",7.042,/akMWdGoPmiBNBTCX3WpMLr8q2u3.jpg,Comedy,Tommaso Renzoni,Tommaso Cassissa|Sabrina Ferilli|Adriano Moretti|Alice Lupparelli|Alice Maselli,0.6378
1542877,Assassination Classroom the Movie: Our Time,"United by a common mission to eliminate their teacher, Koro-sensei, an alien creature with phenomenal strength, join Nagisa and his Class 3-E classmates in brand-new adventures.",7.1,/sCcNuUI1RA9bMunxAdt7KRypFbP.jpg,Animation|Comedy|Action|Science Fiction,Masaki Kitamura,Jun Fukuyama|Tomokazu Sugita|Shizuka Itoh|Mai Fuchigami|Nobuhiko Okamoto,0.8625
1157322,Franz,"Conceived as a kaleidoscopic mosaic, the film follows the imprint Franz Kafka left on the world from his birth in 19th-century Prague to his death in post-WW1 Vienna.",6.2,/cCRBkb1U9eKz1DYa4UMGZBSkcjC.jpg,Drama|History,Agnieszka Holland,Idan Weiss|Peter Kurth|Katharina Stark|Sebastian Schwarz|Carol Schuler,-0.5994
1596008,Con City,"Follows a struggling family whose lives change when a receipt printer starts generating money after a lightning strike, leading to public chaos when society discovers the money-making machine.",7.0,/7xLyq9kWQDiyARwYjR4BXwwuv1P.jpg,Comedy|Crime|Drama|Fantasy,Harish Durairaj,Arjun Das|Anna Ben|Yogi Babu|Vadivukarasi|Thambi Ramaiah,-0.7906
1302916,Heart Eyes,"When the ""Heart Eyes Killer"" strikes Seattle, a pair of co-workers pulling overtime on Valentine's Day are mistaken for a couple by the elusive couple-hunting killer. Now, they must spend the most romantic night of the year running for their lives.",6.276,/ebqttF1Vjgde6uSFBEw9mta7Hd3.jpg,Horror|Romance|Comedy,Josh Ruben,Olivia Holt|Mason Gooding|Michaela Watkins|Devon Sawa|Jordana Brewster,-0.8911
1442922,A Year of School,"2007. Fred, a 17-year-old girl who just moved from Sweden to Northeast Italy, enrolls for her high school senior year—finding herself the only female student in an all-male class. Lively and good-looking, she quickly becomes the center of attention, especially for three classmates: Antero, charming and reserved; Pasini, a cocky womanizer; Mitis, gruff and sagacious. The three have been best friends for as long as they can remember, but Fred's arrival puts their longstanding bond to the test. As each of the guys secretly desires Fred for himself, she yearns to be accepted into the group and be considered 'one of them', but is asked to sacrifice more and more in order to belong.",7.028,/6Oha80OEhmtnDwlRYrdvLXP0mmo.jpg,Drama,Laura Samani,Stella Wendick|Giacomo Covi|Pietro Giustolisi|Samuel Volturno|Magnus Krepper,0.8555
1327688,One Mile: Chapter One,"After being released from prison, a father tries to reconnect with his daughter by taking her on a tour of college, but they soon find themselves fighting for more than their lost relationship when a murderous cult pursues them.",7.0,/1GZaoYe0mQy211DgDSAxAXr30ul.jpg,Action|Crime,Adam Davidson,Ryan Phillippe|Amélie Hoeferle|Sara Canning|Sage Linder|Beverley Elliott,-0.9387
940009,Ray Gunn,"In Metropia, a gigantic city in an alternate future as seen from 1939, private eye Raymond Gunn is drawn into a case involving aliens, murder, and a multimedia star named Venus Nova.",0.0,/qXexEAo999wlEp5rMsFnVSRaTSM.jpg,Animation|Science Fiction|Crime|Mystery,Brad Bird,Sam Rockwell|Scarlett Johansson|Tom Waits|Patton Oswalt|John Ratzenberger,-0.6908
1469229,The Djinn's Curse 2,"In a village at the foot of Mount Budo, Diana begins behaving violently after disappearing into the forest, forcing her husband Anas to kill her.",0.0,/76BkBITF6zdHWdtEsWePhekA5nw.jpg,Horror|Thriller,Kriangkrai Monvichit,Yotsawat Tawapee|Rattanawadee Wongthong|Suthida Buatik|Sonthaya Chitmanee|Peeyarat Jatupo,-0.8591
1667493,USA 94: Brazil's Return to Glory,"Follows Brazil's journey to winning its fourth World Cup in 1994, featuring interviews with players and unseen behind-the-scenes footage from the tournament.",6.958,/kzOZRlUhFCXe0eAA8HE1KocdHJ8.jpg,Documentary,Luis Ara,Romário|Bebeto|Dunga|Zinho|Raí,0.5267
1249508,Grizzly Night,"On August 12, 1967, in Montana's Glacier National Park, the unthinkable happened: that same night, nine miles apart, there were not one—but two—fatal grizzly bear attacks.",6.5,/4NESS9cK1CVBrmI87GS2JtJG28q.jpg,Horror|Thriller|Drama,Burke Doeren,Charles Esten|Oded Fehr|Brec Bassinger|Joel Johnstone|Lauren Call,-0.4404
1247002,The Old Woman with the Knife,"Aging assassin Hornclaw has seen it all, but she never expected to mentor a reckless rookie like Bullfight. As their unlikely bond deepens, cracks form in the underworld they navigate together. When Hornclaw discovers someone wants her dead, she's thrust into a deadly game of deception. With enemies closing in and trust in short supply, survival means staying sharp—both blade and mind.",6.534,/ffiK0tDO3N9KJ81xLWkIZt9tz6M.jpg,Action|Mystery|Drama,Min Kyu-dong,Lee Hye-young|Kim Sung-cheol|Yeon Woo-jin|Ok Ja-yeon|Kim Moo-yul,-0.899
1718868,Celebrity Crime Scene: Marilyn Monroe,"Marilyn Monroe's death wasn't a suicide ... at least according to investigator Paul Holes, who believes powerful people may have played a role in shaping what really happened to the Hollywood icon.",6.0,/uzbOWwmMgw9d12GJjAwbrVFnnUH.jpg,Documentary,Unknown,Marilyn Monroe|Paul Holes|Alina Burroughs|Kiki Monique,0.598
661539,A Complete Unknown,"New York, early 1960s. Against the backdrop of a vibrant music scene and tumultuous cultural upheaval, an enigmatic 19-year-old from Minnesota arrives in the West Village with his guitar and revolutionary talent, destined to change the course of American music.",7.068,/llWl3GtNoXosbvYboelmoT459NM.jpg,Drama|Music,James Mangold,Timothée Chalamet|Edward Norton|Elle Fanning|Monica Barbaro|Scoot McNairy,0.7351
11,Star Wars,Princess Leia is captured and held hostage by the evil Imperial forces in their effort to take over the galactic Empire. Venturesome Luke Skywalker and dashing captain Han Solo team together with the loveable robot duo R2-D2 and C-3PO to rescue the beautiful princess and restore peace and justice in the Empire.,8.205,/6FfCtAuVAW8XJjZ7eWeLibRLWTw.jpg,Adventure|Action|Science Fiction,George Lucas,Mark Hamill|Harrison Ford|Carrie Fisher|Peter Cushing|Alec Guinness,0.8979
1630264,A Special Memory,"The illness challenges the couple's love in a way they never anticipated, shifting the narrative from a sweet romance to an emotional journey.",0.0,/1ucCvNfCUlhacBZseLik4IWg797.jpg,Romance|Drama,Jerry Lopez Sineneng,Carlo Aquino|Bela Padilla|Joel Torre|Lotlot De Leon|Jaime Fabregas,0.875
1124620,The Monkey,"When twin brothers find a mysterious wind-up monkey, a series of outrageous deaths tear their family apart. Twenty-five years later, the monkey begins a new killing spree forcing the estranged brothers to confront the cursed toy.",5.988,/yYa8Onk9ow7ukcnfp2QWVvjWYel.jpg,Horror|Comedy,Osgood Perkins,Theo James|Tatiana Maslany|Christian Convery|Colin O'Brien|Adam Scott,-0.8442
1233069,Exterritorial,"When her son vanishes inside a US consulate, ex-special forces soldier Sara does everything in her power to find him — and uncovers a dark conspiracy.",6.61,/micQGmD3K7Ni0wzyaSgBKGxrFWn.jpg,Thriller|Action,Christian Zübert,Jeanne Goursaud|Dougray Scott|Lera Abova|Emanuel Fellmer|Annabelle Mandeng,-0.5267
1430820,At Work,A successful photographer gives up everything to devote himself to writing and discovers poverty.,6.5,/iqeF5Yr65hPlEJojJGESjVclf6h.jpg,Drama,Valérie Donzelli,Bastien Bouillon|Virginie Ledoyen|André Marcon|Valérie Donzelli|Marie Rivière,0.4404
1251900,The Shrine,"Yu-mi and her friends are staying in a small Japanese town. When Hee-jung doesn't return home for dinner, they decide to visit the shrine from her painting. Strange occurrences startle them as they explore the shrine, even some end up injuring themselves. Yu-mi senses a sinister presence lurking within. She knows the right person for this, her old shaman friend named Myung-jin. Leaving the past behind with Yu-mi, he joins Pastor Han-ju, a spiritual leader of the town. Their mysterious cooperation to keep everyone safe is about to begin.",0.0,/grq3eAFw6D0iFB1xfBA9GPbNjeD.jpg,Horror|Mystery,Kazuyoshi Kumakiri,Kim Jae-joong|Kong Seong-ha|Ko Hoon-jeong|Hina Kino|나현진,0.1779
1094974,Take Cover,A burned-out professional sniper finds himself trapped in an all-glass penthouse by a lethal competitor and must find a way to survive and escape with little to no cover between him and the killer.,6.331,/xNLiMNyFzKTL9PVIEulG55Hei8j.jpg,Action|Thriller,Nick McKinless,Scott Adkins|Jack Parr|Alice Eve|Mădălina Bellariu Ion|Alba De Torrebruna,-0.8369
1422041,La Bola Negra,"Set across three timelines — Republican Spain in 1932, the Civil War in 1937, and contemporary Spain in 2017 — the film follows a constellation of interconnected lives centered on three young men, whose emotional and political echoes gradually reveal themselves.",0.0,/iKv3KYVmLtfSyFvynYLyJWjIru3.jpg,Drama,Javier Ambrossi,Guitarricadelafuente|Miguel Bernardeau|Carlos González|Milo Quifes|Lola Dueñas,-0.5106
1712586,Sia: Nostalgic for the Present,"A bold experience that challenges the genre that trades pop poetry for pure art. Impressive voices, impressive choreography and iconic performances, captured cinematically and sounded by an unparalleled catalog of hits.",0.0,/tJrqV5b12HbpNNDrA7Trc5mErGJ.jpg,Documentary|Music,Daniel Askill,Sia|Maddie Ziegler|Nick Lanzisera|Stephanie Mincone|Wyatt Rocker,0.8591
1510745,Bodycam,"A call to a quiet suburban home unleashes unthinkable carnage when two officers mistakenly shoot a man and his infant child, spiraling the tragedy into a fierce, unrelenting fall into the unknown.",5.529,/xFpBNcG3Dlr8mYF5Kz9Tizs3Pxn.jpg,Horror,Brandon Christensen,Jaime M. Callica|Sean Rogerson|Catherine Lough Haggquist|Angel Prater|Keegan Connor Tracy,-0.8402
1339485,The Killer Goldfish,"A paranormal investigator is caught up in an unusual criminal revenge case – the guilty one is always a goldfish. One death follows another, always different and very violent. The causes lie far back in human history.",6.0,/2LTiJGQBOuxhIr9v7I935wNCPfM.jpg,Horror|Comedy,Yukihiko Tsutsumi,Erika Oka|Yuki Kaji|Yosuke Kubozuka|Yosuke Ito|Kanon Fujishima,-0.9565
1384113,Mr. Shota's Last Business Trip,"Shota, a machinist who dedicated his life to his work, prepares for his final business trip to Korea before retiring. Meanwhile, Daesung heads to Japan to win back his ex-girlfriend. The two men happen to meet at a ramen shop on the first day of their journeys. When Shota's resignation letter and Daesung's love letter are swapped, an unexpected story begins.",8.0,/idXaFGRI5A2dYZOCpB9b5nOZTWW.jpg,Drama,Lee Ju-hyoung,Ryohei Otani|Jung Jinyoung|Kazuko Shirakawa|Chika Uchida|Lee Jun-hyeok,0.8689
1376838,A Sad and Beautiful World,"In this sweeping love story that spans three decades of passion, heartbreak, and hope, Nino and Yasmina find themselves drawn together by a magnetic relationship. As they face an impossible choice between love and survival, they must decide if they want to build a family and chart a path to happiness in Lebanon, despite the tragedies ravaging the country.",8.182,/cOJkkfI9SzXxqoPjc3MttsqGsxr.jpg,Romance|Drama|Comedy,Cyril Aris,Mounia Akl|Hasan Akil|Camille Salameh|Julia Kassar|Tino Karam,0.951
1447032,The Favor,"Young-beom and Seon-hee once lived a picture-perfect life. But after a tragic car accident leaves their teenage son unable to walk, they find themselves desperately wishing for a miracle. One day, when Young-beom encounters a mysterious elderly man in the neighborhood, strange miracles begin unfolding at home. Word spreads quickly, and the village turns to the family, hoping to share in their blessings. While the old man seems like their secret savior, the family soon learns that every blessing casts a shadow: this miracle is no gift or favor—it's a curse that threatens to tear their family apart.",5.7,/kbNpCIMYrjB9z5LNBrHasY081gv.jpg,Horror|Thriller|Drama,Shin Joon,Kim Byong-chul|Song Ji-hyo|Jin Yu-chan|Kim Hieora|Kim Seol-jin,0.9136
1277872,Enzo,"Enzo, 16, defies his bourgeois family’s expectations by starting a masonry apprenticeship, a path far removed from the prestigious life they had envisioned for him. In their chic villa in the sun-drenched South of France, tensions simmer as relentless questions and pressures weigh on Enzo’s future and dreams. On the construction sites, however, Vlad, a charismatic Ukrainian colleague, shakes up Enzo’s world and opens the door to unexpected possibilities.",6.6,/cghjz7l78J8S3rr5EkzCrpr3bMS.jpg,Drama,Robin Campillo,Eloy Pohu|Maksym Slivinskyi|Pierfrancesco Favino|Élodie Bouchez|Nathan Japy,0.0
774370,Dog Man,"When a faithful police dog and his human police officer owner are injured together on the job, a harebrained but life-saving surgery fuses the two of them together and Dog Man is born. Dog Man is sworn to protect and serve—and fetch, sit and roll over. As Dog Man embraces his new identity and strives to impress his Chief, he must stop the pretty evil plots of feline supervillain Petey the Cat.",7.439,/89wNiexZdvLQ41OQWIsQy4O6jAQ.jpg,Family|Comedy|Adventure|Animation|Action,Peter Hastings,Peter Hastings|Pete Davidson|Lil Rel Howery|Isla Fisher|Lucas Hopkins Calderon,0.4118
1710008,Nothing to Lose,"She gave everything to become a mother, so when her young son falls ill, Jada will stop at  nothing to find a donor and save him — no matter the cost.",0.0,/3SKN8QZptMm8KfCCQtEmyh1Zkgz.jpg,Drama|Action,Nawell Madani,Nawell Madani|Guillaume Gouix|Nicolas Briançon|David Salles|Aissatou Diallo Sagna,-0.4404
1381151,Holy Days,"When young Brian discovers plans to close a convent of delightfully eccentric nuns, he sets off with them on a wild road trip across New Zealand to save their home.",6.3,/bQuH4CVkdKoHtOksYu8q4g3nsNa.jpg,Adventure|Comedy|Drama,Nathalie Boltt,Elijah Tamati|Judy Davis|Miriam Margolyes|Jacki Weaver|Jonny Brugh,0.7845
1630423,My Dearest Assassin,"Hunted for her rare blood type, a caged woman vows to fight alongside the assassin she loves to protect their future when an old enemy resurfaces.",8.602,/ul4dQcA68mtSx8J56N5gEcaCCtP.jpg,Action|Drama|Romance,Taweewat Wantha,Pimchanok Luevisadpaibul|Thanapob Leeratanakachorn|Sivakorn Adulsuttikul|Chartayodom Hiranyatithi|Theerachai Wimolchaireuk,0.0516
1437696,Fatherland,"In 1949, German writer Thomas Mann and his daughter Erika embark on a road trip across a Germany in ruins, from US-dominated Frankfurt to Soviet-controlled Weimar.",7.0,/oNejN1l69nBF8LdQwy5FkAQZT44.jpg,Drama|History,Paweł Pawlikowski,Sandra Hüller|Hanns Zischler|August Diehl|Anna Madeley|Devid Striesow,-0.4404
1146058,The Pout-Pout Fish,"Living on a rundown shipwreck, Mr. Fish one day discovers a hyperactive young sea dragon Pip – who had mistaken his home for a junkyard – pilfering his belongings. The heated argument that ensues leaves both their houses in ruin. But there is hope! Embarking on a seemingly impossible quest in search of the mythical 'Shimmer' to grant them a wish, there’s only one problem: someone else is on the hunt...",5.5,/fcDXgGL14qL46It1XOozEjX5Jws.jpg,Animation|Family|Adventure|Comedy,Ricard Cussó,Nick Offerman|Nina Oyama|Miranda Otto|Amy Sedaris|Jordin Sparks,0.5411
1359916,5 Centimeters per Second,"Spring 1991. Takaki and Akari meet in elementary school and continue to exchange letters even after she moves away. They make a final promise to each other to meet again. It is now 2008. They live their respective lives, paths never crossing. Enduring memories and a premonition of that promised day. Even now, their words from that day drift quietly, transcending time and distance. An ephemeral story of a promised reunion with someone precious.",7.8,/wjLrVkmeZLk8iw1grULvoQgRG4u.jpg,Drama|Romance,Yoshiyuki Okuyama,Hokuto Matsumura|Mitsuki Takahata|Yuzu Aoki|Nana Mori|Mai Kiryu,0.9153
19995,Avatar,"In the 22nd century, a paraplegic Marine is dispatched to the moon Pandora on a unique mission, but becomes torn between following orders and protecting an alien civilization.",7.607,/gKY6q7SjCkAU6FqvqWybDYgUKIF.jpg,Science Fiction|Action|Adventure,James Cameron,Sam Worthington|Zoe Saldaña|Sigourney Weaver|Stephen Lang|Michelle Rodriguez,-0.3612
1620034,"Marty, Life Is Short","Martin Short looks back on a life fueled by joy in this documentary with classic clips, fresh interviews and star-studded, never-before-seen home movies.",8.065,/5u8r3iMUVeVejv8G2PrRvlTbogC.jpg,Documentary,Lawrence Kasdan,Martin Short|Lawrence Kasdan|Steve Martin|Andrea Martin|Ron Howard,0.7269
1195506,Novocaine,"When the girl of his dreams is kidnapped, everyman Nate turns his inability to feel pain into an unexpected strength in his fight to get her back.",6.784,/xmMHGz9dVRaMY6rRAlEX4W0Wdhm.jpg,Action|Comedy|Thriller,Dan Berk,Jack Quaid|Amber Midthunder|Ray Nicholson|Betty Gabriel|Matt Walsh,-0.4019
1372604,36-24-36,"Having insecurities of being a plus sized person, Sayra an aspiring event planner falls in love with Tahsir. Sooner the story flows, Sayra confronts her past trauma and her esteems falls at stake. She resolute with self-love, respect and her acceptance towards the society challenging the perception of beauty.",5.0,/vq8xrYb6AcAxT4i3MdqtKaZIipZ.jpg,Romance|Comedy,Rezaur Rahman,Kaarina Kaisar|Prarthana Fardin Dighi|Sayed Zaman Shawon|Golam Kibria Tanvir|Abu Hurayra Tanvir,0.8834
549509,The Brutalist,"When an innovative modern architect flees post-war Europe, he is given the opportunity to rebuild his legacy. Set during the dawn of the modern United States (in Pennsylvania), his wife joins him, and their lives are forever changed by a demanding, wealthy patron.",6.952,/vP7Yd6couiAaw9jgMd5cjMRj3hQ.jpg,Drama,Brady Corbet,Adrien Brody|Felicity Jones|Guy Pearce|Joe Alwyn|Raffey Cassidy,0.8126
1427838,The Holy Grill,"At a tennis club in rural Germany, preparations for the summer party are led by Heribert. When a separate grill is suggested for Erol, the club's only Muslim member, tensions flare. What begins as a simple discussion quickly turns into a debate about societal and personal conflicts, threatening to tear the club apart.",6.7,/vZqnXMNzEsHi1YYbuM4QNtc1bEV.jpg,Comedy|Drama,Marcus H. Rosenmüller,Hape Kerkeling|Christoph Maria Herbst|Fahri Yardım|Anja Knauer|Friedrich Mücke,-0.7184
1421153,Living the Land,"With both parents working far away, ten-year-old Chuang is being raised by extended family in his home village, where thousands of years of rural tradition collide with the socio-economic changes of China in the early 1990s.",6.8,/u2U7fOk4886MVx1CYh8VHN3xOxC.jpg,Drama|Comedy,Huo Meng,Wang Shang|Zhang Chuwen|Zhang Yanrong|Zhang Caixia|Cao Lingzhi,-0.0772
1205229,Night of the Zoopocalypse,A wolf and mountain lion team up when a meteor unleashes a virus turning zoo animals into zombies. They join forces with other survivors to rescue the zoo and stop the deranged mutant leader from spreading the virus.,6.6,/nCejOVZcOxKS27nnbh28NKXOdXF.jpg,Animation|Comedy|Horror|Adventure|Science Fiction|Family,Ricardo Curtis,Gabriella Kosmidis|David Harbour|Pierre Simpson|Paul Sun-Hyung Lee|Scott Thompson,0.5106
1720684,Tales of the Bizarre: 2026 Summer Special,"The 2026 summer special of Fuji TV’s long-running anthology series presents four new strange tales. A veteran detective investigates a crime scene where evidence and bodies seem to vanish. A woman clearing her late mother’s apartment finds the past refusing to be thrown away. A young girl uses a mysterious costume to become an adult man. And a 26-year-old man discovers that his mother has been listed for auction online. Each story leads ordinary people into a surreal, unsettling world.",6.0,/HKfgkKFYLOCadKxuT5La9h7w0K.jpg,Fantasy|Thriller,Kaede Kamiya,Tamori|Takaya Kamikawa|Yo Takahashi|Kouhei Higuchi|Shuri,-0.6486
1369661,My Father's Scent,"Over the course of one long night, a father and his son each discover many secrets about the other, and together they try to overcome all the differences of the past and move forward.",5.7,/hHBlZn0BCesJ6zN68koxOpncwnC.jpg,Drama|Thriller,Mohamed Siam,Ahmed Malek|Kamel El Basha|Mayan ElSayed|Donia Maher|Abed Anany,0.0
155,The Dark Knight,"Batman raises the stakes in his war on crime. With the help of Lt. Jim Gordon and District Attorney Harvey Dent, Batman sets out to dismantle the remaining criminal organizations that plague the streets. The partnership proves to be effective, but they soon find themselves prey to a reign of chaos unleashed by a rising criminal mastermind known to the terrified citizens of Gotham as the Joker.",8.532,/qJ2tW6WMUDux911r6m7haRef0WH.jpg,Action|Crime|Thriller,Christopher Nolan,Christian Bale|Heath Ledger|Aaron Eckhart|Michael Caine|Maggie Gyllenhaal,-0.9607
1480025,How to Lose a Popularity Contest,"A rebellious student and a perfectionist overachiever form an unlikely alliance in their race for student body president, discovering unexpected feelings along the way.",6.1,/9lmyPaz7yTabWW2yiAkw952CvRQ.jpg,Romance|Comedy,Stephen S. Campanelli,Chase Hudson|Sara Waisglass|Lillian Doucet-Roche|Graham Verchere|Ecstasia Sanders,0.0772
1480382,The Voice of Hind Rajab,"January 29, 2024. Red Crescent volunteers receive an emergency call. A five-year old girl is trapped in a car under fire in Gaza, pleading for rescue. While trying to keep her on the line, they do everything they can to get an ambulance to her. Her name was Hind Rajab.",8.063,/q7M8kQB46T11vmDMD6E239jsqTz.jpg,Drama|History,Kaouther Ben Hania,Hind Rajab|Motaz Malhees|Saja Kilani|Amer Hlehel|Clara Khoury,-0.6249
1245084,Undercard,"After abandoning her son, a female boxing trainer rises from the ashes to coach him in the biggest fight of his career.",8.0,/5QRH0zH0rCYHuEkwz5vAVORfSji.jpg,Drama,Tamika Miller,Wanda Sykes|Bentley Green|Berto Colon|Danny Pardo|Arischa Conner,-0.6369
1472951,Infiltrate,"In a city overrun by crime, government Agent Lily Chen is forced to choose between her duty and her family when her husband is kidnapped, and she’s blackmailed into assassinating high-level criminals to save him. As she delves deeper into the criminal underworld, Lily’s relentless pursuit of justice unravels a web of corruption, leading to a final, life-altering decision that will change her world forever.",5.7,/8Cw8GF9wG63kF8pRRXwOx2kXGt.jpg,Action|Thriller,James Mark,Orphée Ladouceur-Nguyen|Alain Moussi|Tim Rozon|Finn McCager Higgins|Lisa Berry,-0.7783
877817,Wolfs,"Hired to cover up a high-profile crime, a fixer soon finds his night spiralling out of control when he's forced to work with an unexpected counterpart.",6.549,/vOX1Zng472PC2KnS0B9nRfM8aaZ.jpg,Crime|Comedy,Jon Watts,George Clooney|Brad Pitt|Austin Abrams|Amy Ryan|Poorna Jagannathan,-0.7579
1596260,Night Nurse,"As a series of perverse scam calls unsettles an idyllic retirement community, a starry-eyed nurse becomes entangled with her mysterious patient.",0.0,/ijZE5bT0FK638p4FtLozd9SFFKQ.jpg,Drama|Thriller,Georgia Bernstein,Cemre Paksoy|Bruce McKenzie|Eléonore Hendricks|Colleen Rose Trundy|Mimi Rogers,-0.7579
592831,Megalopolis,"In a futuristic New York known as New Rome, visionary architect Cesar Catilina dreams of building ""Megalopolis,"" a utopian city that redefines society’s limits. Opposing him is the corrupt Mayor Franklyn Cicero, who clings to power and profit. Between them stands Julia, the mayor’s daughter, whose love for Cesar forces her to choose between loyalty, ambition, and the fate of humanity.",5.186,/8Sok3HNA3r1GHnK2lCytHyBz1A.jpg,Science Fiction|Drama|Fantasy,Francis Ford Coppola,Adam Driver|Giancarlo Esposito|Nathalie Emmanuel|Aubrey Plaza|Shia LaBeouf,0.9493
1653453,"Love, Again","Caroline and Henry's 30-year marriage faces upheaval when he's diagnosed with early-onset Alzheimer's. As Henry's memory deteriorates, Caroline finds comfort in friendship with Leo while coping with losing her partner.",9.5,/rGjxRL8HVhYkjpaxZX0MZchGqPR.jpg,TV Movie|Drama,David I. Strasser,Valerie Bertinelli|Henry Czerny|Eric McCormack|Max Lloyd-Jones|Mackenzie Cardwell,0.4215
1083420,Adulthood,"The lives of two siblings are completely upended when they discover a dead body, long buried in their parent’s basement, sending them down a rabbit hole of crime and murder.",5.932,/a40Gi0Zq4Ecqu3obmOp6TSgEne1.jpg,Comedy|Crime|Mystery,Alex Winter,Josh Gad|Kaya Scodelario|Anthony Carrigan|Billie Lourd|Ingunn Omholt,-0.926
1126097,Charlie Harper,"The journey of a young woman, Harper, and a young man, Charlie, as they meet, leave their respective homes, and attempt to build a life together in a new city. As the driven and ambitious Harper works to build a career as a chef, and the brilliant-yet-stuck Charlie struggles to get himself on track, their relationship faces growing challenges.",0.0,/jvAhbwqkbqexBacuu66NSixvAj7.jpg,Romance|Drama,Tom Dean,Emilia Jones|Nick Robinson|Nicholas Cirillo|Ja'Quan Monroe-Henderson|Sebastian Delascasas,0.6369
1721422,Inès Reg : On est toujours ensemble,,0.0,/8NQjhTvz8DOmKi0R6SviV8rKOIZ.jpg,Comedy,Clément Chabault,Inès Reg,0.0
1351705,Miss Mermaid,"Freshly divorced, Fanny, a thirty-something from Fécamp, has nothing left of her marriage but a sky-blue sofa, debts she refuses to pay, and an absolute determination never to 'start her life' with a man again. Despite her burning need for freedom, this cleaning lady finds herself stuck back at her parents' house.  That is, until the day she crosses paths with Anemone, a professional mermaid passing through the region. She decides to take the plunge and dive into the world of mermaiding.",6.0,/mHOdJ7cKrASZvGli7GaXbDUSOdd.jpg,Comedy|Drama,Pauline Brunner,Aloïse Sauvage|Thomas VDB|Alison Wheeler|Annie Mercier|Pierre Philippe,0.8047
1694547,[FC2-PPV 4594806]【個撮109】完全顔出し20歳の超スジパイパン 初撮りで逆さくぱぁ野外露出とイッたらフェラで16回イキ 連続中出し後はお掃除フェラから再挿入で大量逆流 期間限定4000pt→2000pt,,0.0,,,Unknown,,0.0
1327690,One Mile: Chapter Two,"Former special forces operative Danny is forced back onto a remote island when a violent, secretive community takes revenge by abducting his daughter Alex, launching a relentless hunt against enemies prepared for his every move.",6.9,/3sjc9qXXmQoUWKQ3qIjS1nZaUJy.jpg,Action|Crime,Adam Davidson,Ryan Phillippe|Amélie Hoeferle|Sara Canning|Sage Linder|Beverley Elliott,-0.8658
1517206,Bouchra,"Wrestling with writer’s block for her first film, Bouchra, a queer Moroccan jackal living in NYC, starts having difficult yet overdue phone calls with her mother in Casablanca that begin influencing the project. Balancing the precarity of working as an artist, the rift in her cultural identity and an array of romantic interests, Bouchra’s emotional reckoning becomes her path to expression.",6.0,/thPiuhUxUcDy0PkadWrlYiPl8CL.jpg,Animation|Drama,Orian Barki,Meriem Bennani|Orian Barki|Fayçal Azizi|Ariana Faye Allensworth|Hassan Hamdani,-0.0258
1575438,Finnegan's Foursome,"Two middle aged brothers and their respective sons travel to Ireland to play the Finnegan Family's annual golf outing, where they distribute the ashes of the family patriarch",9.0,/bmFdsOFHipMvqult9MNnUhrwaFS.jpg,Comedy|Drama,Edward Burns,Naoimh Whelton|Monica McCarthy|Brigid Leahy|Callum Maxwell|Imogen Doel,0.6369
1668574,A Very Unlikely Goalkeeper,"Martín, a humble teenager with extraordinary talent as a goalkeeper, dreams of becoming a professional footballer. Facing rejection and bullying for his singular way of seeing the world, he must rely on his eccentric neighborhood friends to navigate his challenges and seize the one chance he has to turn his dream into reality.",0.0,/2qIny8wROLKOEe89YHJgkMHiBxA.jpg,Drama,Mike R. Ortiz,Danilo Guardiola Escobar|Diego Sebastian Chantres|Gustavo Bárcena Gutiérrez|Ana Isabel Martínez|Isabela Juarez Mendez,0.5423
1693346,Apple Music Live: Lady Gaga MAYHEM Requiem,"For Apple Music Live, Gaga presents MAYHEM Requiem, a celebration and musical reimagining of MAYHEM.",8.3,/5qJgfeZRcz6EOi6zUb9tpSlmDni.jpg,Music,Morningview,Lady Gaga,0.0
1087891,The Amateur,"After his life is turned upside down when his wife is killed in a London terrorist attack, a brilliant but introverted CIA decoder takes matters into his own hands when his supervisors refuse to take action.",6.936,/SNEoUInCa5fAgwuEBMIMBGvkkh.jpg,Thriller|Action,James Hawes,Rami Malek|Holt McCallany|Danny Sapani|Rachel Brosnahan|Michael Stuhlbarg,-0.7845
1571891,Nobody Loves Kay,"Kay, a high school gamer, loses his best friend to become a pro. After a setback, he rises again and meets his rival in the Mobile Legends world finals.",6.5,/fISMHOSeF06WE9HnIJv88m8B9XR.jpg,Drama,Bernardus Raka,Bima Azriel|Aurora Ribero|Rey Bong|Joshia Frederico|Elly D. Luthan,0.7269
24428,The Avengers,"When an unexpected enemy emerges and threatens global safety and security, Nick Fury, director of the international peacekeeping agency known as S.H.I.E.L.D., finds himself in need of a team to pull the world back from the brink of disaster. Spanning the globe, a daring recruitment effort begins!",8.051,/RYMX2wcKCBAr24UyPD7xwmjaTn.jpg,Science Fiction|Action|Adventure,Joss Whedon,Robert Downey Jr.|Chris Evans|Mark Ruffalo|Chris Hemsworth|Scarlett Johansson,-0.6696
1719894,Unconnected,"Sylvia Vanguard is a woman who seems to have it all: Money, success, and a good man. But now that she has reached her pinnacle, she's ready to take on the one thing that she has sacrificed to achieve her goals- motherhood. After being denied by her longtime boyfriend, she decides to move forward alone with using unconventional methods to have a child, and ends up getting way more than she bargained for.",0.0,/zTdamL46xHJXipmoHlx0GUxuE9r.jpg,Romance|Drama,Janaya Black,Krystal Lanae Hill|Sydni Janee'|Deborah Chenault-Green|Marques Buford|Joseph Phillips Jr,0.2023
1496884,The Game of Sisyphus,"Jee-eun, a true romantic, is convinced that her love is real. One day, she notices a small mole on her boyfriend's face. As the mole mysteriously grows, it begins to bother her. Then, a new man appears, shaking up Jee-eun's entire world.",5.0,/uBmIO5Rr2ujoQePIrZgOQRB9azq.jpg,Romance|Comedy,Kim Chae-hyun,Son Jeong-eun|Jang Yo-hoon|Park Min-seok,0.8519
1300116,Fall for Me,"Lilli is suspicious of her sister's new fiance, but when an attractive stranger enters her life, she's suddenly distracted by the thralls of desire.",6.121,/mduZ3YRKele4rHhrse7b7B3d44b.jpg,Romance|Thriller,Sherry Hormann,Svenja Jung|Theo Trebs|Tijan Marei|Antje Traue|Thomas Kretschmann,0.5499
1356670,Late Shift,"Dedicated nurse Floria navigates the relentless pace of her hospital’s understaffed surgical ward with humanity and warmth. As her overnight shift intensifies, she is pushed to the brink in a race against time.",7.852,/2X2FZIYdXYNwDbStJhgeoVn0pWH.jpg,Drama,Petra Biondina Volpe,Leonie Benesch|Alireza Bayram|Jürg Plüss|Jasmin Mattei|Lale Yavaş,0.7351
1175842,Momo,"Momo is a young orphan girl who lives in the ruins of an old Roman amphitheater and becomes friends with everybody in the neighborhood. But when a powerful international corporation starts stealing everybody’s time, nobody has any time left for her, let alone their friends or families. Momo, together with Master Hora, the custodian of time, are the only ones who can go up against the time thieves before all is lost forever.",7.3,/eUZyHEjZEzTlrGue2qkRaGNFaxo.jpg,Family|Fantasy|Adventure|Drama,Christian Ditter,Alexa Goodall|Martin Freeman|Laura Haddock|Araloyin Oshunremi|David Schütter,-0.7906
1356670,Late Shift,"Dedicated nurse Floria navigates the relentless pace of her hospital’s understaffed surgical ward with humanity and warmth. As her overnight shift intensifies, she is pushed to the brink in a race against time.",7.852,/2X2FZIYdXYNwDbStJhgeoVn0pWH.jpg,Drama,Petra Biondina Volpe,Leonie Benesch|Alireza Bayram|Jürg Plüss|Jasmin Mattei|Lale Yavaş,0.7351
1175842,Momo,"Momo is a young orphan girl who lives in the ruins of an old Roman amphitheater and becomes friends with everybody in the neighborhood. But when a powerful international corporation starts stealing everybody’s time, nobody has any time left for her, let alone their friends or families. Momo, together with Master Hora, the custodian of time, are the only ones who can go up against the time thieves before all is lost forever.",7.3,/eUZyHEjZEzTlrGue2qkRaGNFaxo.jpg,Family|Fantasy|Adventure|Drama,Christian Ditter,Alexa Goodall|Martin Freeman|Laura Haddock|Araloyin Oshunremi|David Schütter,-0.7906
1679791,M4M: Motive for Murder,"Hyderabad is on edge as a serial killer stages murders as famous paintings. ACP Krishna and journalist Radha investigate, uncovering links to a student and a principal, racing to stop the next planned killing.",0.0,/FcoRfDLRwiAcNCd5SmeDIIeea7.jpg,Crime|Mystery|Thriller,Mohan Vadlapatla,Jo Sharma|Sambeet Acharya|Subhalekha Sudhakar|Geetha Bhascker|Satya Krishna,-0.9423
1379963,Tell Me Softly,"Kamila has everything under control: studies, social life, her image... Everything except the unexpected return of her neighbors, the Di Bianco brothers, after seven years of absence. Thiago stole her first kiss, and Taylor was her best friend, but now their return will turn Kami's world upside down. Can the three overcome the past that binds them? Or will everything explode into pieces once again?",6.3,/6Z37lW0JfLdeFcgH9yaTyg6B9A6.jpg,Romance|Drama,Denis Rovira van Boekholt,Alícia Falcó|Fernando Lindez|Diego Vidales|Jan Buxaderas|Eve Ryan,0.7149
1249589,Game of Identity,"The story tells the story of Liu Quan Long, a lowly born and independent struggling young man who got the opportunity to exchange his life with a boy from another class in a famous university. Unexpectedly, what was waiting for him was a thrilling game.  Liu Quan Long is an impoverished young man who can't afford to go to university but has a great talent. Before meeting Chen Lun, he was an Internet cafe administrator outside the university who would never be noticed.  Chen Lun has a distinguished family and studied at an elite university just across the street from an internet cafe, but he had no intention of going to school. In order to cope with his parents abroad, he offered Liu Quan Long an invitation to the game of ""identity exchange"" and asked Liu Quan Long to replace him.",4.75,/9hXg73Gosne5bLHbo23Bh0oGR1R.jpg,Mystery|Crime,Cheng Liang,Peng Yuchang|Ding Yuxi|Heliao Lüyun|Rebecca Li|Deng Enxi,0.8442
557,Spider-Man,"After being bitten by a genetically altered spider at Oscorp, nerdy but endearing high school student Peter Parker is endowed with amazing powers to become the superhero known as Spider-Man.",7.333,/kjdJntyBeEvqm9w97QGBdxPptzj.jpg,Action|Science Fiction,Sam Raimi,Tobey Maguire|Willem Dafoe|Kirsten Dunst|James Franco|Cliff Robertson,0.7269
10193,Toy Story 3,"Woody, Buzz, and the rest of Andy's toys haven't been played with in years. With Andy about to go to college, the gang find themselves accidentally left at a nefarious day care center. The toys must band together to escape and return home to Andy.",7.811,/AbbXspMOwdvwWZgVN0nabZq03Ec.jpg,Animation|Family|Comedy,Lee Unkrich,Tom Hanks|Tim Allen|Joan Cusack|Don Rickles|Wallace Shawn,0.119
1107325,Witchboard,"A cursed Witchboard awakens dark forces, dragging a young couple into a deadly game of possession, deception, and supernatural terror in New Orleans.",5.8,/8RcN5FHkJVNJdOaL6WtTePU7CyF.jpg,Horror,Chuck Russell,Madison Iseman|Aaron Dominguez|Mel Jarnson|Charlie Tahan|Antonia Desplat,-0.743
1213243,Toxic,"Set in a bygone era, this gripping tale unfolds in the coastal paradise of Goa, wherea powerful drug cartel pulls the strings behind a facade of sun-soaked beaches and vibrant culture.",0.0,/fJBAfLiNfovSAb6KjkIndpF3Sm7.jpg,Action|Thriller,Geethu Mohandas,Yash|Kiara Advani|Huma Qureshi|Nayanthara|Tara Sutaria,0.886
1716822,WWE Night of Champions 2026 - Countdown,,6.75,/sxbN5sD3vF94hwb62KrGjNbQF9b.jpg,Action,Unknown,,0.0
211672,Minions,"Minions Stuart, Kevin and Bob are recruited by Scarlet Overkill, a super-villain who, alongside her inventor husband Herb, hatches a plot to take over the world.",6.42,/dr02BdCNAUPVU07aOodwPYv6HCf.jpg,Family|Animation|Adventure|Comedy,Kyle Balda,Sandra Bullock|Jon Hamm|Michael Keaton|Allison Janney|Steve Coogan,0.0
1141970,Morte Cucina,"Sao, a talented cook, accidentally meets the man who took advantage of her in the past. She sets her revenge plan in motion using her cooking skill to achieve a rather unexpected result.",0.0,/xlPJ8Wp9mm10bWmKdydkuOyxrHU.jpg,Thriller|Drama,Pen-Ek Ratanaruang,Thanutphon Boonsang|Nopachai Jayanama|Kris Srepoomseth|Tadanobu Asano|Supinun Chotiphiphatwanich,-0.128
628847,Trap House,"An undercover DEA agent and his partner embark on a game of cat and mouse with an audacious, and surprising group of thieves – their own rebellious teenagers, who have begun robbing from a dangerous cartel, using their parents' tactics and top-secret intel to do it.",6.605,/6tpAPeuuqbVnYWWPoOLEDLSBU7a.jpg,Action|Crime|Thriller,Michael Dowse,Dave Bautista|Jack Champion|Sophia Lillis|Whitney Peak|Bobby Cannavale,-0.6808
986097,HIM,"After suffering a potentially career-ending brain trauma, Cameron Cade receives a lifeline when his hero, legendary eight-time Championship quarterback and cultural megastar Isaiah White, offers to train Cam at Isaiah's isolated compound that he shares with his celebrity influencer wife. But as Cam's training accelerates, Isaiah's charisma begins to curdle into something darker.",5.607,/qPJzcYR2f1O1uynYBCVPPJuOiAH.jpg,Horror|Mystery,Justin Tipping,Marlon Wayans|Tyriq Withers|Julia Fox|Tim Heidecker|Jim Jefferies,0.0644
1659209,Melodrama,"After her husband’s death, Sonia is forced to shrink her life, trading her sprawling family home for a cramped, unfamiliar apartment. In this state of displacement, her world is a quiet hum of grief and rigid routines, until she hears the rhythm of a neighboring construction site. There she meets Aimé, a Haitian worker whose presence awakens a dormant yet intense desire. Their connection is swift and tender, yet their romance exists in a crossfire.",0.0,/iRBSanGvo5wZJtFenDpzouSnfyZ.jpg,Drama|Romance,Andrés Farías Cintrón,Mercedes Morales|Jimmy Jean-Louis|Nelson Miguel Fernandez|Sarah Jorge León|Pachy Méndez,-0.4939
1257406,Two Prosecutors,"In 1937, amidst Stalin's Great Terror, a newly appointed prosecutor for the USSR is made aware of alleged corruption in the Secret Police, and takes it upon himself to investigate.",6.9,/wV8A0YX9bVJ7CGnUAqDJtyYv6C2.jpg,Drama|Mystery|Thriller|History,Sergei Loznitsa,Aleksandr Kuznetsov|Aleksandr Filippenko|Anatoliy Belyy|Andris Keišs|Vytautas Kaniušonis,0.1779
1359607,Miss Kobayashi's Dragon Maid: A lonely dragon wants to be loved,"Miss Kobayashi, Tohru, Ilulu, and Kanna’s peaceful lives are shaken when Kanna’s father, Kimun Kamui, forces her to return to the Dragon World. As a war brews between the Chaos and Harmony factions, Kanna tries to unite the two worlds, torn between her friends and father. When dragons clash, Ilulu uncovers a hidden force manipulating the war. Can they stop the war before it consumes both worlds?",8.767,/3JFCxQpsBppFADWQ3WcykwH14YG.jpg,Animation|Comedy|Fantasy,Tatsuya Ishihara,Maria Naganawa|Mutsumi Tamura|Yuuki Kuwahara|Yuuki Takada|Minami Takahashi,-0.9325
1239198,My Dearest Señorita,"A young woman from a traditional family learns she's intersex, sparking a journey of self-discovery, gender identity and love found in unexpected places.",6.314,/cTcJs2bEsJDhQEpeYSOZD3yayZI.jpg,Drama|Romance,Fernando González Molina,Elisabeth Martínez|Anna Castillo|Nagore Aranburu|Eneko Sagardoy|Manu Ríos,0.6369
1429348,The Stranger,"Algiers, 1938. Meursault, a quiet and unassuming employee in his early thirties, attends his mother's funeral without shedding a tear. The next day, he begins a casual affair with Marie, a work colleague. He quickly slips back into his usual routine.",6.765,/c7p06jlv8Lp2B5HjUhmFRTRaqJS.jpg,Drama|Crime,François Ozon,Benjamin Voisin|Rebecca Marder|Pierre Lottin|Denis Lavant|Swann Arlaud,-0.1779
845781,Red One,"After Santa Claus (codename: Red One) is kidnapped, the North Pole's Head of Security must team up with the world's most infamous tracker in a globe-trotting, action-packed mission to save Christmas.",6.982,/cdqLnri3NEGcmfnqwk2TSIYtddg.jpg,Action|Comedy|Fantasy,Jake Kasdan,Dwayne Johnson|Chris Evans|Lucy Liu|J.K. Simmons|Bonnie Hunt,0.6808
1614368,Love Go Go Go!,"A spendthrift seeking emotional comfort and a cautious saver searching for security are drawn into an unlikely relationship that begins with constant clashes. As playful tension turns into real feelings, misunderstandings threaten to pull them apart, forcing both to confront what truly matters in love and life.",5.5,/e8Vxgpke2CJlyaiN0Nmb0aUBNdY.jpg,Drama|Comedy|Romance,Philip Yung Chi-Kwong,Qin Xiaoxian|Wang Yinglu|Ma Tianyu|Hai Qing|Fan Ming,0.8625
1284496,Cycle of Time,"In 1950s France, Helene and Michel lead a simple life until a freak accident in 2025 leads to Helene becoming a bank executive and Michel struggling with unemployment and depression. Their children grow up in a technology-dominated world.",6.1,/63QJSYPjR3i3mwr4PmpvwfyLgDo.jpg,Comedy|Science Fiction,Vinciane Millereau,Elsa Zylberstein|Didier Bourdon|Mathilde Le Borgne|Céline Fuhrer|Maxim Foster,-0.9371
1254594,Omukade,"Thailand, 1941 — a handful of Japanese soldiers and their prisoners are trapped in a cursed mine. As tensions between enemies reach a breaking point, they are forced to confront a terrifying, ancient monster lurking in the shadows.",5.5,/tSwMkZs3c2xbHN6Khxsq4ELOO1w.jpg,Horror|Thriller|War,Chalit Krileadmongkon,Narilya Gulmongkolpech|James Laver|Yasaka Chaisorn|Daung|Ohmi Ryota,-0.9657
27205,Inception,"Cobb, a skilled thief who commits corporate espionage by infiltrating the subconscious of his targets is offered a chance to regain his old life as payment for a task considered to be impossible: ""inception"", the implantation of another person's idea into a target's subconscious.",8.372,/xlaY2zyzMfkhk0HSC5VUwzoZPU1.jpg,Action|Science Fiction|Adventure,Christopher Nolan,Leonardo DiCaprio|Joseph Gordon-Levitt|Ken Watanabe|Tom Hardy|Elliot Page,-0.3182
1688177,An Enemy Within,"On his wedding night, Caleb Wingate is ordered to kill his father-in-law before midnight or his bride dies. As a deadly assassin closes in and family secrets erupt, Caleb must uncover the truth before the night ends in blood.",5.786,/r7IaQDH6kbeVKxtJjH25QgSnh1U.jpg,Action|Thriller,John Michael Kennedy,William Moseley|Patrick Baladi|Kim Spearman|Alexander Lincoln|Tristan Gemmill,-0.5267
1252037,The Tank,"A German Tiger tank crew is sent on a dangerous mission to rescue the missing officer Paul von Hardenburg from a top-secret bunker behind enemy lines. As they make their way through the lethal no-man's land, they must confront not only the enemy, but also their own fears and inner demons. Fueled by the Wehrmacht's methamphetamine, their mission increasingly becomes a journey into the heart of darkness.",7.129,/65Jr1JAgWlu9em8zHhAfrNJJQBt.jpg,War|Action|Drama,Dennis Gansel,Laurence Rupp|David Schütter|Sebastian Urzendowsky|Leonard Kunz|Yoran Leicher,-0.8898
1211237,Rabb Da Radio 3,A village's unity is tested by a new highway project that sparks greed and conflict.,8.0,/uXgnaogJMjzNs2pnZkcGM1EulOa.jpg,Drama|Romance,Harry Bhatti,Tarsem Jassar|Nimrat Khaira|Ronak Joshi|Nirmal Rishi|Satwant Kaur,-0.6124
1078801,Drenched in Blood,"After his father's death, Gabriel leaves for Armação Beach in search of his origins. What he ends up finding is a complex plot around the mysterious figure of his grandfather, a whale skeleton and a city that wants to bury the past at any cost.",0.0,/7bfhnpThjeVVMfMJdxAvC2Vtm2m.jpg,Thriller,Aly Muritiba,Gabriel Leone|Thainá Duarte|Roberto Birindelli|Ivo Müller|Ricardo Blat,-0.5994
1635276,Eat Pray Bark,"In this tumultuous comedy, five eccentric dog owners seek help in dealing with their four-legged friends. Their last hope: an intensive course with the charismatic and legendary dog trainer Nodon in the Tyrolean mountains.",5.676,/kZ0ntedjG2X6hZ7upzupeUe2g5n.jpg,Comedy,Marco Petry,Alexandra Maria Lara|Rúrik Gíslason|Devid Striesow|Anna Herrmann|Doğa Gürer,0.8807
5492,Gunner,"While on a camping trip in order to reconnect, war veteran Colonel Lee Gunner must save his two sons from a gang of violent bikers when they're kidnapped after accidentally stumbling upon to a massive drug operation.",5.295,/cS2TXN1YlrCvkZmMxaevC1ZKtEz.jpg,Action|Thriller|Crime,Dimitri Logothetis,Luke Hemsworth|Morgan Freeman|Joseph Baena|Maurice P. Kerry|Mykel Shannon Jenkins,-0.7906
677558,The Last Whale Singer,"When a monstrous creature escapes from a melting iceberg, a self-doubting teenage humpback whale must face his greatest fears and dive into the darkest depths with his friends, to discover the mystical song that can save the oceans from destruction.",7.8,/yIDPrKCgiG49cULhITKxeZywISe.jpg,Adventure|Animation|Family,Reza Memari,Vincent Tong|Bruce Dinsmore|Jenna Wheeler-Hughes|Priyanka|Chimwemwe Miller,0.3182
1242501,Icefall,"A young Indigenous game warden arrests an infamous poacher only to discover that the poacher knows the location of a plane carrying millions of dollars that has crashed in a frozen lake. When a group of criminals and dirty cops are alerted to the poacher’s whereabouts, the warden and the poacher team up to fight back and escape across the treacherous lake before the ice melts.",6.319,/5Byv6nznAb2Izd0gHpODOXnuSbo.jpg,Action|Crime|Thriller,Stefan Ruzowitzky,Joel Kinnaman|Cara Jade Myers|Danny Huston|Graham Greene|Martin Sensmeier,-0.886
1329643,Second Life,"28 years ago, Liang gives birth to a boy named ""Little Bean Jelly"" in prison. When the kid turns one, the mother and son lose contact. Years later, Green Dragon Group's henchman ""Ghost"" is ambushed during a mission and becomes blind. When Liang is released from prison, she meets Ghost. One wants only to complete the assassination, while the other wants to make amends to rebuild their mother-son relationship. By an unexpected combination of circumstances, this mother and son help each other redeem themselves and return to the right path.",7.7,/ldTBSOK8czliedL8pb1FEsQ1TZQ.jpg,Action|Comedy,Chris Huo,Yuen Qiu|Philip Ng Wan-Lung|Lei Mu|Chen Zhihui|Zhou Xiaofei,-0.9382
1245119,The Yellow Tie,"The extraordinary life of Sergiu Celibidache, from his childhood in Romania to his exile in pursuit of a career in music, his struggle for survival in wartime Germany and his rise, fall and rise again, in an unimaginable life journey.",8.3,/tkCQjcvLKG5HhvVyqkNriifLgLW.jpg,Music|Drama|Adventure|History,Serge Ioan Celebidachi,Ben Schnetzer|John Malkovich|Sean Bean|Miranda Richardson|Kate Phillips,-0.3182
1083324,A Mother's Special Love,A single mother's struggle to raise a child diagnosed with autism.,6.6,/4MPZenW0I0AexBbil8das6kupIW.jpg,Comedy|Drama,John Wax,Audrey Lamy|Nicolas Chupin|Benjamin Tranié|Naidra Ayadi|Jean-Charles Clichet,-0.3182
1100099,We Live in Time,"An up-and-coming chef and a recent divorcée find their lives forever changed when a chance encounter brings them together, in a decade-spanning, deeply moving romance.",7.2,/oeDNBgnlGF6rnyX1P1K8Vl2f3lW.jpg,Romance|Drama,John Crowley,Andrew Garfield|Florence Pugh|Grace Delaney|Lee Braithwaite|Aoife Hinds,0.7076
1724967,Backrooms: Everything Must Go Edition,"A strange doorway appears in the basement of a furniture showroom.  Now including an additional 16 minutes of new, theatrically exclusive post-credit bonus footage from Kane Parsons.",0.0,/bvZ234iBOdyHJoHR9Gv8bluExdW.jpg,Mystery,Kane Parsons,,0.4939
934456,Americana,"After a rare Native American artifact falls onto the black market, a shy waitress with big dreams teams up with a lovelorn military veteran to gain possession of it, putting them in the crosshairs of a ruthless criminal working on behalf of a Western antiquities dealer.",6.216,/83Gis9pOKCvAdaKXCNChey4IZyL.jpg,Crime|Western|Comedy,Tony Tost,Sydney Sweeney|Paul Walter Hauser|Halsey|Simon Rex|Eric Dane,0.1779
1290159,A House of Dynamite,"When a single, unattributed missile is launched at the United States, a race begins to determine who is responsible and how to respond.",6.401,/AiJ8L90ftPAwVf3SDx7Fj9IMZoy.jpg,Thriller|Drama,Kathryn Bigelow,Idris Elba|Rebecca Ferguson|Gabriel Basso|Jared Harris|Tracy Letts,0.6808
1493859,Pizza Movie,"A group of college students go downstairs to their dorm lobby to get a delivery pizza. There's only one issue: They're insanely high on a homemade drug, turning their simple journey down two sets of stairs into a mind-bendingly transformative quest.",6.419,/3rovbwvxJ5eQrWrQnF1VfJoPcMD.jpg,Comedy|Adventure|Fantasy,Nick Kocher,Gaten Matarazzo|Sean Giambrone|Lulu Wilson|Jack Martin|Peyton Elizabeth Lee,0.0258
1552407,Drea & Cloe,"Two ambitious women, both orchestra conductors, meet in a gothic mansion and are instantly drawn to each other. But their attraction is complicated when they discover they’re rivals for the same prestigious job.",5.5,/aurDYcLEn1eDGWHoKn7zYdDG8GE.jpg,Thriller|Drama|Romance|Comedy,Álvaro Ortega Sanahuja,Natalia Rodríguez|Alexandra Masangkay|Mabel Rivera|Paula García Lara|Elena Lecuyer,0.7227
1648226,UFC Freedom 250: Topuria vs. Gaethje,"UFC Freedom 250: Topuria vs. Gaethje (also known as UFC White House) was a mixed martial arts event produced by the Ultimate Fighting Championship that took place on June 14, 2026, on the South Lawn of the White House in Washington, D.C., United States.  The event's name is a reference to the America 250th anniversary in the United States. A UFC Lightweight Championship title unification bout between current champion and former UFC Featherweight Champion Ilia Topuria and current two-time interim champion (also a former WSOF Lightweight Champion) Justin Gaethje headlined the event",7.5,/9bkunLw8kI13A7aPIjduoUleQ9b.jpg,Action,Anthony Giordano,Justin Gaethje|Ilia Topuria|Ciryl Gane|Alex Pereira|Sean O'Malley,0.9771
438631,Dune,"Paul Atreides, a brilliant and gifted young man born into a great destiny beyond his understanding, must travel to the most dangerous planet in the universe to ensure the future of his family and his people. As malevolent forces explode into conflict over the planet's exclusive supply of the most precious resource in existence-a commodity capable of unlocking humanity's greatest potential-only those who can conquer their fear will survive.",7.781,/gDzOcq0pfeCeqMBwKIJlSmQpjkZ.jpg,Science Fiction|Adventure,Denis Villeneuve,Timothée Chalamet|Rebecca Ferguson|Oscar Isaac|Jason Momoa|Stellan Skarsgård,0.9313
1244244,Cloud,"Ryōsuke Yoshii, an ordinary reseller, carelessly earns grudges by people and becomes entangled in a life-threatening struggle.",6.676,/bmUTHMmqiLWBo19U2y5kk2uqJbA.jpg,Action|Drama|Crime|Thriller,Kiyoshi Kurosawa,Masaki Suda|Kotone Furukawa|Daiken Okudaira|Amane Okayama|Masaaki Akahori,-0.5106
1715534,Bride Beyond,It follows a forensic doctor and a security commander investigating a ghost story linked to an old debt and a mysterious wedding.,4.0,/mCyuPFb1WGmYbmcWqrj6alst39h.jpg,Thriller|Horror,Even Wu,Wang Ziwei|Liu Junxiao|Qinniu Zhengwei|Qian Dongni|Li Long,-0.34
1056444,The Colors Within,"Totsuko is a high school student with the ability to see the 'colors' of others. Colors of bliss, excitement, and serenity, plus a color she treasures as her favorite. Kimi, a classmate at her school, gives off the most beautiful color of all. Although she doesn't play an instrument, Totsuko forms a band with Kimi and Rui, a quiet music enthusiast they meet at a used bookstore in a far corner of town. As they practice at an old church on a remote island, music brings them together, forming friendships and stirring affections.",6.679,/gOWDvzglcQZOQPqGfVF6hfOhMNT.jpg,Animation|Drama|Music,Naoko Yamada,Sayu Suzukawa|Akari Takaishi|Taisei Kido|Yui Aragaki|Aoi Yuuki,0.9743
1715914,Wham! 10 Days in China,"In 1985, Wham! were the first Western pop group to perform in communist China. George Michael and Andrew Ridgeley’s two concerts in Beijing and Guangzhou introduced live Western pop to Chinese audiences and marked a turning point for the band. For Wham!, the tour was more than music; it was a bold move to capture American attention and launch them into global superstardom, and it worked.",0.0,/fx8ErQNNf1YlvYJAOhwKM4NS3NN.jpg,Music|Documentary,Mike Christie,George Michael|Andrew Ridgeley,0.4912
1457138,1780,"A wounded Revolutionary War soldier takes shelter with a Pennsylvania trapper and his son. As British troops approach, they face choices about loyalty and survival in the wilderness.",0.0,/39BT9UsW9a0KQCdmAtOyW2u2iyA.jpg,Action|Thriller|History|War|Drama,Dustin Fairbanks,Kevin Spacey|DJ Qualls|R. Keith Harris|Kirsten Kendall|PJ Marshall,-0.1027
1381273,Paper Tiger,"Two brothers chase the American dream, but soon find themselves in the brutal world of violence and corruption of the Russian mafia.",0.0,/9txURTPuB1W85km06SAnrFcOCFF.jpg,Crime|Drama|Thriller,James Gray,Adam Driver|Scarlett Johansson|Miles Teller|Gavin Goudey|Roman Engel,-0.9153
1715492,Shipwrecked: Nightmare at Sea,"Never-before-seen footage and survivor accounts trace the 2012 shipwreck of a luxury cruise and the disaster that ensued, in this immersive documentary.",0.0,/fajvS5shOnQFiSTyyzcEBPZPoQ3.jpg,Documentary,Unknown,,-0.3818
1659155,The Truthers,"After her mother's sudden death, Ruth returns to her hometown and reunites with her father, whose odd behavior makes her question what really happened.",0.0,/ltuAheARdaUHbaS8lX1ZPrNOXe5.jpg,Thriller,Roger Gual,Jose Coronado|Stéphanie Magnin|Fanny Gautier|Alberto Olmo|Israel Ruiz,-0.7351
1002398,Virgin,"Iris, an 18-year old virgin marries Joaquin, a rich widower, because of money. However, when he learns that Iris is not really a virgin, their honeymoon turns to a bloodbath.",6.519,/iVS3ZiPsKy8Hhc5Dipqgrjmoj2b.jpg,Drama|Romance,Christopher Novabos,Dyessa Garcia|Arnold Reyes|Anthony Dabao|Allan Paule|Tanya Gomez,0.5574
1592032,Furious Attack,"A former special forces soldier infiltrates northern Myanmar to rescue his missing daughter, fighting against scam gangs and organ traffickers in a final showdown with the crime boss.",5.7,/hjGJ9vWT9taYxxSziFAA1ZZVODx.jpg,Action|Crime|Thriller,Huang Yi,Andy On Chi-Kit|Philip Ng Wan-Lung|Justin Cheung Kin-Sing|Eason Hung Chun-Ga|Charlene Houghton,-0.7096
1398411,Revolver Rinko,"A group of youngsters residing in a rural village, their imaginations ignited by the desire to craft a superhero saga.",0.0,/wVRfL0cfDOnOqJPRtiBVRyav5N0.jpg,Family|Drama,Kiran Narayanan,Vishnu Unnikrishnan|Lalu Alex|Saju Navodaya|Binu Thrikkakkara|V. T. Vijilesh,0.4019
1549620,Personhood,"In a near-future world, a lonely, physically challenged man purchases a companion robot to escape his isolation, but his own insecurities and a jealous brother threaten his chances of ever finding love.",6.9,/45pBGAUDZmF5RFlCYAnhvkmDLFi.jpg,Science Fiction|Romance|Drama,Richard Jordan,Elliot Harris|Agathe Levi|Alan Emrys|Ryan Lee Scott|Henry Berry,-0.6757
1705581,Christine Bermas: All The Way,"Get to know the woman behind the daring roles as Christine Bermas opens up beyond the camera. From her dating style to behind-the-scenes stories and personal experiences in her most talked about films, this special reveals a more honest and intimate side of the actress.",6.5,/2Rj5gUHAvkNJgffpTXEicWzAvCI.jpg,Documentary,Rodante Pajemna Jr.,Christine Bermas,0.8488
1381071,Godzilla Minus Zero,"In 1949, two years after the tumultuous events of Godzilla Minus One, the Shikishima family face an all-new calamity.",0.0,/zOeAduPBa1NZyX9TCcWXVpnHy3T.jpg,Science Fiction|Horror|Action,Takashi Yamazaki,Ryunosuke Kamiki|Minami Hamabe|Yuki Yamada|Munetaka Aoki|Hidetaka Yoshioka,0.0
1433117,Kara,"A thief tries to go straight, but when predatory banks trap his father in debt, he returns to crime — with a determined cop closing in on his trail.",6.043,/uIrFdMWlJFdc1jPBP9bxeaISCDj.jpg,Crime|Drama|Thriller|Action,Vignesh Raja,Dhanush|Mamitha Baiju|K. S. Ravikumar|Suraj Venjaramoodu|Karunas,-0.8625
1131087,The Deb,"Taylah Simpkins, a rural teenage outcast aims to redefine herself at her town's Debutante Ball. When her cynical city cousin, Maeve, is sent to stay with her, they clash before teaming up to disrupt the status quo, finding self-acceptance and dates in the process.",6.0,/sTzOGapkQmp3IpgkSXrKStu0fGa.jpg,Music|Comedy,Rebel Wilson,Natalie Abbott|Charlotte MacInnes|Shane Jacobson|Rebel Wilson|Stevie Jean,-0.3818
1710107,Diary of Evil Deeds,"A day laborer and a young part-timer become swept into a vortex of massive crime and revenge after accidentally discovering money. Money becomes not a means of survival, but a 'button' that tests humanity. A realistic black comedy where laughter and despair intersect.",0.0,/1CZF1zbRgtmxWCuiBt6wZ2bUOEQ.jpg,Comedy|Thriller|Crime,Yu Yoeng-shin,Sin Gyeong-ju|Park Ji-in,0.1154
1381071,Godzilla Minus Zero,"In 1949, two years after the tumultuous events of Godzilla Minus One, the Shikishima family face an all-new calamity.",0.0,/zOeAduPBa1NZyX9TCcWXVpnHy3T.jpg,Science Fiction|Horror|Action,Takashi Yamazaki,Ryunosuke Kamiki|Minami Hamabe|Yuki Yamada|Munetaka Aoki|Hidetaka Yoshioka,0.0
1433117,Kara,"A thief tries to go straight, but when predatory banks trap his father in debt, he returns to crime — with a determined cop closing in on his trail.",6.043,/uIrFdMWlJFdc1jPBP9bxeaISCDj.jpg,Crime|Drama|Thriller|Action,Vignesh Raja,Dhanush|Mamitha Baiju|K. S. Ravikumar|Suraj Venjaramoodu|Karunas,-0.8625
1131087,The Deb,"Taylah Simpkins, a rural teenage outcast aims to redefine herself at her town's Debutante Ball. When her cynical city cousin, Maeve, is sent to stay with her, they clash before teaming up to disrupt the status quo, finding self-acceptance and dates in the process.",6.0,/sTzOGapkQmp3IpgkSXrKStu0fGa.jpg,Music|Comedy,Rebel Wilson,Natalie Abbott|Charlotte MacInnes|Shane Jacobson|Rebel Wilson|Stevie Jean,-0.3818
1710107,Diary of Evil Deeds,"A day laborer and a young part-timer become swept into a vortex of massive crime and revenge after accidentally discovering money. Money becomes not a means of survival, but a 'button' that tests humanity. A realistic black comedy where laughter and despair intersect.",0.0,/1CZF1zbRgtmxWCuiBt6wZ2bUOEQ.jpg,Comedy|Thriller|Crime,Yu Yoeng-shin,Sin Gyeong-ju|Park Ji-in,0.1154
1500536,Dead to Rights,"During the 1937 Nanjing Massacre, a postman poses as a photo developer, helping Japanese forces while secretly sheltering Chinese refugees. He later risks his life evacuating them and revealing evidence of the atrocities.",8.0,/rx9xTly73NssFHPg9gKrX9tJdDI.jpg,Drama|War|History,Shen Ao,Liu Haoran|Wang Chuanjun|Gao Ye|Wang Xiao|Zhou You,0.0258
840873,A Magnificent Life,"In 1955, 60-year-old Marcel Pagnol is a well-known and acclaimed playwright and filmmaker. When the editor-in-chief of ELLE magazine commissions a weekly column about Pagnol's childhood, he sees this as a great opportunity to go back to his artistic roots: writing. Realizing his memory is failing him and deeply affected by the disappointing results of his last two plays, Pagnol starts doubting his ability to pursue his work. That is until Little Marcel - the young boy he used to be - appears to him as if by magic. Together, they will explore Marcel Pagnol's incredible life and bring back to life his most cherished encounters and memories...",7.333,/mnYryuWqCGPBggGDNHeY6dI6AWQ.jpg,Animation|History|Drama,Sylvain Chomet,Laurent Lafitte|Géraldine Pailhas|Thierry Garcia|Olivia Gotanègre|Sophie Maréchal,0.6124
1640162,Wrong aim,"Hee-young witnesses her girlfriend Soon-ju being assaulted by Bo-hyun, a shooting coach, and plans to hurt his wife, A-young, in order to take revenge.",5.0,/fbn6V0zmvhnC2VFMU9lnQzAxXoz.jpg,Romance,Kang Sung-jun,Geum Bin,-0.8807
1002158,Vultures,"Samuel, a journalist, and Ava, his intern and daughter, cover the murder of a young girl for their magazine. Through their investigation, they discover disturbing similarities with the murder of another woman.",6.5,/wXkKQ6OZFsistB2cn8KDOaCuTfY.jpg,Thriller|Mystery,Peter Dourountzis,Sami Bouajila|Mallory Wanecque|Jean-Pierre Darroussin|Valérie Donzelli|Stefan Crepon,-0.9287
1477170,LOL 2.0: Anne’s Golden Hour,"At 55, Anne is finally enjoying her freedom after her children leave home. But everything changes when her 23-year-old daughter, Louise, moves back in with her after a professional and romantic failure. And to make matters worse, her son, Théo, announces that she's going to be a grandmother! Anne realizes that life never goes as planned and that, at any age, we are still learning to grow up.",6.1,/55VoehmjCk0K90Hy8uaGnc6UEjN.jpg,Comedy,Lisa Azuelos,Sophie Marceau|Thaïs Alessandrin|Vincent Elbaz|Alexandre Astier|Françoise Fabian,-0.3595
1410937,Balan - The Boy,"A teenage boy searches for his missing mother following a turbulent childhood and her subsequent disappearance, exploring his search for closure and the truth about his past.",7.0,/boKxdR9tgXfkazf6yWgiDdleBy0.jpg,Drama,Chidambaram,Adhisheshan K R|Muhammed Zinaan|Farzana Palathingal|Tovino Thomas|Lal Jr.,0.0258
1667685,Phi Phong: The Blood Demon,"Phí Phông—a bloodthirsty demon from the mountain folk legends that has haunted generations. The film follows Còn (Kiều Minh Tuấn) and Dương (Minh Anh), two apprentice shamans who journey into the mountains to save their mother, who has fallen under the Phí Phông curse. At the same time, a series of gruesome deaths begin to plague a remote village, casting suspicion on Mon (Diệp Bảo Ngọc) and her daughter Lua (Nina Nutthacha), who exhibit traits eerily similar to the demon. Yet, buried deep within the cursed forest lie shocking secrets, drawing Còn and Dương into an endless hunt for the true face of Phí Phông.",7.5,/1c5XWuA9ETEUZcMAF1ngk0kBNEh.jpg,Horror|Mystery,Đỗ Quốc Trung,Kiều Minh Tuấn|Nutthacha Padovan|Diệp Bảo Ngọc|Trần Gia Huy|Minh Anh,-0.8126
1215638,Checkered Ninja 3,"In this 3rd installment Alex’s interest for Ninja missions is starting to vanish. He’ll rather spend his time with his friends and Checkered Ninja feels he is overlooked and is eager to engage in a new mission. The result of this is that Alex, by accident, ends up having a conflict with Marco, the bad boy boyfriend of Jessica, entangling him in a conflict he hasn’t asked for and he is pressured by Checkered Ninja to defend himself.",7.2,/sGUesG39H2LWZ6lUTwZXOqUHsxI.jpg,Animation|Action|Comedy,Thorbjørn Christoffersen,Anders Matthesen|Flora Ofelia Hofmann Lindahl|Louis Næss-Schmidt|Emma Sehested Høeg,-0.296
1213898,Border 2,"Three idealistic soldiers in the Indian army, navy and air force face grueling combat conditions in this film set during the 1971 Indo-Pak war.",7.111,/AmrCgmDPEJ6QxllS1rhjYwgO9Wb.jpg,Action|Drama|War,Anurag Singh,Sunny Deol|Varun Dhawan|Diljit Dosanjh|Ahan Shetty|Mona Singh,-0.5423
1715134,The Summoning,,0.0,/tOvfl7gh0ILYkgAETdMZkWUDRQf.jpg,Horror,Unknown,,0.0
10193,Toy Story 3,"Woody, Buzz, and the rest of Andy's toys haven't been played with in years. With Andy about to go to college, the gang find themselves accidentally left at a nefarious day care center. The toys must band together to escape and return home to Andy.",7.811,/AbbXspMOwdvwWZgVN0nabZq03Ec.jpg,Animation|Family|Comedy,Lee Unkrich,Tom Hanks|Tim Allen|Joan Cusack|Don Rickles|Wallace Shawn,0.119
1587195,Forgiveness Girl,"A little girl with cerebral palsy is relentlessly bullied throughout her life, yet finds it in her heart to forgive by seeking strength from a higher source above.",8.6,/3d5BPSr0TxLNJAvPsV0lXZiA0dZ.jpg,Family|Drama,Rob Diamond,Scarlett Diamond|Mia Hansen|Walter Platz|Melinda Yeaman|Ryann Bailey,0.0516
1388874,Boss Ma'am,"V.A.D. and Charm try to outplay each other in a game of deceit. When a terror female boss was blackmailed by her assistant, she has no choice but to obey and play with her.",6.5,/i2dtlAOk8OEFW8yM82h4Bp0BCUU.jpg,Drama,Iar Arondaing,Jenn Rosa|Vern Kaye|Aerol Carmelo,0.0387
211672,Minions,"Minions Stuart, Kevin and Bob are recruited by Scarlet Overkill, a super-villain who, alongside her inventor husband Herb, hatches a plot to take over the world.",6.42,/dr02BdCNAUPVU07aOodwPYv6HCf.jpg,Family|Animation|Adventure|Comedy,Kyle Balda,Sandra Bullock|Jon Hamm|Michael Keaton|Allison Janney|Steve Coogan,0.0
1286491,Jimpa,"Hannah and her non-binary teenager Frances visit her gay grandfather Jimpa in Amsterdam. Frances expresses a desire to stay with their grandfather for a year, challenging Hannah's parenting beliefs and forcing her to confront past issues.",8.5,/giSERsYBGUcfj9ctB0h9d5ympo8.jpg,Drama,Sophie Hyde,Olivia Colman|Aud Mason-Hyde|John Lithgow|Daniel Henshall|Kate Box,0.3818
277834,Moana,"In Ancient Polynesia, when a terrible curse incurred by Maui reaches an impetuous Chieftain's daughter's island, she answers the Ocean's call to seek out the demigod to set things right.",7.566,/9tzN8sPbyod2dsa0lwuvrwBDWra.jpg,Adventure|Comedy|Family|Animation,John Musker,Auliʻi Cravalho|Dwayne Johnson|Rachel House|Temuera Morrison|Jemaine Clement,-0.7506
1610413,One Last Adventure: The Making of Stranger Things 5,An inside look at the years of effort and craft that went into the final installment of the Duffer Brothers' generation-defining series.,7.3,/iX3ccl1TUNZgu4cNUm1pRLcevww.jpg,Documentary,Martina Radwan,Ross Duffer|Matt Duffer|Paul Dichter|Kate Trefry|Caitlin Schneiderhan,0.0
1339219,Bleeding,"In a world where vampire blood is harvested as a drug, two desperate teenagers on the run from a vicious dealer break into an empty house and find a sleeping girl locked inside.",5.0,/ocwgPFon9delGUEEzhl2pIqY3Ju.jpg,Horror|Thriller|Drama,Andrew Bell,Jay Dunn|John R. Howley|Jasper Jones|Josh Krol|Lucas Toll Luchsinger,-0.6808
1484913,Ikka,"With a loved one's life at stake, a celebrated lawyer must defend a man he suspects is guilty — battling his conscience every step of the way.",0.0,/y35NPzuvfIbPQyhwnV4dBTqS76h.jpg,Drama|Thriller,Siddharth P. Malhotra,Sunny Deol|Akshaye Khanna|Tillotama Shome|Dia Mirza|Sanjeeda Sheikh,0.3182
1275574,O'Romeo,"What fate awaits a stonehearted gangster and bloodthirsty womaniser when true love claims him, helpless and unguarded? A gang war that shakes the entire underworld and crime syndicate to their very roots. A forbidden love; the tale of an unrequited passion.",5.643,/aTnIGrfVv03FIDsNDuabNsp9yFM.jpg,Romance|Action|Drama,Vishal Bhardwaj,Shahid Kapoor|Triptii Dimri|Avinash Tiwary|Nana Patekar|Hussain Dalal,0.2551
1005331,Carry-On,An airport security officer races to outsmart a mysterious traveler forcing him to let a dangerous item slip onto a Christmas Eve flight.,6.882,/sjMN7DRi4sGiledsmllEw5HJjPy.jpg,Thriller|Action,Jaume Collet-Serra,Taron Egerton|Jason Bateman|Sofia Carson|Danielle Deadwyler|Theo Rossi,-0.1779
1272149,Bridget Jones: Mad About the Boy,"Bridget Jones navigates life as a widow and single mum with the help of her family, friends, and former lover, Daniel. Back to work and on the apps, she's pursued by a younger man and maybe – just maybe – her son's science teacher.",6.4,/e5VR3nhLYG60znxaqU84wv4VSCb.jpg,Romance|Comedy|Drama,Michael Morris,Renée Zellweger|Chiwetel Ejiofor|Leo Woodall|Hugh Grant|Jim Broadbent,0.8625
730251,Happyend,"In a near-future Japanese city bracing for a devastating earthquake, a group of teenage friends navigate personal struggles and fractured bonds amid rising tension.",6.8,/fRN6U0srlhNe0B69dJZ0seuv4GZ.jpg,Drama|Science Fiction,Neo Sora,Hayato Kurihara|Yukito Hidaka|Yuta Hayashi|Shina Peng|ARAZI,-0.7184
1290159,A House of Dynamite,"When a single, unattributed missile is launched at the United States, a race begins to determine who is responsible and how to respond.",6.401,/AiJ8L90ftPAwVf3SDx7Fj9IMZoy.jpg,Thriller|Drama,Kathryn Bigelow,Idris Elba|Rebecca Ferguson|Gabriel Basso|Jared Harris|Tracy Letts,0.6808
1639398,Mexican Psycho,"Follows an ""ultra-violent and intelligent"" psychopath who challenges the police by leaving a white paper rabbit at each crime scene, connecting them all.",7.095,/7tIgfsTWuzXKR2kLRUPrLRTbcuo.jpg,Thriller|Horror,J. Xavier Velasco,Adriana Llabrés|Hoze Meléndez|Andrés Almeida|Horacio García Rojas|Ruth Ramos,-0.0516
1516724,Good Vibes Only,Based on the true story of a married couple who invented a groundbreaking sex toy heralded as forever changing the way women experience pleasure.,6.194,/12HNBcAUI8IdRlXfOuhWGqrTqpx.jpg,Comedy,Reem Kherici,Alexandra Lamy|François Cluzet|Mitty Hazanavicius|Delphine Baril|François-Xavier Demaison,0.7579
1720953,摇滚老男孩,,0.0,/7usg45GvLK5RE3fXgEsvbVa44vo.jpg,Drama,Unknown,张晓林,0.0
1079091,It Ends with Us,"When a woman's first love suddenly reenters her life, her relationship with a charming, but abusive neurosurgeon is upended, and she realizes she must learn to rely on her own strength to make an impossible choice for her future.",6.953,/AjV6jFJ2YFIluYo4GQf13AA1tqu.jpg,Drama|Romance,Justin Baldoni,Blake Lively|Justin Baldoni|Jenny Slate|Brandon Sklenar|Hasan Minhaj,0.3612
1432596,Palestine 36,"Year 1936. As villages across Palestine rise against British colonial rule, Yusuf drifts between his rural home and the restless energy of Jerusalem, longing for a future beyond the growing unrest. But history is relentless. With rising numbers of Jewish immigrants escaping antisemitism in Europe and some arriving with nefarious Zionist-colonial ambitions, and the Palestinian population uniting in the largest and longest uprising against Britain’s 30-year dominion, all sides spiral towards inevitable collision in a decisive moment for the British Empire and the future of the entire region.",7.8,/ajeiriNRFPLESjGZ0vdp4MVardZ.jpg,Drama|History|War,Annemarie Jacir,Karim Daoud Anaya|Hiam Abbass|Robert Aramayo|Yasmine Al Massri|Billy Howle,0.0
1645214,Ligo,"Step into VMX’s hottest bathing scenes—where steam reveals more than skin, and desire becomes confession. Directed by cult filmmaker Roman Perez, Jr. and hosted by the stunning Ayanna Misola, this is seduction stripped to its rawest emotion.",5.0,/nbDDrXEIZ87aymT4cvOvnLOqQrg.jpg,Documentary,Roman Perez Jr.,Ayanna Misola,0.6486
429617,Spider-Man: Far From Home,"Peter Parker and his friends go on a summer trip to Europe. However, they will hardly be able to rest - Peter will have to agree to help Nick Fury uncover the mystery of creatures that cause natural disasters and destruction throughout the continent.",7.395,/4q2NNj4S5dG2RLF9CpXsej7yXl.jpg,Action|Adventure|Science Fiction,Jon Watts,Tom Holland|Jake Gyllenhaal|Samuel L. Jackson|Marisa Tomei|Jon Favreau,-0.296
1182861,Romería,"With her mother's diary in hand, Marina's search for official documents for university leads her to her biological family on the Atlantic coast. What starts as an administrative quest reveals long-buried family secrets.",6.529,/6Wo9z9dvy0ns1Q84OLEHXemRpeh.jpg,Drama,Carla Simón,Llúcia Garcia|Mitch|Tristán Ulloa|Celine Tyll|León Romagosa,0.4939
1551205,Viaje al país de los blancos,,0.0,/uZ1tAm4SvUgTB0xJt1JcPWlnqT4.jpg,Drama,Dani Sancho,Ousman Umar|Emma Vilarasau|Benjamin Adams|Jordi Bosch|Victor Sey,0.0
1589713,Dance of the Damned,"Darso, a clown busker, lost his wife and unborn child to thug violence. In grief, he brought his wife's body back to his village. However, the village is in chaos due to a conflict with an evil developer and a curse ritual that summons dark forces. Darso is also caught up in the evil forces connected to the person he loves most.",8.0,/ibV4WkA98M9MjdwnEUFvimt3Fvg.jpg,Action|Drama|Horror|Fantasy|Thriller,Charles Gozali,Marthino Lio|Clara Bernadeth|Derby Romero|Dayinta Melira|Khiva Rayanka,-0.9756
1205656,Hallow Road,Two parents enter a race against time when they receive a distressing late-night phone call from their daughter after she caused a tragic car accident.,6.117,/dVsgV7ak6vR5xyXFggooJQinXBg.jpg,Mystery|Thriller|Horror,Babak Anvari,Rosamund Pike|Matthew Rhys|Megan McDonnell|Tadhg Murphy|Stephen Jones,-0.8316
1330421,Bone Lake,"A couple’s romantic vacation at a secluded lakeside estate is upended when they are forced to share the mansion with a mysterious and attractive couple. In this darkly hilarious and seductive horror story, a dream getaway spirals into a nightmarish maze of sex, lies, and manipulation, bringing terrifying secrets to light and triggering a bloody battle for survival.",5.9,/sGo5ti82LlydAZrvcsaj31iPuEI.jpg,Horror|Mystery|Thriller,Mercedes Bryce Morgan,Alex Roe|Maddie Hasson|Marco Pigossi|Andra Nechita|Clayton Spencer,-0.8555
